2026-03-15 03:20:19 - __main__ - INFO - Logging to file: C:\Users\Umar\Downloads\office\azure-ai-caller-main\azure-ai-caller-main\logs\app_20260315.log
2026-03-15 03:20:25 - __mp_main__ - INFO - Logging to file: C:\Users\Umar\Downloads\office\azure-ai-caller-main\azure-ai-caller-main\logs\app_20260315.log
2026-03-15 03:20:25 - app - INFO - Logging to file: C:\Users\Umar\Downloads\office\azure-ai-caller-main\azure-ai-caller-main\logs\app_20260315.log
2026-03-15 03:20:25 - app - INFO - Initializing Azure Storage Logger and Session Manager...
2026-03-15 03:20:25 - app - INFO - Services initialized successfully!
2026-03-15 03:20:25 - watchfiles.main - INFO - 1 change detected
2026-03-15 03:20:25 - watchfiles.main - INFO - 1 change detected
2026-03-15 03:20:26 - watchfiles.main - INFO - 1 change detected
2026-03-15 03:20:26 - watchfiles.main - INFO - 1 change detected
2026-03-15 03:20:27 - watchfiles.main - INFO - 1 change detected
2026-03-15 03:20:27 - watchfiles.main - INFO - 1 change detected
2026-03-15 03:20:27 - watchfiles.main - INFO - 1 change detected
2026-03-15 03:20:28 - watchfiles.main - INFO - 1 change detected
2026-03-15 03:20:28 - watchfiles.main - INFO - 1 change detected
2026-03-15 03:20:29 - watchfiles.main - INFO - 1 change detected
2026-03-15 03:20:29 - watchfiles.main - INFO - 1 change detected
2026-03-15 03:20:29 - watchfiles.main - INFO - 1 change detected
2026-03-15 03:20:30 - watchfiles.main - INFO - 1 change detected
2026-03-15 03:20:30 - watchfiles.main - INFO - 1 change detected
2026-03-15 03:20:30 - watchfiles.main - INFO - 1 change detected
2026-03-15 03:20:31 - watchfiles.main - INFO - 1 change detected
2026-03-15 03:20:31 - watchfiles.main - INFO - 1 change detected
2026-03-15 03:20:31 - watchfiles.main - INFO - 1 change detected
2026-03-15 03:20:32 - watchfiles.main - INFO - 1 change detected
2026-03-15 03:20:32 - watchfiles.main - INFO - 1 change detected
2026-03-15 03:20:33 - watchfiles.main - INFO - 1 change detected
2026-03-15 03:20:33 - watchfiles.main - INFO - 1 change detected
2026-03-15 03:20:33 - watchfiles.main - INFO - 1 change detected
2026-03-15 03:20:34 - watchfiles.main - INFO - 1 change detected
2026-03-15 03:20:34 - watchfiles.main - INFO - 1 change detected
2026-03-15 03:20:35 - watchfiles.main - INFO - 1 change detected
2026-03-15 03:20:35 - watchfiles.main - INFO - 1 change detected
2026-03-15 03:20:35 - watchfiles.main - INFO - 1 change detected
2026-03-15 03:20:36 - watchfiles.main - INFO - 1 change detected
2026-03-15 03:20:36 - watchfiles.main - INFO - 1 change detected
2026-03-15 03:20:36 - watchfiles.main - INFO - 1 change detected
2026-03-15 03:20:37 - watchfiles.main - INFO - 1 change detected
2026-03-15 03:20:37 - watchfiles.main - INFO - 1 change detected
2026-03-15 03:20:37 - watchfiles.main - INFO - 1 change detected
2026-03-15 03:20:38 - watchfiles.main - INFO - 1 change detected
2026-03-15 03:20:38 - watchfiles.main - INFO - 1 change detected
2026-03-15 03:20:39 - watchfiles.main - INFO - 1 change detected
2026-03-15 03:20:39 - watchfiles.main - INFO - 1 change detected
2026-03-15 03:20:40 - watchfiles.main - INFO - 1 change detected
2026-03-15 03:20:40 - watchfiles.main - INFO - 1 change detected
2026-03-15 03:20:41 - watchfiles.main - INFO - 1 change detected
2026-03-15 03:20:41 - watchfiles.main - INFO - 1 change detected
2026-03-15 03:20:41 - watchfiles.main - INFO - 1 change detected
2026-03-15 03:20:42 - watchfiles.main - INFO - 1 change detected
2026-03-15 03:20:42 - watchfiles.main - INFO - 1 change detected
2026-03-15 03:20:43 - watchfiles.main - INFO - 1 change detected
2026-03-15 03:20:43 - watchfiles.main - INFO - 1 change detected
2026-03-15 03:20:44 - watchfiles.main - INFO - 1 change detected
2026-03-15 03:20:44 - watchfiles.main - INFO - 1 change detected
2026-03-15 03:20:44 - watchfiles.main - INFO - 1 change detected
2026-03-15 03:20:45 - watchfiles.main - INFO - 1 change detected
2026-03-15 03:20:45 - watchfiles.main - INFO - 1 change detected
2026-03-15 03:20:46 - watchfiles.main - INFO - 1 change detected
2026-03-15 03:20:46 - watchfiles.main - INFO - 1 change detected
2026-03-15 03:20:47 - watchfiles.main - INFO - 1 change detected
2026-03-15 03:20:47 - watchfiles.main - INFO - 1 change detected
2026-03-15 03:20:47 - watchfiles.main - INFO - 1 change detected
2026-03-15 03:20:48 - watchfiles.main - INFO - 1 change detected
2026-03-15 03:20:48 - watchfiles.main - INFO - 1 change detected
2026-03-15 03:20:48 - watchfiles.main - INFO - 1 change detected
2026-03-15 03:20:49 - watchfiles.main - INFO - 1 change detected
2026-03-15 03:20:49 - watchfiles.main - INFO - 1 change detected
2026-03-15 03:20:49 - watchfiles.main - INFO - 1 change detected
2026-03-15 03:20:50 - watchfiles.main - INFO - 1 change detected
2026-03-15 03:20:50 - watchfiles.main - INFO - 1 change detected
2026-03-15 03:20:51 - watchfiles.main - INFO - 1 change detected
2026-03-15 03:20:51 - watchfiles.main - INFO - 1 change detected
2026-03-15 03:20:51 - watchfiles.main - INFO - 1 change detected
2026-03-15 03:20:52 - watchfiles.main - INFO - 1 change detected
2026-03-15 03:20:52 - watchfiles.main - INFO - 1 change detected
2026-03-15 03:20:53 - watchfiles.main - INFO - 1 change detected
2026-03-15 03:20:53 - watchfiles.main - INFO - 1 change detected
2026-03-15 03:20:53 - watchfiles.main - INFO - 1 change detected
2026-03-15 03:20:54 - watchfiles.main - INFO - 1 change detected
2026-03-15 03:20:54 - watchfiles.main - INFO - 1 change detected
2026-03-15 03:20:54 - watchfiles.main - INFO - 1 change detected
2026-03-15 03:20:55 - watchfiles.main - INFO - 1 change detected
2026-03-15 03:20:55 - watchfiles.main - INFO - 1 change detected
2026-03-15 03:20:56 - watchfiles.main - INFO - 1 change detected
2026-03-15 03:20:56 - watchfiles.main - INFO - 1 change detected
2026-03-15 03:20:56 - watchfiles.main - INFO - 1 change detected
2026-03-15 03:20:57 - watchfiles.main - INFO - 1 change detected
2026-03-15 03:20:57 - watchfiles.main - INFO - 1 change detected
2026-03-15 03:20:57 - watchfiles.main - INFO - 1 change detected
2026-03-15 03:20:58 - watchfiles.main - INFO - 1 change detected
2026-03-15 03:20:58 - watchfiles.main - INFO - 1 change detected
2026-03-15 03:20:58 - watchfiles.main - INFO - 1 change detected
2026-03-15 03:20:59 - watchfiles.main - INFO - 1 change detected
2026-03-15 03:20:59 - watchfiles.main - INFO - 1 change detected
2026-03-15 03:21:00 - watchfiles.main - INFO - 1 change detected
2026-03-15 03:21:00 - watchfiles.main - INFO - 1 change detected
2026-03-15 03:21:00 - watchfiles.main - INFO - 1 change detected
2026-03-15 03:21:01 - watchfiles.main - INFO - 1 change detected
2026-03-15 03:21:01 - watchfiles.main - INFO - 1 change detected
2026-03-15 03:21:01 - watchfiles.main - INFO - 1 change detected
2026-03-15 03:21:02 - watchfiles.main - INFO - 1 change detected
2026-03-15 03:21:02 - watchfiles.main - INFO - 1 change detected
2026-03-15 03:21:02 - watchfiles.main - INFO - 1 change detected
2026-03-15 03:21:03 - watchfiles.main - INFO - 1 change detected
2026-03-15 03:21:03 - watchfiles.main - INFO - 1 change detected
2026-03-15 03:21:03 - watchfiles.main - INFO - 1 change detected
2026-03-15 03:21:04 - watchfiles.main - INFO - 1 change detected
2026-03-15 03:21:04 - watchfiles.main - INFO - 1 change detected
2026-03-15 03:21:05 - watchfiles.main - INFO - 1 change detected
2026-03-15 03:21:05 - watchfiles.main - INFO - 1 change detected
2026-03-15 03:21:05 - watchfiles.main - INFO - 1 change detected
2026-03-15 03:21:06 - watchfiles.main - INFO - 1 change detected
2026-03-15 03:21:06 - watchfiles.main - INFO - 1 change detected
2026-03-15 03:21:06 - watchfiles.main - INFO - 1 change detected
2026-03-15 03:21:07 - watchfiles.main - INFO - 1 change detected
2026-03-15 03:21:07 - watchfiles.main - INFO - 1 change detected
2026-03-15 03:21:08 - watchfiles.main - INFO - 1 change detected
2026-03-15 03:21:08 - watchfiles.main - INFO - 1 change detected
2026-03-15 03:21:08 - watchfiles.main - INFO - 1 change detected
2026-03-15 03:21:09 - watchfiles.main - INFO - 1 change detected
2026-03-15 03:21:09 - watchfiles.main - INFO - 1 change detected
2026-03-15 03:21:09 - watchfiles.main - INFO - 1 change detected
2026-03-15 03:21:10 - watchfiles.main - INFO - 1 change detected
2026-03-15 03:21:10 - watchfiles.main - INFO - 1 change detected
2026-03-15 03:21:11 - watchfiles.main - INFO - 1 change detected
2026-03-15 03:21:11 - watchfiles.main - INFO - 1 change detected
2026-03-15 03:21:11 - watchfiles.main - INFO - 1 change detected
2026-03-15 03:21:12 - watchfiles.main - INFO - 1 change detected
2026-03-15 03:21:12 - watchfiles.main - INFO - 1 change detected
2026-03-15 03:21:12 - watchfiles.main - INFO - 1 change detected
2026-03-15 03:21:13 - watchfiles.main - INFO - 1 change detected
2026-03-15 03:21:13 - watchfiles.main - INFO - 1 change detected
2026-03-15 03:21:13 - watchfiles.main - INFO - 1 change detected
2026-03-15 03:21:14 - watchfiles.main - INFO - 1 change detected
2026-03-15 03:21:14 - watchfiles.main - INFO - 1 change detected
2026-03-15 03:21:14 - watchfiles.main - INFO - 1 change detected
2026-03-15 03:21:15 - watchfiles.main - INFO - 1 change detected
2026-03-15 03:21:15 - watchfiles.main - INFO - 1 change detected
2026-03-15 03:21:16 - watchfiles.main - INFO - 1 change detected
2026-03-15 03:21:16 - watchfiles.main - INFO - 1 change detected
2026-03-15 03:21:16 - watchfiles.main - INFO - 1 change detected
2026-03-15 03:21:17 - watchfiles.main - INFO - 1 change detected
2026-03-15 03:21:17 - watchfiles.main - INFO - 1 change detected
2026-03-15 03:21:18 - watchfiles.main - INFO - 1 change detected
2026-03-15 03:21:18 - watchfiles.main - INFO - 1 change detected
2026-03-15 03:21:18 - watchfiles.main - INFO - 1 change detected
2026-03-15 03:21:19 - watchfiles.main - INFO - 1 change detected
2026-03-15 03:21:19 - watchfiles.main - INFO - 1 change detected
2026-03-15 03:21:19 - watchfiles.main - INFO - 1 change detected
2026-03-15 03:21:20 - watchfiles.main - INFO - 1 change detected
2026-03-15 03:21:20 - watchfiles.main - INFO - 1 change detected
2026-03-15 03:21:20 - watchfiles.main - INFO - 1 change detected
2026-03-15 03:21:21 - watchfiles.main - INFO - 1 change detected
2026-03-15 03:21:21 - watchfiles.main - INFO - 1 change detected
2026-03-15 03:21:22 - watchfiles.main - INFO - 1 change detected
2026-03-15 03:21:22 - watchfiles.main - INFO - 1 change detected
2026-03-15 03:21:22 - watchfiles.main - INFO - 1 change detected
2026-03-15 03:21:23 - watchfiles.main - INFO - 1 change detected
2026-03-15 03:21:23 - watchfiles.main - INFO - 1 change detected
2026-03-15 03:21:23 - watchfiles.main - INFO - 1 change detected
2026-03-15 03:21:24 - watchfiles.main - INFO - 1 change detected
2026-03-15 03:21:24 - watchfiles.main - INFO - 1 change detected
2026-03-15 03:21:24 - watchfiles.main - INFO - 1 change detected
2026-03-15 03:21:25 - watchfiles.main - INFO - 1 change detected
2026-03-15 03:21:25 - watchfiles.main - INFO - 1 change detected
2026-03-15 03:21:26 - watchfiles.main - INFO - 1 change detected
2026-03-15 03:21:26 - watchfiles.main - INFO - 1 change detected
2026-03-15 03:21:26 - watchfiles.main - INFO - 1 change detected
2026-03-15 03:21:27 - watchfiles.main - INFO - 1 change detected
2026-03-15 03:21:27 - watchfiles.main - INFO - 1 change detected
2026-03-15 03:21:27 - watchfiles.main - INFO - 1 change detected
2026-03-15 03:21:28 - watchfiles.main - INFO - 1 change detected
2026-03-15 03:21:28 - watchfiles.main - INFO - 1 change detected
2026-03-15 03:21:28 - watchfiles.main - INFO - 1 change detected
2026-03-15 03:21:29 - watchfiles.main - INFO - 1 change detected
2026-03-15 03:21:29 - watchfiles.main - INFO - 1 change detected
2026-03-15 03:21:30 - watchfiles.main - INFO - 1 change detected
2026-03-15 03:21:30 - watchfiles.main - INFO - 1 change detected
2026-03-15 03:21:30 - watchfiles.main - INFO - 1 change detected
2026-03-15 03:21:31 - watchfiles.main - INFO - 1 change detected
2026-03-15 03:21:31 - watchfiles.main - INFO - 1 change detected
2026-03-15 03:21:31 - watchfiles.main - INFO - 1 change detected
2026-03-15 03:21:32 - watchfiles.main - INFO - 1 change detected
2026-03-15 03:21:32 - watchfiles.main - INFO - 1 change detected
2026-03-15 03:21:32 - watchfiles.main - INFO - 1 change detected
2026-03-15 03:21:33 - watchfiles.main - INFO - 1 change detected
2026-03-15 03:21:33 - watchfiles.main - INFO - 1 change detected
2026-03-15 03:21:33 - watchfiles.main - INFO - 1 change detected
2026-03-15 03:21:34 - watchfiles.main - INFO - 1 change detected
2026-03-15 03:21:34 - watchfiles.main - INFO - 1 change detected
2026-03-15 03:21:35 - watchfiles.main - INFO - 1 change detected
2026-03-15 03:21:35 - watchfiles.main - INFO - 1 change detected
2026-03-15 03:21:35 - watchfiles.main - INFO - 1 change detected
2026-03-15 03:21:36 - watchfiles.main - INFO - 1 change detected
2026-03-15 03:21:36 - watchfiles.main - INFO - 1 change detected
2026-03-15 03:21:36 - watchfiles.main - INFO - 1 change detected
2026-03-15 03:21:37 - watchfiles.main - INFO - 1 change detected
2026-03-15 03:21:37 - watchfiles.main - INFO - 1 change detected
2026-03-15 03:21:37 - watchfiles.main - INFO - 1 change detected
2026-03-15 03:21:38 - watchfiles.main - INFO - 1 change detected
2026-03-15 03:21:38 - watchfiles.main - INFO - 1 change detected
2026-03-15 03:21:39 - watchfiles.main - INFO - 1 change detected
2026-03-15 03:21:39 - watchfiles.main - INFO - 1 change detected
2026-03-15 03:21:39 - watchfiles.main - INFO - 1 change detected
2026-03-15 03:21:40 - watchfiles.main - INFO - 1 change detected
2026-03-15 03:21:40 - watchfiles.main - INFO - 1 change detected
2026-03-15 03:21:40 - watchfiles.main - INFO - 1 change detected
2026-03-15 03:21:41 - watchfiles.main - INFO - 1 change detected
2026-03-15 03:21:41 - watchfiles.main - INFO - 1 change detected
2026-03-15 03:21:41 - watchfiles.main - INFO - 1 change detected
2026-03-15 03:21:42 - watchfiles.main - INFO - 1 change detected
2026-03-15 03:21:42 - watchfiles.main - INFO - 1 change detected
2026-03-15 03:21:43 - watchfiles.main - INFO - 1 change detected
2026-03-15 03:21:43 - watchfiles.main - INFO - 1 change detected
2026-03-15 03:21:43 - watchfiles.main - INFO - 1 change detected
2026-03-15 03:21:44 - watchfiles.main - INFO - 1 change detected
2026-03-15 03:21:44 - watchfiles.main - INFO - 1 change detected
2026-03-15 03:21:44 - watchfiles.main - INFO - 1 change detected
2026-03-15 03:21:45 - watchfiles.main - INFO - 1 change detected
2026-03-15 03:21:45 - watchfiles.main - INFO - 1 change detected
2026-03-15 03:21:46 - watchfiles.main - INFO - 1 change detected
2026-03-15 03:21:46 - watchfiles.main - INFO - 1 change detected
2026-03-15 03:21:46 - watchfiles.main - INFO - 1 change detected
2026-03-15 03:21:47 - watchfiles.main - INFO - 1 change detected
2026-03-15 03:21:47 - watchfiles.main - INFO - 1 change detected
2026-03-15 03:21:47 - watchfiles.main - INFO - 1 change detected
2026-03-15 03:21:48 - watchfiles.main - INFO - 1 change detected
2026-03-15 03:21:48 - watchfiles.main - INFO - 1 change detected
2026-03-15 03:21:48 - watchfiles.main - INFO - 1 change detected
2026-03-15 03:21:49 - watchfiles.main - INFO - 1 change detected
2026-03-15 03:21:49 - watchfiles.main - INFO - 1 change detected
2026-03-15 03:21:50 - watchfiles.main - INFO - 1 change detected
2026-03-15 03:21:50 - watchfiles.main - INFO - 1 change detected
2026-03-15 03:21:50 - watchfiles.main - INFO - 1 change detected
2026-03-15 03:21:51 - watchfiles.main - INFO - 1 change detected
2026-03-15 03:21:51 - watchfiles.main - INFO - 1 change detected
2026-03-15 03:21:51 - watchfiles.main - INFO - 1 change detected
2026-03-15 03:21:52 - watchfiles.main - INFO - 1 change detected
2026-03-15 03:21:52 - watchfiles.main - INFO - 1 change detected
2026-03-15 03:21:53 - watchfiles.main - INFO - 1 change detected
2026-03-15 03:21:53 - watchfiles.main - INFO - 1 change detected
2026-03-15 03:21:53 - watchfiles.main - INFO - 1 change detected
2026-03-15 03:21:54 - watchfiles.main - INFO - 1 change detected
2026-03-15 03:21:54 - watchfiles.main - INFO - 1 change detected
2026-03-15 03:21:54 - watchfiles.main - INFO - 1 change detected
2026-03-15 03:21:55 - watchfiles.main - INFO - 1 change detected
2026-03-15 03:21:55 - watchfiles.main - INFO - 1 change detected
2026-03-15 03:21:55 - watchfiles.main - INFO - 1 change detected
2026-03-15 03:21:56 - watchfiles.main - INFO - 1 change detected
2026-03-15 03:21:56 - watchfiles.main - INFO - 1 change detected
2026-03-15 03:21:56 - watchfiles.main - INFO - 1 change detected
2026-03-15 03:21:57 - watchfiles.main - INFO - 1 change detected
2026-03-15 03:21:57 - watchfiles.main - INFO - 1 change detected
2026-03-15 03:21:58 - watchfiles.main - INFO - 1 change detected
2026-03-15 03:21:58 - watchfiles.main - INFO - 1 change detected
2026-03-15 03:21:58 - watchfiles.main - INFO - 1 change detected
2026-03-15 03:21:59 - watchfiles.main - INFO - 1 change detected
2026-03-15 03:21:59 - watchfiles.main - INFO - 1 change detected
2026-03-15 03:21:59 - watchfiles.main - INFO - 1 change detected
2026-03-15 03:22:00 - watchfiles.main - INFO - 1 change detected
2026-03-15 03:22:00 - watchfiles.main - INFO - 1 change detected
2026-03-15 03:22:01 - watchfiles.main - INFO - 1 change detected
2026-03-15 03:22:01 - watchfiles.main - INFO - 1 change detected
2026-03-15 03:22:01 - watchfiles.main - INFO - 1 change detected
2026-03-15 03:22:02 - watchfiles.main - INFO - 1 change detected
2026-03-15 03:22:02 - watchfiles.main - INFO - 1 change detected
2026-03-15 03:22:02 - watchfiles.main - INFO - 1 change detected
2026-03-15 03:22:03 - watchfiles.main - INFO - 1 change detected
2026-03-15 03:22:03 - watchfiles.main - INFO - 1 change detected
2026-03-15 03:22:03 - watchfiles.main - INFO - 1 change detected
2026-03-15 03:22:04 - watchfiles.main - INFO - 1 change detected
2026-03-15 03:22:04 - watchfiles.main - INFO - 1 change detected
2026-03-15 03:22:05 - watchfiles.main - INFO - 1 change detected
2026-03-15 03:22:05 - watchfiles.main - INFO - 1 change detected
2026-03-15 03:22:05 - watchfiles.main - INFO - 1 change detected
2026-03-15 03:22:06 - watchfiles.main - INFO - 1 change detected
2026-03-15 03:22:06 - watchfiles.main - INFO - 1 change detected
2026-03-15 03:22:06 - watchfiles.main - INFO - 1 change detected
2026-03-15 03:22:07 - watchfiles.main - INFO - 1 change detected
2026-03-15 03:22:07 - watchfiles.main - INFO - 1 change detected
2026-03-15 03:22:07 - watchfiles.main - INFO - 1 change detected
2026-03-15 03:22:08 - watchfiles.main - INFO - 1 change detected
2026-03-15 03:22:08 - watchfiles.main - INFO - 1 change detected
2026-03-15 03:22:08 - watchfiles.main - INFO - 1 change detected
2026-03-15 03:22:09 - watchfiles.main - INFO - 1 change detected
2026-03-15 03:22:09 - watchfiles.main - INFO - 1 change detected
2026-03-15 03:22:10 - watchfiles.main - INFO - 1 change detected
2026-03-15 03:22:10 - watchfiles.main - INFO - 1 change detected
2026-03-15 03:22:10 - watchfiles.main - INFO - 1 change detected
2026-03-15 03:22:11 - watchfiles.main - INFO - 1 change detected
2026-03-15 03:22:11 - watchfiles.main - INFO - 1 change detected
2026-03-15 03:22:11 - watchfiles.main - INFO - 1 change detected
2026-03-15 03:22:12 - watchfiles.main - INFO - 1 change detected
2026-03-15 03:22:12 - watchfiles.main - INFO - 1 change detected
2026-03-15 03:22:12 - watchfiles.main - INFO - 1 change detected
2026-03-15 03:22:13 - watchfiles.main - INFO - 1 change detected
2026-03-15 03:22:13 - watchfiles.main - INFO - 1 change detected
2026-03-15 03:22:14 - watchfiles.main - INFO - 1 change detected
2026-03-15 03:22:14 - watchfiles.main - INFO - 1 change detected
2026-03-15 03:22:14 - watchfiles.main - INFO - 1 change detected
2026-03-15 03:22:15 - watchfiles.main - INFO - 1 change detected
2026-03-15 03:22:15 - watchfiles.main - INFO - 1 change detected
2026-03-15 03:22:15 - watchfiles.main - INFO - 1 change detected
2026-03-15 03:22:16 - watchfiles.main - INFO - 1 change detected
2026-03-15 03:22:16 - watchfiles.main - INFO - 1 change detected
2026-03-15 03:22:16 - watchfiles.main - INFO - 1 change detected
2026-03-15 03:22:17 - watchfiles.main - INFO - 1 change detected
2026-03-15 03:22:17 - watchfiles.main - INFO - 1 change detected
2026-03-15 03:22:18 - watchfiles.main - INFO - 1 change detected
2026-03-15 03:22:18 - watchfiles.main - INFO - 1 change detected
2026-03-15 03:22:18 - watchfiles.main - INFO - 1 change detected
2026-03-15 03:22:19 - watchfiles.main - INFO - 1 change detected
2026-03-15 03:22:19 - watchfiles.main - INFO - 1 change detected
2026-03-15 03:22:19 - watchfiles.main - INFO - 1 change detected
2026-03-15 03:22:20 - watchfiles.main - INFO - 1 change detected
2026-03-15 03:22:20 - watchfiles.main - INFO - 1 change detected
2026-03-15 03:22:20 - watchfiles.main - INFO - 1 change detected
2026-03-15 03:22:21 - watchfiles.main - INFO - 1 change detected
2026-03-15 03:22:21 - watchfiles.main - INFO - 1 change detected
2026-03-15 03:22:22 - watchfiles.main - INFO - 1 change detected
2026-03-15 03:22:22 - watchfiles.main - INFO - 1 change detected
2026-03-15 03:22:22 - watchfiles.main - INFO - 1 change detected
2026-03-15 03:22:23 - watchfiles.main - INFO - 1 change detected
2026-03-15 03:22:23 - watchfiles.main - INFO - 1 change detected
2026-03-15 03:22:23 - watchfiles.main - INFO - 1 change detected
2026-03-15 03:22:24 - watchfiles.main - INFO - 1 change detected
2026-03-15 03:22:24 - watchfiles.main - INFO - 1 change detected
2026-03-15 03:22:25 - watchfiles.main - INFO - 1 change detected
2026-03-15 03:22:25 - watchfiles.main - INFO - 1 change detected
2026-03-15 03:22:25 - watchfiles.main - INFO - 1 change detected
2026-03-15 03:22:26 - watchfiles.main - INFO - 1 change detected
2026-03-15 03:22:26 - watchfiles.main - INFO - 1 change detected
2026-03-15 03:22:26 - watchfiles.main - INFO - 1 change detected
2026-03-15 03:22:27 - watchfiles.main - INFO - 1 change detected
2026-03-15 03:22:27 - watchfiles.main - INFO - 1 change detected
2026-03-15 03:22:28 - watchfiles.main - INFO - 1 change detected
2026-03-15 03:22:28 - watchfiles.main - INFO - 1 change detected
2026-03-15 03:22:28 - watchfiles.main - INFO - 1 change detected
2026-03-15 03:22:29 - watchfiles.main - INFO - 1 change detected
2026-03-15 03:22:29 - watchfiles.main - INFO - 1 change detected
2026-03-15 03:22:29 - watchfiles.main - INFO - 1 change detected
2026-03-15 03:22:30 - watchfiles.main - INFO - 1 change detected
2026-03-15 03:22:30 - watchfiles.main - INFO - 1 change detected
2026-03-15 03:22:30 - watchfiles.main - INFO - 1 change detected
2026-03-15 03:22:31 - watchfiles.main - INFO - 1 change detected
2026-03-15 03:22:31 - watchfiles.main - INFO - 1 change detected
2026-03-15 03:22:31 - watchfiles.main - INFO - 1 change detected
2026-03-15 03:22:32 - watchfiles.main - INFO - 1 change detected
2026-03-15 03:22:32 - watchfiles.main - INFO - 1 change detected
2026-03-15 03:22:33 - watchfiles.main - INFO - 1 change detected
2026-03-15 03:22:33 - watchfiles.main - INFO - 1 change detected
2026-03-15 03:22:33 - watchfiles.main - INFO - 1 change detected
2026-03-15 03:22:34 - watchfiles.main - INFO - 1 change detected
2026-03-15 03:22:34 - watchfiles.main - INFO - 1 change detected
2026-03-15 03:22:34 - watchfiles.main - INFO - 1 change detected
2026-03-15 03:22:35 - watchfiles.main - INFO - 1 change detected
2026-03-15 03:22:35 - watchfiles.main - INFO - 1 change detected
2026-03-15 03:22:35 - watchfiles.main - INFO - 1 change detected
2026-03-15 03:22:36 - watchfiles.main - INFO - 1 change detected
2026-03-15 03:22:36 - watchfiles.main - INFO - 1 change detected
2026-03-15 03:22:37 - watchfiles.main - INFO - 1 change detected
2026-03-15 03:22:37 - watchfiles.main - INFO - 1 change detected
2026-03-15 03:22:37 - watchfiles.main - INFO - 1 change detected
2026-03-15 03:22:38 - watchfiles.main - INFO - 1 change detected
2026-03-15 03:22:38 - watchfiles.main - INFO - 1 change detected
2026-03-15 03:22:38 - watchfiles.main - INFO - 1 change detected
2026-03-15 03:22:39 - watchfiles.main - INFO - 1 change detected
2026-03-15 03:22:39 - watchfiles.main - INFO - 1 change detected
2026-03-15 03:22:40 - watchfiles.main - INFO - 1 change detected
2026-03-15 03:22:40 - watchfiles.main - INFO - 1 change detected
2026-03-15 03:22:40 - watchfiles.main - INFO - 1 change detected
2026-03-15 03:22:41 - watchfiles.main - INFO - 1 change detected
2026-03-15 03:22:41 - watchfiles.main - INFO - 1 change detected
2026-03-15 03:22:41 - watchfiles.main - INFO - 1 change detected
2026-03-15 03:22:42 - watchfiles.main - INFO - 1 change detected
2026-03-15 03:22:42 - watchfiles.main - INFO - 1 change detected
2026-03-15 03:22:42 - watchfiles.main - INFO - 1 change detected
2026-03-15 03:22:43 - watchfiles.main - INFO - 1 change detected
2026-03-15 03:22:43 - watchfiles.main - INFO - 1 change detected
2026-03-15 03:22:43 - watchfiles.main - INFO - 1 change detected
2026-03-15 03:22:44 - watchfiles.main - INFO - 1 change detected
2026-03-15 03:22:44 - watchfiles.main - INFO - 1 change detected
2026-03-15 03:22:45 - watchfiles.main - INFO - 1 change detected
2026-03-15 03:22:45 - watchfiles.main - INFO - 1 change detected
2026-03-15 03:22:45 - watchfiles.main - INFO - 1 change detected
2026-03-15 03:22:46 - watchfiles.main - INFO - 1 change detected
2026-03-15 03:22:46 - watchfiles.main - INFO - 1 change detected
2026-03-15 03:22:47 - watchfiles.main - INFO - 1 change detected
2026-03-15 03:22:47 - watchfiles.main - INFO - 1 change detected
2026-03-15 03:22:47 - watchfiles.main - INFO - 1 change detected
2026-03-15 03:22:48 - watchfiles.main - INFO - 1 change detected
2026-03-15 03:22:48 - watchfiles.main - INFO - 1 change detected
2026-03-15 03:22:48 - watchfiles.main - INFO - 1 change detected
2026-03-15 03:22:49 - watchfiles.main - INFO - 1 change detected
2026-03-15 03:22:49 - watchfiles.main - INFO - 1 change detected
2026-03-15 03:22:49 - watchfiles.main - INFO - 1 change detected
2026-03-15 03:22:50 - watchfiles.main - INFO - 1 change detected
2026-03-15 03:22:50 - watchfiles.main - INFO - 1 change detected
2026-03-15 03:22:51 - watchfiles.main - INFO - 1 change detected
2026-03-15 03:22:51 - watchfiles.main - INFO - 1 change detected
2026-03-15 03:22:51 - watchfiles.main - INFO - 1 change detected
2026-03-15 03:22:52 - watchfiles.main - INFO - 1 change detected
2026-03-15 03:22:52 - watchfiles.main - INFO - 1 change detected
2026-03-15 03:22:52 - watchfiles.main - INFO - 1 change detected
2026-03-15 03:22:53 - watchfiles.main - INFO - 1 change detected
2026-03-15 03:22:53 - watchfiles.main - INFO - 1 change detected
2026-03-15 03:22:54 - watchfiles.main - INFO - 1 change detected
2026-03-15 03:22:54 - watchfiles.main - INFO - 1 change detected
2026-03-15 03:22:54 - watchfiles.main - INFO - 1 change detected
2026-03-15 03:22:55 - watchfiles.main - INFO - 1 change detected
2026-03-15 03:22:55 - watchfiles.main - INFO - 1 change detected
2026-03-15 03:22:55 - watchfiles.main - INFO - 1 change detected
2026-03-15 03:22:56 - watchfiles.main - INFO - 1 change detected
2026-03-15 03:22:56 - watchfiles.main - INFO - 1 change detected
2026-03-15 03:22:57 - watchfiles.main - INFO - 1 change detected
2026-03-15 03:22:57 - watchfiles.main - INFO - 1 change detected
2026-03-15 03:22:57 - watchfiles.main - INFO - 1 change detected
2026-03-15 03:22:58 - watchfiles.main - INFO - 1 change detected
2026-03-15 03:22:58 - watchfiles.main - INFO - 1 change detected
2026-03-15 03:22:58 - watchfiles.main - INFO - 1 change detected
2026-03-15 03:22:59 - watchfiles.main - INFO - 1 change detected
2026-03-15 03:22:59 - watchfiles.main - INFO - 1 change detected
2026-03-15 03:22:59 - watchfiles.main - INFO - 1 change detected
2026-03-15 03:23:00 - watchfiles.main - INFO - 1 change detected
2026-03-15 03:23:00 - watchfiles.main - INFO - 1 change detected
2026-03-15 03:23:01 - watchfiles.main - INFO - 1 change detected
2026-03-15 03:23:01 - watchfiles.main - INFO - 1 change detected
2026-03-15 03:23:01 - watchfiles.main - INFO - 1 change detected
2026-03-15 03:23:02 - watchfiles.main - INFO - 1 change detected
2026-03-15 03:23:02 - watchfiles.main - INFO - 1 change detected
2026-03-15 03:23:02 - watchfiles.main - INFO - 1 change detected
2026-03-15 03:23:03 - watchfiles.main - INFO - 1 change detected
2026-03-15 03:23:03 - watchfiles.main - INFO - 1 change detected
2026-03-15 03:23:04 - watchfiles.main - INFO - 1 change detected
2026-03-15 03:23:04 - watchfiles.main - INFO - 1 change detected
2026-03-15 03:23:04 - watchfiles.main - INFO - 1 change detected
2026-03-15 03:23:05 - watchfiles.main - INFO - 1 change detected
2026-03-15 03:23:05 - watchfiles.main - INFO - 1 change detected
2026-03-15 03:23:05 - watchfiles.main - INFO - 1 change detected
2026-03-15 03:23:06 - watchfiles.main - INFO - 1 change detected
2026-03-15 03:23:06 - watchfiles.main - INFO - 1 change detected
2026-03-15 03:23:06 - watchfiles.main - INFO - 1 change detected
2026-03-15 03:23:07 - watchfiles.main - INFO - 1 change detected
2026-03-15 03:23:07 - watchfiles.main - INFO - 1 change detected
2026-03-15 03:23:08 - watchfiles.main - INFO - 1 change detected
2026-03-15 03:23:08 - watchfiles.main - INFO - 1 change detected
2026-03-15 03:23:08 - watchfiles.main - INFO - 1 change detected
2026-03-15 03:23:09 - watchfiles.main - INFO - 1 change detected
2026-03-15 03:23:09 - watchfiles.main - INFO - 1 change detected
2026-03-15 03:23:09 - watchfiles.main - INFO - 1 change detected
2026-03-15 03:23:10 - watchfiles.main - INFO - 1 change detected
2026-03-15 03:23:10 - watchfiles.main - INFO - 1 change detected
2026-03-15 03:23:11 - watchfiles.main - INFO - 1 change detected
2026-03-15 03:23:11 - watchfiles.main - INFO - 1 change detected
2026-03-15 03:23:11 - watchfiles.main - INFO - 1 change detected
2026-03-15 03:23:12 - watchfiles.main - INFO - 1 change detected
2026-03-15 03:23:12 - watchfiles.main - INFO - 1 change detected
2026-03-15 03:23:12 - watchfiles.main - INFO - 1 change detected
2026-03-15 03:23:13 - watchfiles.main - INFO - 1 change detected
2026-03-15 03:23:13 - watchfiles.main - INFO - 1 change detected
2026-03-15 03:23:13 - watchfiles.main - INFO - 1 change detected
2026-03-15 03:23:14 - watchfiles.main - INFO - 1 change detected
2026-03-15 03:23:14 - watchfiles.main - INFO - 1 change detected
2026-03-15 03:23:15 - watchfiles.main - INFO - 1 change detected
2026-03-15 03:23:15 - watchfiles.main - INFO - 1 change detected
2026-03-15 03:23:15 - watchfiles.main - INFO - 1 change detected
2026-03-15 03:23:16 - watchfiles.main - INFO - 1 change detected
2026-03-15 03:23:16 - watchfiles.main - INFO - 1 change detected
2026-03-15 03:23:16 - watchfiles.main - INFO - 1 change detected
2026-03-15 03:23:17 - watchfiles.main - INFO - 1 change detected
2026-03-15 03:23:17 - watchfiles.main - INFO - 1 change detected
2026-03-15 03:23:17 - watchfiles.main - INFO - 1 change detected
2026-03-15 03:23:18 - watchfiles.main - INFO - 1 change detected
2026-03-15 03:23:18 - watchfiles.main - INFO - 1 change detected
2026-03-15 03:23:19 - watchfiles.main - INFO - 1 change detected
2026-03-15 03:23:19 - watchfiles.main - INFO - 1 change detected
2026-03-15 03:23:19 - watchfiles.main - INFO - 1 change detected
2026-03-15 03:23:20 - watchfiles.main - INFO - 1 change detected
2026-03-15 03:23:20 - watchfiles.main - INFO - 1 change detected
2026-03-15 03:23:20 - watchfiles.main - INFO - 1 change detected
2026-03-15 03:23:21 - watchfiles.main - INFO - 1 change detected
2026-03-15 03:23:21 - watchfiles.main - INFO - 1 change detected
2026-03-15 03:23:22 - watchfiles.main - INFO - 1 change detected
2026-03-15 03:23:22 - watchfiles.main - INFO - 1 change detected
2026-03-15 03:23:22 - watchfiles.main - INFO - 1 change detected
2026-03-15 03:23:23 - watchfiles.main - INFO - 1 change detected
2026-03-15 03:23:23 - watchfiles.main - INFO - 1 change detected
2026-03-15 03:23:23 - watchfiles.main - INFO - 1 change detected
2026-03-15 03:23:24 - watchfiles.main - INFO - 1 change detected
2026-03-15 03:23:24 - watchfiles.main - INFO - 1 change detected
2026-03-15 03:23:24 - watchfiles.main - INFO - 1 change detected
2026-03-15 03:23:25 - watchfiles.main - INFO - 1 change detected
2026-03-15 03:23:25 - watchfiles.main - INFO - 1 change detected
2026-03-15 03:23:25 - watchfiles.main - INFO - 1 change detected
2026-03-15 03:23:26 - watchfiles.main - INFO - 1 change detected
2026-03-15 03:23:26 - watchfiles.main - INFO - 1 change detected
2026-03-15 03:23:27 - watchfiles.main - INFO - 1 change detected
2026-03-15 03:23:27 - watchfiles.main - INFO - 1 change detected
2026-03-15 03:23:27 - watchfiles.main - INFO - 1 change detected
2026-03-15 03:23:28 - watchfiles.main - INFO - 1 change detected
2026-03-15 03:23:28 - watchfiles.main - INFO - 1 change detected
2026-03-15 03:23:29 - watchfiles.main - INFO - 1 change detected
2026-03-15 03:23:29 - watchfiles.main - INFO - 1 change detected
2026-03-15 03:23:29 - watchfiles.main - INFO - 1 change detected
2026-03-15 03:23:30 - watchfiles.main - INFO - 1 change detected
2026-03-15 03:23:30 - watchfiles.main - INFO - 1 change detected
2026-03-15 03:23:30 - watchfiles.main - INFO - 1 change detected
2026-03-15 03:23:31 - watchfiles.main - INFO - 1 change detected
2026-03-15 03:23:31 - watchfiles.main - INFO - 1 change detected
2026-03-15 03:23:31 - watchfiles.main - INFO - 1 change detected
2026-03-15 03:23:32 - watchfiles.main - INFO - 1 change detected
2026-03-15 03:23:32 - watchfiles.main - INFO - 1 change detected
2026-03-15 03:23:33 - watchfiles.main - INFO - 1 change detected
2026-03-15 03:23:33 - watchfiles.main - INFO - 1 change detected
2026-03-15 03:23:33 - watchfiles.main - INFO - 1 change detected
2026-03-15 03:23:34 - watchfiles.main - INFO - 1 change detected
2026-03-15 03:23:34 - watchfiles.main - INFO - 1 change detected
2026-03-15 03:23:34 - watchfiles.main - INFO - 1 change detected
2026-03-15 03:23:35 - watchfiles.main - INFO - 1 change detected
2026-03-15 03:23:35 - watchfiles.main - INFO - 1 change detected
2026-03-15 03:23:35 - watchfiles.main - INFO - 1 change detected
2026-03-15 03:23:36 - watchfiles.main - INFO - 1 change detected
2026-03-15 03:23:36 - watchfiles.main - INFO - 1 change detected
2026-03-15 03:23:37 - watchfiles.main - INFO - 1 change detected
2026-03-15 03:23:37 - watchfiles.main - INFO - 1 change detected
2026-03-15 03:23:37 - watchfiles.main - INFO - 1 change detected
2026-03-15 03:23:38 - watchfiles.main - INFO - 1 change detected
2026-03-15 03:23:38 - watchfiles.main - INFO - 1 change detected
2026-03-15 03:23:38 - watchfiles.main - INFO - 1 change detected
2026-03-15 03:23:39 - watchfiles.main - INFO - 1 change detected
2026-03-15 03:23:39 - watchfiles.main - INFO - 1 change detected
2026-03-15 03:23:39 - watchfiles.main - INFO - 1 change detected
2026-03-15 03:23:40 - watchfiles.main - INFO - 1 change detected
2026-03-15 03:23:40 - watchfiles.main - INFO - 1 change detected
2026-03-15 03:23:41 - watchfiles.main - INFO - 1 change detected
2026-03-15 03:23:41 - watchfiles.main - INFO - 1 change detected
2026-03-15 03:23:41 - watchfiles.main - INFO - 1 change detected
2026-03-15 03:23:42 - watchfiles.main - INFO - 1 change detected
2026-03-15 03:23:42 - watchfiles.main - INFO - 1 change detected
2026-03-15 03:23:42 - watchfiles.main - INFO - 1 change detected
2026-03-15 03:23:43 - watchfiles.main - INFO - 1 change detected
2026-03-15 03:23:43 - watchfiles.main - INFO - 1 change detected
2026-03-15 03:23:43 - watchfiles.main - INFO - 1 change detected
2026-03-15 03:23:44 - watchfiles.main - INFO - 1 change detected
2026-03-15 03:23:44 - watchfiles.main - INFO - 1 change detected
2026-03-15 03:23:45 - watchfiles.main - INFO - 1 change detected
2026-03-15 03:23:45 - watchfiles.main - INFO - 1 change detected
2026-03-15 03:23:45 - watchfiles.main - INFO - 1 change detected
2026-03-15 03:23:46 - watchfiles.main - INFO - 1 change detected
2026-03-15 03:23:46 - watchfiles.main - INFO - 1 change detected
2026-03-15 03:23:46 - watchfiles.main - INFO - 1 change detected
2026-03-15 03:23:47 - watchfiles.main - INFO - 1 change detected
2026-03-15 03:23:47 - watchfiles.main - INFO - 1 change detected
2026-03-15 03:23:47 - watchfiles.main - INFO - 1 change detected
2026-03-15 03:23:48 - watchfiles.main - INFO - 1 change detected
2026-03-15 03:23:48 - watchfiles.main - INFO - 1 change detected
2026-03-15 03:23:49 - watchfiles.main - INFO - 1 change detected
2026-03-15 03:23:49 - watchfiles.main - INFO - 1 change detected
2026-03-15 03:23:49 - watchfiles.main - INFO - 1 change detected
2026-03-15 03:23:50 - watchfiles.main - INFO - 1 change detected
2026-03-15 03:23:50 - watchfiles.main - INFO - 1 change detected
2026-03-15 03:23:51 - watchfiles.main - INFO - 1 change detected
2026-03-15 03:23:51 - watchfiles.main - INFO - 1 change detected
2026-03-15 03:23:51 - watchfiles.main - INFO - 1 change detected
2026-03-15 03:23:52 - watchfiles.main - INFO - 1 change detected
2026-03-15 03:23:52 - watchfiles.main - INFO - 1 change detected
2026-03-15 03:23:52 - watchfiles.main - INFO - 1 change detected
2026-03-15 03:23:53 - watchfiles.main - INFO - 1 change detected
2026-03-15 03:23:53 - watchfiles.main - INFO - 1 change detected
2026-03-15 03:23:53 - watchfiles.main - INFO - 1 change detected
2026-03-15 03:23:54 - watchfiles.main - INFO - 1 change detected
2026-03-15 03:23:54 - watchfiles.main - INFO - 1 change detected
2026-03-15 03:23:55 - watchfiles.main - INFO - 1 change detected
2026-03-15 03:23:55 - watchfiles.main - INFO - 1 change detected
2026-03-15 03:23:55 - watchfiles.main - INFO - 1 change detected
2026-03-15 03:23:56 - watchfiles.main - INFO - 1 change detected
2026-03-15 03:23:56 - watchfiles.main - INFO - 1 change detected
2026-03-15 03:23:57 - watchfiles.main - INFO - 1 change detected
2026-03-15 03:23:57 - watchfiles.main - INFO - 1 change detected
2026-03-15 03:23:57 - watchfiles.main - INFO - 1 change detected
2026-03-15 03:23:58 - watchfiles.main - INFO - 1 change detected
2026-03-15 03:23:58 - watchfiles.main - INFO - 1 change detected
2026-03-15 03:23:58 - watchfiles.main - INFO - 1 change detected
2026-03-15 03:23:59 - watchfiles.main - INFO - 1 change detected
2026-03-15 03:23:59 - watchfiles.main - INFO - 1 change detected
2026-03-15 03:23:59 - watchfiles.main - INFO - 1 change detected
2026-03-15 03:24:00 - watchfiles.main - INFO - 1 change detected
2026-03-15 03:24:00 - watchfiles.main - INFO - 1 change detected
2026-03-15 03:24:01 - watchfiles.main - INFO - 1 change detected
2026-03-15 03:24:01 - watchfiles.main - INFO - 1 change detected
2026-03-15 03:24:01 - watchfiles.main - INFO - 1 change detected
2026-03-15 03:24:02 - watchfiles.main - INFO - 1 change detected
2026-03-15 03:24:02 - watchfiles.main - INFO - 1 change detected
2026-03-15 03:24:02 - watchfiles.main - INFO - 1 change detected
2026-03-15 03:24:03 - watchfiles.main - INFO - 1 change detected
2026-03-15 03:24:03 - watchfiles.main - INFO - 1 change detected
2026-03-15 03:24:03 - watchfiles.main - INFO - 1 change detected
2026-03-15 03:24:04 - watchfiles.main - INFO - 1 change detected
2026-03-15 03:24:04 - watchfiles.main - INFO - 1 change detected
2026-03-15 03:24:05 - watchfiles.main - INFO - 1 change detected
2026-03-15 03:24:05 - watchfiles.main - INFO - 1 change detected
2026-03-15 03:24:05 - watchfiles.main - INFO - 1 change detected
2026-03-15 03:24:06 - watchfiles.main - INFO - 1 change detected
2026-03-15 03:24:06 - watchfiles.main - INFO - 1 change detected
2026-03-15 03:24:07 - watchfiles.main - INFO - 1 change detected
2026-03-15 03:24:08 - watchfiles.main - INFO - 1 change detected
2026-03-15 03:24:08 - watchfiles.main - INFO - 1 change detected
2026-03-15 03:24:09 - watchfiles.main - INFO - 1 change detected
2026-03-15 03:24:09 - watchfiles.main - INFO - 1 change detected
2026-03-15 03:24:10 - watchfiles.main - INFO - 1 change detected
2026-03-15 03:24:10 - watchfiles.main - INFO - 1 change detected
2026-03-15 03:24:11 - watchfiles.main - INFO - 1 change detected
2026-03-15 03:24:12 - watchfiles.main - INFO - 1 change detected
2026-03-15 03:24:12 - watchfiles.main - INFO - 1 change detected
2026-03-15 03:24:12 - watchfiles.main - INFO - 1 change detected
2026-03-15 03:24:13 - watchfiles.main - INFO - 1 change detected
2026-03-15 03:24:13 - watchfiles.main - INFO - 1 change detected
2026-03-15 03:24:14 - watchfiles.main - INFO - 1 change detected
2026-03-15 03:24:14 - watchfiles.main - INFO - 1 change detected
2026-03-15 03:24:14 - watchfiles.main - INFO - 1 change detected
2026-03-15 03:24:15 - watchfiles.main - INFO - 1 change detected
2026-03-15 03:24:15 - watchfiles.main - INFO - 1 change detected
2026-03-15 03:24:16 - watchfiles.main - INFO - 1 change detected
2026-03-15 03:24:16 - watchfiles.main - INFO - 1 change detected
2026-03-15 03:24:17 - watchfiles.main - INFO - 1 change detected
2026-03-15 03:24:17 - watchfiles.main - INFO - 1 change detected
2026-03-15 03:24:17 - watchfiles.main - INFO - 1 change detected
2026-03-15 03:24:18 - watchfiles.main - INFO - 1 change detected
2026-03-15 03:24:18 - watchfiles.main - INFO - 1 change detected
2026-03-15 03:24:19 - watchfiles.main - INFO - 1 change detected
2026-03-15 03:24:19 - watchfiles.main - INFO - 1 change detected
2026-03-15 03:24:19 - watchfiles.main - INFO - 1 change detected
2026-03-15 03:24:20 - watchfiles.main - INFO - 1 change detected
2026-03-15 03:24:20 - watchfiles.main - INFO - 1 change detected
2026-03-15 03:24:21 - watchfiles.main - INFO - 1 change detected
2026-03-15 03:24:21 - watchfiles.main - INFO - 1 change detected
2026-03-15 03:24:21 - watchfiles.main - INFO - 1 change detected
2026-03-15 03:24:22 - watchfiles.main - INFO - 1 change detected
2026-03-15 03:24:22 - watchfiles.main - INFO - 1 change detected
2026-03-15 03:24:23 - watchfiles.main - INFO - 1 change detected
2026-03-15 03:24:23 - watchfiles.main - INFO - 1 change detected
2026-03-15 03:24:23 - watchfiles.main - INFO - 1 change detected
2026-03-15 03:24:24 - watchfiles.main - INFO - 1 change detected
2026-03-15 03:24:24 - watchfiles.main - INFO - 1 change detected
2026-03-15 03:24:24 - watchfiles.main - INFO - 1 change detected
2026-03-15 03:24:25 - watchfiles.main - INFO - 1 change detected
2026-03-15 03:24:25 - watchfiles.main - INFO - 1 change detected
2026-03-15 03:24:26 - watchfiles.main - INFO - 1 change detected
2026-03-15 03:24:26 - watchfiles.main - INFO - 1 change detected
2026-03-15 03:24:26 - watchfiles.main - INFO - 1 change detected
2026-03-15 03:24:27 - watchfiles.main - INFO - 1 change detected
2026-03-15 03:24:27 - watchfiles.main - INFO - 1 change detected
2026-03-15 03:24:28 - watchfiles.main - INFO - 1 change detected
2026-03-15 03:24:28 - watchfiles.main - INFO - 1 change detected
2026-03-15 03:24:28 - watchfiles.main - INFO - 1 change detected
2026-03-15 03:24:29 - watchfiles.main - INFO - 1 change detected
2026-03-15 03:24:29 - watchfiles.main - INFO - 1 change detected
2026-03-15 03:24:29 - watchfiles.main - INFO - 1 change detected
2026-03-15 03:24:30 - watchfiles.main - INFO - 1 change detected
2026-03-15 03:24:30 - watchfiles.main - INFO - 1 change detected
2026-03-15 03:24:30 - watchfiles.main - INFO - 1 change detected
2026-03-15 03:24:31 - watchfiles.main - INFO - 1 change detected
2026-03-15 03:24:31 - watchfiles.main - INFO - 1 change detected
2026-03-15 03:24:32 - watchfiles.main - INFO - 1 change detected
2026-03-15 03:24:32 - watchfiles.main - INFO - 1 change detected
2026-03-15 03:24:32 - watchfiles.main - INFO - 1 change detected
2026-03-15 03:24:33 - watchfiles.main - INFO - 1 change detected
2026-03-15 03:24:33 - watchfiles.main - INFO - 1 change detected
2026-03-15 03:24:33 - watchfiles.main - INFO - 1 change detected
2026-03-15 03:24:34 - watchfiles.main - INFO - 1 change detected
2026-03-15 03:24:34 - watchfiles.main - INFO - 1 change detected
2026-03-15 03:24:34 - watchfiles.main - INFO - 1 change detected
2026-03-15 03:24:35 - watchfiles.main - INFO - 1 change detected
2026-03-15 03:24:35 - watchfiles.main - INFO - 1 change detected
2026-03-15 03:24:36 - watchfiles.main - INFO - 1 change detected
2026-03-15 03:24:36 - watchfiles.main - INFO - 1 change detected
2026-03-15 03:24:36 - watchfiles.main - INFO - 1 change detected
2026-03-15 03:24:37 - watchfiles.main - INFO - 1 change detected
2026-03-15 03:24:37 - watchfiles.main - INFO - 1 change detected
2026-03-15 03:24:37 - watchfiles.main - INFO - 1 change detected
2026-03-15 03:24:38 - watchfiles.main - INFO - 1 change detected
2026-03-15 03:24:38 - watchfiles.main - INFO - 1 change detected
2026-03-15 03:24:39 - watchfiles.main - INFO - 1 change detected
2026-03-15 03:24:39 - watchfiles.main - INFO - 1 change detected
2026-03-15 03:24:39 - watchfiles.main - INFO - 1 change detected
2026-03-15 03:24:40 - watchfiles.main - INFO - 1 change detected
2026-03-15 03:24:40 - watchfiles.main - INFO - 1 change detected
2026-03-15 03:24:40 - watchfiles.main - INFO - 1 change detected
2026-03-15 03:24:41 - watchfiles.main - INFO - 1 change detected
2026-03-15 03:24:41 - watchfiles.main - INFO - 1 change detected
2026-03-15 03:24:42 - watchfiles.main - INFO - 1 change detected
2026-03-15 03:24:42 - watchfiles.main - INFO - 1 change detected
2026-03-15 03:24:42 - watchfiles.main - INFO - 1 change detected
2026-03-15 03:24:43 - watchfiles.main - INFO - 1 change detected
2026-03-15 03:24:43 - watchfiles.main - INFO - 1 change detected
2026-03-15 03:24:43 - watchfiles.main - INFO - 1 change detected
2026-03-15 03:24:44 - watchfiles.main - INFO - 1 change detected
2026-03-15 03:24:44 - watchfiles.main - INFO - 1 change detected
2026-03-15 03:24:44 - watchfiles.main - INFO - 1 change detected
2026-03-15 03:24:45 - watchfiles.main - INFO - 1 change detected
2026-03-15 03:24:45 - watchfiles.main - INFO - 1 change detected
2026-03-15 03:24:46 - watchfiles.main - INFO - 1 change detected
2026-03-15 03:24:46 - watchfiles.main - INFO - 1 change detected
2026-03-15 03:24:46 - watchfiles.main - INFO - 1 change detected
2026-03-15 03:24:47 - watchfiles.main - INFO - 1 change detected
2026-03-15 03:24:47 - watchfiles.main - INFO - 1 change detected
2026-03-15 03:24:47 - watchfiles.main - INFO - 1 change detected
2026-03-15 03:24:48 - watchfiles.main - INFO - 1 change detected
2026-03-15 03:24:48 - watchfiles.main - INFO - 1 change detected
2026-03-15 03:24:49 - watchfiles.main - INFO - 1 change detected
2026-03-15 03:24:49 - watchfiles.main - INFO - 1 change detected
2026-03-15 03:24:49 - watchfiles.main - INFO - 1 change detected
2026-03-15 03:24:50 - watchfiles.main - INFO - 1 change detected
2026-03-15 03:24:50 - watchfiles.main - INFO - 1 change detected
2026-03-15 03:24:50 - watchfiles.main - INFO - 1 change detected
2026-03-15 03:24:51 - watchfiles.main - INFO - 1 change detected
2026-03-15 03:24:51 - watchfiles.main - INFO - 1 change detected
2026-03-15 03:24:51 - watchfiles.main - INFO - 1 change detected
2026-03-15 03:24:52 - watchfiles.main - INFO - 1 change detected
2026-03-15 03:24:52 - watchfiles.main - INFO - 1 change detected
2026-03-15 03:24:53 - watchfiles.main - INFO - 1 change detected
2026-03-15 03:24:53 - watchfiles.main - INFO - 1 change detected
2026-03-15 03:24:53 - watchfiles.main - INFO - 1 change detected
2026-03-15 03:24:54 - watchfiles.main - INFO - 1 change detected
2026-03-15 03:24:54 - watchfiles.main - INFO - 1 change detected
2026-03-15 03:24:55 - watchfiles.main - INFO - 1 change detected
2026-03-15 03:24:55 - watchfiles.main - INFO - 1 change detected
2026-03-15 03:24:55 - watchfiles.main - INFO - 1 change detected
2026-03-15 03:24:56 - watchfiles.main - INFO - 1 change detected
2026-03-15 03:24:56 - watchfiles.main - INFO - 1 change detected
2026-03-15 03:24:56 - watchfiles.main - INFO - 1 change detected
2026-03-15 03:24:57 - watchfiles.main - INFO - 1 change detected
2026-03-15 03:24:57 - watchfiles.main - INFO - 1 change detected
2026-03-15 03:24:57 - watchfiles.main - INFO - 1 change detected
2026-03-15 03:24:58 - watchfiles.main - INFO - 1 change detected
2026-03-15 03:24:58 - watchfiles.main - INFO - 1 change detected
2026-03-15 03:24:59 - watchfiles.main - INFO - 1 change detected
2026-03-15 03:24:59 - watchfiles.main - INFO - 1 change detected
2026-03-15 03:24:59 - watchfiles.main - INFO - 1 change detected
2026-03-15 03:25:00 - watchfiles.main - INFO - 1 change detected
2026-03-15 03:25:00 - watchfiles.main - INFO - 1 change detected
2026-03-15 03:25:00 - watchfiles.main - INFO - 1 change detected
2026-03-15 03:25:01 - watchfiles.main - INFO - 1 change detected
2026-03-15 03:25:01 - watchfiles.main - INFO - 1 change detected
2026-03-15 03:25:02 - watchfiles.main - INFO - 1 change detected
2026-03-15 03:25:02 - watchfiles.main - INFO - 1 change detected
2026-03-15 03:25:02 - watchfiles.main - INFO - 1 change detected
2026-03-15 03:25:03 - watchfiles.main - INFO - 1 change detected
2026-03-15 03:25:03 - watchfiles.main - INFO - 1 change detected
2026-03-15 03:25:03 - watchfiles.main - INFO - 1 change detected
2026-03-15 03:25:04 - watchfiles.main - INFO - 1 change detected
2026-03-15 03:25:04 - watchfiles.main - INFO - 1 change detected
2026-03-15 03:25:04 - watchfiles.main - INFO - 1 change detected
2026-03-15 03:25:05 - watchfiles.main - INFO - 1 change detected
2026-03-15 03:25:05 - watchfiles.main - INFO - 1 change detected
2026-03-15 03:25:05 - watchfiles.main - INFO - 1 change detected
2026-03-15 03:25:06 - watchfiles.main - INFO - 1 change detected
2026-03-15 03:25:06 - watchfiles.main - INFO - 1 change detected
2026-03-15 03:25:07 - watchfiles.main - INFO - 1 change detected
2026-03-15 03:25:07 - watchfiles.main - INFO - 1 change detected
2026-03-15 03:25:07 - watchfiles.main - INFO - 1 change detected
2026-03-15 03:25:08 - watchfiles.main - INFO - 1 change detected
2026-03-15 03:25:08 - watchfiles.main - INFO - 1 change detected
2026-03-15 03:25:09 - watchfiles.main - INFO - 1 change detected
2026-03-15 03:25:09 - watchfiles.main - INFO - 1 change detected
2026-03-15 03:25:09 - watchfiles.main - INFO - 1 change detected
2026-03-15 03:25:10 - watchfiles.main - INFO - 1 change detected
2026-03-15 03:25:10 - watchfiles.main - INFO - 1 change detected
2026-03-15 03:25:10 - watchfiles.main - INFO - 1 change detected
2026-03-15 03:25:11 - watchfiles.main - INFO - 1 change detected
2026-03-15 03:25:11 - watchfiles.main - INFO - 1 change detected
2026-03-15 03:25:11 - watchfiles.main - INFO - 1 change detected
2026-03-15 03:25:12 - watchfiles.main - INFO - 1 change detected
2026-03-15 03:25:12 - watchfiles.main - INFO - 1 change detected
2026-03-15 03:25:13 - watchfiles.main - INFO - 1 change detected
2026-03-15 03:25:13 - watchfiles.main - INFO - 1 change detected
2026-03-15 03:25:13 - watchfiles.main - INFO - 1 change detected
2026-03-15 03:25:14 - watchfiles.main - INFO - 1 change detected
2026-03-15 03:25:14 - watchfiles.main - INFO - 1 change detected
2026-03-15 03:25:15 - watchfiles.main - INFO - 1 change detected
2026-03-15 03:25:15 - watchfiles.main - INFO - 1 change detected
2026-03-15 03:25:15 - watchfiles.main - INFO - 1 change detected
2026-03-15 03:25:16 - watchfiles.main - INFO - 1 change detected
2026-03-15 03:25:16 - watchfiles.main - INFO - 1 change detected
2026-03-15 03:25:16 - watchfiles.main - INFO - 1 change detected
2026-03-15 03:25:17 - watchfiles.main - INFO - 1 change detected
2026-03-15 03:25:17 - watchfiles.main - INFO - 1 change detected
2026-03-15 03:25:17 - watchfiles.main - INFO - 1 change detected
2026-03-15 03:25:18 - watchfiles.main - INFO - 1 change detected
2026-03-15 03:25:18 - watchfiles.main - INFO - 1 change detected
2026-03-15 03:25:19 - watchfiles.main - INFO - 1 change detected
2026-03-15 03:25:19 - watchfiles.main - INFO - 1 change detected
2026-03-15 03:25:19 - watchfiles.main - INFO - 1 change detected
2026-03-15 03:25:20 - watchfiles.main - INFO - 1 change detected
2026-03-15 03:25:20 - watchfiles.main - INFO - 1 change detected
2026-03-15 03:25:20 - watchfiles.main - INFO - 1 change detected
2026-03-15 03:25:21 - watchfiles.main - INFO - 1 change detected
2026-03-15 03:25:21 - watchfiles.main - INFO - 1 change detected
2026-03-15 03:25:22 - watchfiles.main - INFO - 1 change detected
2026-03-15 03:25:22 - watchfiles.main - INFO - 1 change detected
2026-03-15 03:25:22 - watchfiles.main - INFO - 1 change detected
2026-03-15 03:25:23 - watchfiles.main - INFO - 1 change detected
2026-03-15 03:25:23 - watchfiles.main - INFO - 1 change detected
2026-03-15 03:25:23 - watchfiles.main - INFO - 1 change detected
2026-03-15 03:25:24 - watchfiles.main - INFO - 1 change detected
2026-03-15 03:25:24 - watchfiles.main - INFO - 1 change detected
2026-03-15 03:25:25 - watchfiles.main - INFO - 1 change detected
2026-03-15 03:25:25 - watchfiles.main - INFO - 1 change detected
2026-03-15 03:25:25 - watchfiles.main - INFO - 1 change detected
2026-03-15 03:25:26 - watchfiles.main - INFO - 1 change detected
2026-03-15 03:25:26 - watchfiles.main - INFO - 1 change detected
2026-03-15 03:25:26 - watchfiles.main - INFO - 1 change detected
2026-03-15 03:25:27 - watchfiles.main - INFO - 1 change detected
2026-03-15 03:25:27 - watchfiles.main - INFO - 1 change detected
2026-03-15 03:25:28 - watchfiles.main - INFO - 1 change detected
2026-03-15 03:25:28 - watchfiles.main - INFO - 1 change detected
2026-03-15 03:25:28 - watchfiles.main - INFO - 1 change detected
2026-03-15 03:25:29 - watchfiles.main - INFO - 1 change detected
2026-03-15 03:25:29 - watchfiles.main - INFO - 1 change detected
2026-03-15 03:25:29 - watchfiles.main - INFO - 1 change detected
2026-03-15 03:25:30 - watchfiles.main - INFO - 1 change detected
2026-03-15 03:25:30 - watchfiles.main - INFO - 1 change detected
2026-03-15 03:25:31 - watchfiles.main - INFO - 1 change detected
2026-03-15 03:25:31 - watchfiles.main - INFO - 1 change detected
2026-03-15 03:25:31 - watchfiles.main - INFO - 1 change detected
2026-03-15 03:25:32 - watchfiles.main - INFO - 1 change detected
2026-03-15 03:25:32 - watchfiles.main - INFO - 1 change detected
2026-03-15 03:25:32 - watchfiles.main - INFO - 1 change detected
2026-03-15 03:25:33 - watchfiles.main - INFO - 1 change detected
2026-03-15 03:25:33 - watchfiles.main - INFO - 1 change detected
2026-03-15 03:25:33 - watchfiles.main - INFO - 1 change detected
2026-03-15 03:25:34 - watchfiles.main - INFO - 1 change detected
2026-03-15 03:25:34 - watchfiles.main - INFO - 1 change detected
2026-03-15 03:25:35 - watchfiles.main - INFO - 1 change detected
2026-03-15 03:25:35 - watchfiles.main - INFO - 1 change detected
2026-03-15 03:25:35 - watchfiles.main - INFO - 1 change detected
2026-03-15 03:25:36 - watchfiles.main - INFO - 1 change detected
2026-03-15 03:25:36 - watchfiles.main - INFO - 1 change detected
2026-03-15 03:25:36 - watchfiles.main - INFO - 1 change detected
2026-03-15 03:25:37 - watchfiles.main - INFO - 1 change detected
2026-03-15 03:25:37 - watchfiles.main - INFO - 1 change detected
2026-03-15 03:25:37 - watchfiles.main - INFO - 1 change detected
2026-03-15 03:25:38 - watchfiles.main - INFO - 1 change detected
2026-03-15 03:25:38 - watchfiles.main - INFO - 1 change detected
2026-03-15 03:25:39 - watchfiles.main - INFO - 1 change detected
2026-03-15 03:25:39 - watchfiles.main - INFO - 1 change detected
2026-03-15 03:25:39 - watchfiles.main - INFO - 1 change detected
2026-03-15 03:25:40 - watchfiles.main - INFO - 1 change detected
2026-03-15 03:25:40 - watchfiles.main - INFO - 1 change detected
2026-03-15 03:25:40 - watchfiles.main - INFO - 1 change detected
2026-03-15 03:25:41 - watchfiles.main - INFO - 1 change detected
2026-03-15 03:25:41 - watchfiles.main - INFO - 1 change detected
2026-03-15 03:25:41 - watchfiles.main - INFO - 1 change detected
2026-03-15 03:25:42 - watchfiles.main - INFO - 1 change detected
2026-03-15 03:25:42 - watchfiles.main - INFO - 1 change detected
2026-03-15 03:25:43 - watchfiles.main - INFO - 1 change detected
2026-03-15 03:25:43 - watchfiles.main - INFO - 1 change detected
2026-03-15 03:25:43 - watchfiles.main - INFO - 1 change detected
2026-03-15 03:25:44 - watchfiles.main - INFO - 1 change detected
2026-03-15 03:25:44 - watchfiles.main - INFO - 1 change detected
2026-03-15 03:25:44 - watchfiles.main - INFO - 1 change detected
2026-03-15 03:25:45 - watchfiles.main - INFO - 1 change detected
2026-03-15 03:25:45 - watchfiles.main - INFO - 1 change detected
2026-03-15 03:25:45 - watchfiles.main - INFO - 1 change detected
2026-03-15 03:25:46 - watchfiles.main - INFO - 1 change detected
2026-03-15 03:25:46 - watchfiles.main - INFO - 1 change detected
2026-03-15 03:25:47 - watchfiles.main - INFO - 1 change detected
2026-03-15 03:25:47 - watchfiles.main - INFO - 1 change detected
2026-03-15 03:25:47 - watchfiles.main - INFO - 1 change detected
2026-03-15 03:25:48 - watchfiles.main - INFO - 1 change detected
2026-03-15 03:25:48 - watchfiles.main - INFO - 1 change detected
2026-03-15 03:25:48 - watchfiles.main - INFO - 1 change detected
2026-03-15 03:25:49 - watchfiles.main - INFO - 1 change detected
2026-03-15 03:25:49 - watchfiles.main - INFO - 1 change detected
2026-03-15 03:25:50 - watchfiles.main - INFO - 1 change detected
2026-03-15 03:25:50 - watchfiles.main - INFO - 1 change detected
2026-03-15 03:25:50 - watchfiles.main - INFO - 1 change detected
2026-03-15 03:25:51 - watchfiles.main - INFO - 1 change detected
2026-03-15 03:25:51 - watchfiles.main - INFO - 1 change detected
2026-03-15 03:25:51 - watchfiles.main - INFO - 1 change detected
2026-03-15 03:25:52 - watchfiles.main - INFO - 1 change detected
2026-03-15 03:25:52 - watchfiles.main - INFO - 1 change detected
2026-03-15 03:25:53 - watchfiles.main - INFO - 1 change detected
2026-03-15 03:25:53 - watchfiles.main - INFO - 1 change detected
2026-03-15 03:25:53 - watchfiles.main - INFO - 1 change detected
2026-03-15 03:25:54 - watchfiles.main - INFO - 1 change detected
2026-03-15 03:25:54 - watchfiles.main - INFO - 1 change detected
2026-03-15 03:25:54 - watchfiles.main - INFO - 1 change detected
2026-03-15 03:25:55 - watchfiles.main - INFO - 1 change detected
2026-03-15 03:25:55 - watchfiles.main - INFO - 1 change detected
2026-03-15 03:25:56 - watchfiles.main - INFO - 1 change detected
2026-03-15 03:25:56 - watchfiles.main - INFO - 1 change detected
2026-03-15 03:25:56 - watchfiles.main - INFO - 1 change detected
2026-03-15 03:25:57 - watchfiles.main - INFO - 1 change detected
2026-03-15 03:25:57 - watchfiles.main - INFO - 1 change detected
2026-03-15 03:25:57 - watchfiles.main - INFO - 1 change detected
2026-03-15 03:25:58 - watchfiles.main - INFO - 1 change detected
2026-03-15 03:25:58 - watchfiles.main - INFO - 1 change detected
2026-03-15 03:25:59 - watchfiles.main - INFO - 1 change detected
2026-03-15 03:25:59 - watchfiles.main - INFO - 1 change detected
2026-03-15 03:25:59 - watchfiles.main - INFO - 1 change detected
2026-03-15 03:26:00 - watchfiles.main - INFO - 1 change detected
2026-03-15 03:26:00 - watchfiles.main - INFO - 1 change detected
2026-03-15 03:26:00 - watchfiles.main - INFO - 1 change detected
2026-03-15 03:26:01 - watchfiles.main - INFO - 1 change detected
2026-03-15 03:26:01 - watchfiles.main - INFO - 1 change detected
2026-03-15 03:26:02 - watchfiles.main - INFO - 1 change detected
2026-03-15 03:26:02 - watchfiles.main - INFO - 1 change detected
2026-03-15 03:26:02 - watchfiles.main - INFO - 1 change detected
2026-03-15 03:26:03 - watchfiles.main - INFO - 1 change detected
2026-03-15 03:26:03 - watchfiles.main - INFO - 1 change detected
2026-03-15 03:26:03 - watchfiles.main - INFO - 1 change detected
2026-03-15 03:26:04 - watchfiles.main - INFO - 1 change detected
2026-03-15 03:26:04 - watchfiles.main - INFO - 1 change detected
2026-03-15 03:26:04 - watchfiles.main - INFO - 1 change detected
2026-03-15 03:26:05 - watchfiles.main - INFO - 1 change detected
2026-03-15 03:26:05 - watchfiles.main - INFO - 1 change detected
2026-03-15 03:26:06 - watchfiles.main - INFO - 1 change detected
2026-03-15 03:26:06 - watchfiles.main - INFO - 1 change detected
2026-03-15 03:26:06 - watchfiles.main - INFO - 1 change detected
2026-03-15 03:26:07 - watchfiles.main - INFO - 1 change detected
2026-03-15 03:26:07 - watchfiles.main - INFO - 1 change detected
2026-03-15 03:26:07 - watchfiles.main - INFO - 1 change detected
2026-03-15 03:26:08 - watchfiles.main - INFO - 1 change detected
2026-03-15 03:26:08 - watchfiles.main - INFO - 1 change detected
2026-03-15 03:26:08 - watchfiles.main - INFO - 1 change detected
2026-03-15 03:26:09 - watchfiles.main - INFO - 1 change detected
2026-03-15 03:26:09 - watchfiles.main - INFO - 1 change detected
2026-03-15 03:26:10 - watchfiles.main - INFO - 1 change detected
2026-03-15 03:26:10 - watchfiles.main - INFO - 1 change detected
2026-03-15 03:26:10 - watchfiles.main - INFO - 1 change detected
2026-03-15 03:26:11 - watchfiles.main - INFO - 1 change detected
2026-03-15 03:26:11 - watchfiles.main - INFO - 1 change detected
2026-03-15 03:26:11 - watchfiles.main - INFO - 1 change detected
2026-03-15 03:26:12 - watchfiles.main - INFO - 1 change detected
2026-03-15 03:26:12 - watchfiles.main - INFO - 1 change detected
2026-03-15 03:26:12 - watchfiles.main - INFO - 1 change detected
2026-03-15 03:26:13 - watchfiles.main - INFO - 1 change detected
2026-03-15 03:26:13 - watchfiles.main - INFO - 1 change detected
2026-03-15 03:26:14 - watchfiles.main - INFO - 1 change detected
2026-03-15 03:26:14 - watchfiles.main - INFO - 1 change detected
2026-03-15 03:26:14 - watchfiles.main - INFO - 1 change detected
2026-03-15 03:26:15 - watchfiles.main - INFO - 1 change detected
2026-03-15 03:26:15 - watchfiles.main - INFO - 1 change detected
2026-03-15 03:26:16 - watchfiles.main - INFO - 1 change detected
2026-03-15 03:26:16 - watchfiles.main - INFO - 1 change detected
2026-03-15 03:26:16 - watchfiles.main - INFO - 1 change detected
2026-03-15 03:26:17 - watchfiles.main - INFO - 1 change detected
2026-03-15 03:26:17 - watchfiles.main - INFO - 1 change detected
2026-03-15 03:26:17 - watchfiles.main - INFO - 1 change detected
2026-03-15 03:26:18 - watchfiles.main - INFO - 1 change detected
2026-03-15 03:26:18 - watchfiles.main - INFO - 1 change detected
2026-03-15 03:26:19 - watchfiles.main - INFO - 1 change detected
2026-03-15 03:26:19 - watchfiles.main - INFO - 1 change detected
2026-03-15 03:26:19 - watchfiles.main - INFO - 1 change detected
2026-03-15 03:26:20 - watchfiles.main - INFO - 1 change detected
2026-03-15 03:26:20 - watchfiles.main - INFO - 1 change detected
2026-03-15 03:26:21 - watchfiles.main - INFO - 1 change detected
2026-03-15 03:26:21 - watchfiles.main - INFO - 1 change detected
2026-03-15 03:26:21 - watchfiles.main - INFO - 1 change detected
2026-03-15 03:26:22 - watchfiles.main - INFO - 1 change detected
2026-03-15 03:26:22 - watchfiles.main - INFO - 1 change detected
2026-03-15 03:26:22 - watchfiles.main - INFO - 1 change detected
2026-03-15 03:26:23 - watchfiles.main - INFO - 1 change detected
2026-03-15 03:26:23 - watchfiles.main - INFO - 1 change detected
2026-03-15 03:26:23 - watchfiles.main - INFO - 1 change detected
2026-03-15 03:26:24 - watchfiles.main - INFO - 1 change detected
2026-03-15 03:26:24 - watchfiles.main - INFO - 1 change detected
2026-03-15 03:26:24 - watchfiles.main - INFO - 1 change detected
2026-03-15 03:26:25 - watchfiles.main - INFO - 1 change detected
2026-03-15 03:26:25 - watchfiles.main - INFO - 1 change detected
2026-03-15 03:26:26 - watchfiles.main - INFO - 1 change detected
2026-03-15 03:26:26 - watchfiles.main - INFO - 1 change detected
2026-03-15 03:26:27 - watchfiles.main - INFO - 1 change detected
2026-03-15 03:26:27 - watchfiles.main - INFO - 1 change detected
2026-03-15 03:26:27 - watchfiles.main - INFO - 1 change detected
2026-03-15 03:26:28 - watchfiles.main - INFO - 1 change detected
2026-03-15 03:26:28 - watchfiles.main - INFO - 1 change detected
2026-03-15 03:26:28 - watchfiles.main - INFO - 1 change detected
2026-03-15 03:26:29 - watchfiles.main - INFO - 1 change detected
2026-03-15 03:26:29 - watchfiles.main - INFO - 1 change detected
2026-03-15 03:26:29 - watchfiles.main - INFO - 1 change detected
2026-03-15 03:26:30 - watchfiles.main - INFO - 1 change detected
2026-03-15 03:26:30 - watchfiles.main - INFO - 1 change detected
2026-03-15 03:26:31 - watchfiles.main - INFO - 1 change detected
2026-03-15 03:26:31 - watchfiles.main - INFO - 1 change detected
2026-03-15 03:26:31 - watchfiles.main - INFO - 1 change detected
2026-03-15 03:26:32 - watchfiles.main - INFO - 1 change detected
2026-03-15 03:26:32 - watchfiles.main - INFO - 1 change detected
2026-03-15 03:26:32 - watchfiles.main - INFO - 1 change detected
2026-03-15 03:26:33 - watchfiles.main - INFO - 1 change detected
2026-03-15 03:26:33 - watchfiles.main - INFO - 1 change detected
2026-03-15 03:26:33 - watchfiles.main - INFO - 1 change detected
2026-03-15 03:26:34 - watchfiles.main - INFO - 1 change detected
2026-03-15 03:26:34 - watchfiles.main - INFO - 1 change detected
2026-03-15 03:26:35 - watchfiles.main - INFO - 1 change detected
2026-03-15 03:26:35 - watchfiles.main - INFO - 1 change detected
2026-03-15 03:26:35 - watchfiles.main - INFO - 1 change detected
2026-03-15 03:26:36 - watchfiles.main - INFO - 1 change detected
2026-03-15 03:26:36 - watchfiles.main - INFO - 1 change detected
2026-03-15 03:26:36 - watchfiles.main - INFO - 1 change detected
2026-03-15 03:26:37 - watchfiles.main - INFO - 1 change detected
2026-03-15 03:26:37 - watchfiles.main - INFO - 1 change detected
2026-03-15 03:26:37 - watchfiles.main - INFO - 1 change detected
2026-03-15 03:26:38 - watchfiles.main - INFO - 1 change detected
2026-03-15 03:26:38 - watchfiles.main - INFO - 1 change detected
2026-03-15 03:26:39 - watchfiles.main - INFO - 1 change detected
2026-03-15 03:26:39 - watchfiles.main - INFO - 1 change detected
2026-03-15 03:26:39 - watchfiles.main - INFO - 1 change detected
2026-03-15 03:26:40 - watchfiles.main - INFO - 1 change detected
2026-03-15 03:26:40 - watchfiles.main - INFO - 1 change detected
2026-03-15 03:26:41 - watchfiles.main - INFO - 1 change detected
2026-03-15 03:26:41 - watchfiles.main - INFO - 1 change detected
2026-03-15 03:26:41 - watchfiles.main - INFO - 1 change detected
2026-03-15 03:26:42 - watchfiles.main - INFO - 1 change detected
2026-03-15 03:26:42 - watchfiles.main - INFO - 1 change detected
2026-03-15 03:26:42 - watchfiles.main - INFO - 1 change detected
2026-03-15 03:26:43 - watchfiles.main - INFO - 1 change detected
2026-03-15 03:26:43 - watchfiles.main - INFO - 1 change detected
2026-03-15 03:26:44 - watchfiles.main - INFO - 1 change detected
2026-03-15 03:26:44 - watchfiles.main - INFO - 1 change detected
2026-03-15 03:26:44 - watchfiles.main - INFO - 1 change detected
2026-03-15 03:26:45 - watchfiles.main - INFO - 1 change detected
2026-03-15 03:26:45 - watchfiles.main - INFO - 1 change detected
2026-03-15 03:26:46 - watchfiles.main - INFO - 1 change detected
2026-03-15 03:26:46 - watchfiles.main - INFO - 1 change detected
2026-03-15 03:26:46 - watchfiles.main - INFO - 1 change detected
2026-03-15 03:26:47 - watchfiles.main - INFO - 1 change detected
2026-03-15 03:26:47 - watchfiles.main - INFO - 1 change detected
2026-03-15 03:26:47 - watchfiles.main - INFO - 1 change detected
2026-03-15 03:26:48 - watchfiles.main - INFO - 1 change detected
2026-03-15 03:26:48 - watchfiles.main - INFO - 1 change detected
2026-03-15 03:26:48 - watchfiles.main - INFO - 1 change detected
2026-03-15 03:26:49 - watchfiles.main - INFO - 1 change detected
2026-03-15 03:26:49 - watchfiles.main - INFO - 1 change detected
2026-03-15 03:26:49 - watchfiles.main - INFO - 1 change detected
2026-03-15 03:26:50 - watchfiles.main - INFO - 1 change detected
2026-03-15 03:26:50 - watchfiles.main - INFO - 1 change detected
2026-03-15 03:26:51 - watchfiles.main - INFO - 1 change detected
2026-03-15 03:26:51 - watchfiles.main - INFO - 1 change detected
2026-03-15 03:26:51 - watchfiles.main - INFO - 1 change detected
2026-03-15 03:26:52 - watchfiles.main - INFO - 1 change detected
2026-03-15 03:26:52 - watchfiles.main - INFO - 1 change detected
2026-03-15 03:26:52 - watchfiles.main - INFO - 1 change detected
2026-03-15 03:26:53 - watchfiles.main - INFO - 1 change detected
2026-03-15 03:26:53 - watchfiles.main - INFO - 1 change detected
2026-03-15 03:26:54 - watchfiles.main - INFO - 1 change detected
2026-03-15 03:26:54 - watchfiles.main - INFO - 1 change detected
2026-03-15 03:26:54 - watchfiles.main - INFO - 1 change detected
2026-03-15 03:26:55 - watchfiles.main - INFO - 1 change detected
2026-03-15 03:26:55 - watchfiles.main - INFO - 1 change detected
2026-03-15 03:26:55 - watchfiles.main - INFO - 1 change detected
2026-03-15 03:26:56 - watchfiles.main - INFO - 1 change detected
2026-03-15 03:26:56 - watchfiles.main - INFO - 1 change detected
2026-03-15 03:26:56 - watchfiles.main - INFO - 1 change detected
2026-03-15 03:26:57 - watchfiles.main - INFO - 1 change detected
2026-03-15 03:26:57 - watchfiles.main - INFO - 1 change detected
2026-03-15 03:26:58 - watchfiles.main - INFO - 1 change detected
2026-03-15 03:26:58 - watchfiles.main - INFO - 1 change detected
2026-03-15 03:26:58 - watchfiles.main - INFO - 1 change detected
2026-03-15 03:26:59 - watchfiles.main - INFO - 1 change detected
2026-03-15 03:26:59 - watchfiles.main - INFO - 1 change detected
2026-03-15 03:26:59 - watchfiles.main - INFO - 1 change detected
2026-03-15 03:27:00 - watchfiles.main - INFO - 1 change detected
2026-03-15 03:27:00 - watchfiles.main - INFO - 1 change detected
2026-03-15 03:27:01 - watchfiles.main - INFO - 1 change detected
2026-03-15 03:27:01 - watchfiles.main - INFO - 1 change detected
2026-03-15 03:27:01 - watchfiles.main - INFO - 1 change detected
2026-03-15 03:27:02 - watchfiles.main - INFO - 1 change detected
2026-03-15 03:27:02 - watchfiles.main - INFO - 1 change detected
2026-03-15 03:27:02 - watchfiles.main - INFO - 1 change detected
2026-03-15 03:27:03 - watchfiles.main - INFO - 1 change detected
2026-03-15 03:27:03 - watchfiles.main - INFO - 1 change detected
2026-03-15 03:27:03 - watchfiles.main - INFO - 1 change detected
2026-03-15 03:27:04 - watchfiles.main - INFO - 1 change detected
2026-03-15 03:27:04 - watchfiles.main - INFO - 1 change detected
2026-03-15 03:27:05 - watchfiles.main - INFO - 1 change detected
2026-03-15 03:27:05 - watchfiles.main - INFO - 1 change detected
2026-03-15 03:27:05 - watchfiles.main - INFO - 1 change detected
2026-03-15 03:27:06 - watchfiles.main - INFO - 1 change detected
2026-03-15 03:27:06 - watchfiles.main - INFO - 1 change detected
2026-03-15 03:27:07 - watchfiles.main - INFO - 1 change detected
2026-03-15 03:27:07 - watchfiles.main - INFO - 1 change detected
2026-03-15 03:27:07 - watchfiles.main - INFO - 1 change detected
2026-03-15 03:27:08 - watchfiles.main - INFO - 1 change detected
2026-03-15 03:27:08 - watchfiles.main - INFO - 1 change detected
2026-03-15 03:27:08 - watchfiles.main - INFO - 1 change detected
2026-03-15 03:27:09 - watchfiles.main - INFO - 1 change detected
2026-03-15 03:27:09 - watchfiles.main - INFO - 1 change detected
2026-03-15 03:27:10 - watchfiles.main - INFO - 1 change detected
2026-03-15 03:27:10 - watchfiles.main - INFO - 1 change detected
2026-03-15 03:27:10 - watchfiles.main - INFO - 1 change detected
2026-03-15 03:27:11 - watchfiles.main - INFO - 1 change detected
2026-03-15 03:27:11 - watchfiles.main - INFO - 1 change detected
2026-03-15 03:27:11 - watchfiles.main - INFO - 1 change detected
2026-03-15 03:27:12 - watchfiles.main - INFO - 1 change detected
2026-03-15 03:27:12 - watchfiles.main - INFO - 1 change detected
2026-03-15 03:27:13 - watchfiles.main - INFO - 1 change detected
2026-03-15 03:27:13 - watchfiles.main - INFO - 1 change detected
2026-03-15 03:27:13 - watchfiles.main - INFO - 1 change detected
2026-03-15 03:27:14 - watchfiles.main - INFO - 1 change detected
2026-03-15 03:27:14 - watchfiles.main - INFO - 1 change detected
2026-03-15 03:27:14 - watchfiles.main - INFO - 1 change detected
2026-03-15 03:27:15 - watchfiles.main - INFO - 1 change detected
2026-03-15 03:27:15 - watchfiles.main - INFO - 1 change detected
2026-03-15 03:27:15 - watchfiles.main - INFO - 1 change detected
2026-03-15 03:27:16 - watchfiles.main - INFO - 1 change detected
2026-03-15 03:27:16 - watchfiles.main - INFO - 1 change detected
2026-03-15 03:27:17 - watchfiles.main - INFO - 1 change detected
2026-03-15 03:27:17 - watchfiles.main - INFO - 1 change detected
2026-03-15 03:27:17 - watchfiles.main - INFO - 1 change detected
2026-03-15 03:27:18 - watchfiles.main - INFO - 1 change detected
2026-03-15 03:27:18 - watchfiles.main - INFO - 1 change detected
2026-03-15 03:27:19 - watchfiles.main - INFO - 1 change detected
2026-03-15 03:27:19 - watchfiles.main - INFO - 1 change detected
2026-03-15 03:27:19 - watchfiles.main - INFO - 1 change detected
2026-03-15 03:27:20 - watchfiles.main - INFO - 1 change detected
2026-03-15 03:27:20 - watchfiles.main - INFO - 1 change detected
2026-03-15 03:27:20 - watchfiles.main - INFO - 1 change detected
2026-03-15 03:27:21 - watchfiles.main - INFO - 1 change detected
2026-03-15 03:27:21 - watchfiles.main - INFO - 1 change detected
2026-03-15 03:27:21 - watchfiles.main - INFO - 1 change detected
2026-03-15 03:27:22 - watchfiles.main - INFO - 1 change detected
2026-03-15 03:27:22 - watchfiles.main - INFO - 1 change detected
2026-03-15 03:27:23 - watchfiles.main - INFO - 1 change detected
2026-03-15 03:27:23 - watchfiles.main - INFO - 1 change detected
2026-03-15 03:27:23 - watchfiles.main - INFO - 1 change detected
2026-03-15 03:27:24 - watchfiles.main - INFO - 1 change detected
2026-03-15 03:27:24 - watchfiles.main - INFO - 1 change detected
2026-03-15 03:27:24 - watchfiles.main - INFO - 1 change detected
2026-03-15 03:27:25 - watchfiles.main - INFO - 1 change detected
2026-03-15 03:27:25 - watchfiles.main - INFO - 1 change detected
2026-03-15 03:27:25 - watchfiles.main - INFO - 1 change detected
2026-03-15 03:27:26 - watchfiles.main - INFO - 1 change detected
2026-03-15 03:27:26 - watchfiles.main - INFO - 1 change detected
2026-03-15 03:27:27 - watchfiles.main - INFO - 1 change detected
2026-03-15 03:27:27 - watchfiles.main - INFO - 1 change detected
2026-03-15 03:27:27 - watchfiles.main - INFO - 1 change detected
2026-03-15 03:27:28 - watchfiles.main - INFO - 1 change detected
2026-03-15 03:27:28 - watchfiles.main - INFO - 1 change detected
2026-03-15 03:27:28 - watchfiles.main - INFO - 1 change detected
2026-03-15 03:27:29 - watchfiles.main - INFO - 1 change detected
2026-03-15 03:27:29 - watchfiles.main - INFO - 1 change detected
2026-03-15 03:27:30 - watchfiles.main - INFO - 1 change detected
2026-03-15 03:27:30 - watchfiles.main - INFO - 1 change detected
2026-03-15 03:27:30 - watchfiles.main - INFO - 1 change detected
2026-03-15 03:27:31 - watchfiles.main - INFO - 1 change detected
2026-03-15 03:27:31 - watchfiles.main - INFO - 1 change detected
2026-03-15 03:27:31 - watchfiles.main - INFO - 1 change detected
2026-03-15 03:27:32 - watchfiles.main - INFO - 1 change detected
2026-03-15 03:27:32 - watchfiles.main - INFO - 1 change detected
2026-03-15 03:27:32 - watchfiles.main - INFO - 1 change detected
2026-03-15 03:27:33 - watchfiles.main - INFO - 1 change detected
2026-03-15 03:27:33 - watchfiles.main - INFO - 1 change detected
2026-03-15 03:27:33 - watchfiles.main - INFO - 1 change detected
2026-03-15 03:27:34 - watchfiles.main - INFO - 1 change detected
2026-03-15 03:27:34 - watchfiles.main - INFO - 1 change detected
2026-03-15 03:27:35 - watchfiles.main - INFO - 1 change detected
2026-03-15 03:27:35 - watchfiles.main - INFO - 1 change detected
2026-03-15 03:27:35 - watchfiles.main - INFO - 1 change detected
2026-03-15 03:27:36 - watchfiles.main - INFO - 1 change detected
2026-03-15 03:27:36 - watchfiles.main - INFO - 1 change detected
2026-03-15 03:27:36 - watchfiles.main - INFO - 1 change detected
2026-03-15 03:27:37 - watchfiles.main - INFO - 1 change detected
2026-03-15 03:27:37 - watchfiles.main - INFO - 1 change detected
2026-03-15 03:27:38 - watchfiles.main - INFO - 1 change detected
2026-03-15 03:27:38 - watchfiles.main - INFO - 1 change detected
2026-03-15 03:27:38 - watchfiles.main - INFO - 1 change detected
2026-03-15 03:27:39 - watchfiles.main - INFO - 1 change detected
2026-03-15 03:27:39 - watchfiles.main - INFO - 1 change detected
2026-03-15 03:27:39 - watchfiles.main - INFO - 1 change detected
2026-03-15 03:27:40 - watchfiles.main - INFO - 1 change detected
2026-03-15 03:27:40 - watchfiles.main - INFO - 1 change detected
2026-03-15 03:27:41 - watchfiles.main - INFO - 1 change detected
2026-03-15 03:27:41 - watchfiles.main - INFO - 1 change detected
2026-03-15 03:27:41 - watchfiles.main - INFO - 1 change detected
2026-03-15 03:27:42 - watchfiles.main - INFO - 1 change detected
2026-03-15 03:27:42 - watchfiles.main - INFO - 1 change detected
2026-03-15 03:27:42 - watchfiles.main - INFO - 1 change detected
2026-03-15 03:27:43 - watchfiles.main - INFO - 1 change detected
2026-03-15 03:27:43 - watchfiles.main - INFO - 1 change detected
2026-03-15 03:27:44 - watchfiles.main - INFO - 1 change detected
2026-03-15 03:27:44 - watchfiles.main - INFO - 1 change detected
2026-03-15 03:27:44 - watchfiles.main - INFO - 1 change detected
2026-03-15 03:27:45 - watchfiles.main - INFO - 1 change detected
2026-03-15 03:27:45 - watchfiles.main - INFO - 1 change detected
2026-03-15 03:27:45 - watchfiles.main - INFO - 1 change detected
2026-03-15 03:27:46 - watchfiles.main - INFO - 1 change detected
2026-03-15 03:27:46 - watchfiles.main - INFO - 1 change detected
2026-03-15 03:27:47 - watchfiles.main - INFO - 1 change detected
2026-03-15 03:27:47 - watchfiles.main - INFO - 1 change detected
2026-03-15 03:27:47 - watchfiles.main - INFO - 1 change detected
2026-03-15 03:27:48 - watchfiles.main - INFO - 1 change detected
2026-03-15 03:27:48 - watchfiles.main - INFO - 1 change detected
2026-03-15 03:27:48 - watchfiles.main - INFO - 1 change detected
2026-03-15 03:27:49 - watchfiles.main - INFO - 1 change detected
2026-03-15 03:27:49 - watchfiles.main - INFO - 1 change detected
2026-03-15 03:27:49 - watchfiles.main - INFO - 1 change detected
2026-03-15 03:27:50 - watchfiles.main - INFO - 1 change detected
2026-03-15 03:27:50 - watchfiles.main - INFO - 1 change detected
2026-03-15 03:27:51 - watchfiles.main - INFO - 1 change detected
2026-03-15 03:27:51 - watchfiles.main - INFO - 1 change detected
2026-03-15 03:27:51 - watchfiles.main - INFO - 1 change detected
2026-03-15 03:27:52 - watchfiles.main - INFO - 1 change detected
2026-03-15 03:27:52 - watchfiles.main - INFO - 1 change detected
2026-03-15 03:27:52 - watchfiles.main - INFO - 1 change detected
2026-03-15 03:27:53 - watchfiles.main - INFO - 1 change detected
2026-03-15 03:27:53 - watchfiles.main - INFO - 1 change detected
2026-03-15 03:27:54 - watchfiles.main - INFO - 1 change detected
2026-03-15 03:27:54 - watchfiles.main - INFO - 1 change detected
2026-03-15 03:27:54 - watchfiles.main - INFO - 1 change detected
2026-03-15 03:27:55 - watchfiles.main - INFO - 1 change detected
2026-03-15 03:27:55 - watchfiles.main - INFO - 1 change detected
2026-03-15 03:27:55 - watchfiles.main - INFO - 1 change detected
2026-03-15 03:27:56 - watchfiles.main - INFO - 1 change detected
2026-03-15 03:27:56 - watchfiles.main - INFO - 1 change detected
2026-03-15 03:27:56 - watchfiles.main - INFO - 1 change detected
2026-03-15 03:27:57 - watchfiles.main - INFO - 1 change detected
2026-03-15 03:27:57 - watchfiles.main - INFO - 1 change detected
2026-03-15 03:27:58 - watchfiles.main - INFO - 1 change detected
2026-03-15 03:27:58 - watchfiles.main - INFO - 1 change detected
2026-03-15 03:27:58 - watchfiles.main - INFO - 1 change detected
2026-03-15 03:27:59 - watchfiles.main - INFO - 1 change detected
2026-03-15 03:27:59 - watchfiles.main - INFO - 1 change detected
2026-03-15 03:27:59 - watchfiles.main - INFO - 1 change detected
2026-03-15 03:28:00 - watchfiles.main - INFO - 1 change detected
2026-03-15 03:28:00 - watchfiles.main - INFO - 1 change detected
2026-03-15 03:28:01 - watchfiles.main - INFO - 1 change detected
2026-03-15 03:28:01 - watchfiles.main - INFO - 1 change detected
2026-03-15 03:28:01 - watchfiles.main - INFO - 1 change detected
2026-03-15 03:28:02 - watchfiles.main - INFO - 1 change detected
2026-03-15 03:28:02 - watchfiles.main - INFO - 1 change detected
2026-03-15 03:28:02 - watchfiles.main - INFO - 1 change detected
2026-03-15 03:28:03 - watchfiles.main - INFO - 1 change detected
2026-03-15 03:28:03 - watchfiles.main - INFO - 1 change detected
2026-03-15 03:28:04 - watchfiles.main - INFO - 1 change detected
2026-03-15 03:28:04 - watchfiles.main - INFO - 1 change detected
2026-03-15 03:28:04 - watchfiles.main - INFO - 1 change detected
2026-03-15 03:28:05 - watchfiles.main - INFO - 1 change detected
2026-03-15 03:28:05 - watchfiles.main - INFO - 1 change detected
2026-03-15 03:28:05 - watchfiles.main - INFO - 1 change detected
2026-03-15 03:28:06 - watchfiles.main - INFO - 1 change detected
2026-03-15 03:28:06 - watchfiles.main - INFO - 1 change detected
2026-03-15 03:28:06 - watchfiles.main - INFO - 1 change detected
2026-03-15 03:28:07 - watchfiles.main - INFO - 1 change detected
2026-03-15 03:28:07 - watchfiles.main - INFO - 1 change detected
2026-03-15 03:28:08 - watchfiles.main - INFO - 1 change detected
2026-03-15 03:28:08 - watchfiles.main - INFO - 1 change detected
2026-03-15 03:28:08 - watchfiles.main - INFO - 1 change detected
2026-03-15 03:28:09 - watchfiles.main - INFO - 1 change detected
2026-03-15 03:28:09 - watchfiles.main - INFO - 1 change detected
2026-03-15 03:28:09 - watchfiles.main - INFO - 1 change detected
2026-03-15 03:28:10 - watchfiles.main - INFO - 1 change detected
2026-03-15 03:28:10 - watchfiles.main - INFO - 1 change detected
2026-03-15 03:28:11 - watchfiles.main - INFO - 1 change detected
2026-03-15 03:28:11 - watchfiles.main - INFO - 1 change detected
2026-03-15 03:28:11 - watchfiles.main - INFO - 1 change detected
2026-03-15 03:28:12 - watchfiles.main - INFO - 1 change detected
2026-03-15 03:28:12 - watchfiles.main - INFO - 1 change detected
2026-03-15 03:28:12 - watchfiles.main - INFO - 1 change detected
2026-03-15 03:28:13 - watchfiles.main - INFO - 1 change detected
2026-03-15 03:28:13 - watchfiles.main - INFO - 1 change detected
2026-03-15 03:28:14 - watchfiles.main - INFO - 1 change detected
2026-03-15 03:28:14 - watchfiles.main - INFO - 1 change detected
2026-03-15 03:28:14 - watchfiles.main - INFO - 1 change detected
2026-03-15 03:28:15 - watchfiles.main - INFO - 1 change detected
2026-03-15 03:28:15 - watchfiles.main - INFO - 1 change detected
2026-03-15 03:28:15 - watchfiles.main - INFO - 1 change detected
2026-03-15 03:28:16 - watchfiles.main - INFO - 1 change detected
2026-03-15 03:28:16 - watchfiles.main - INFO - 1 change detected
2026-03-15 03:28:16 - watchfiles.main - INFO - 1 change detected
2026-03-15 03:28:17 - watchfiles.main - INFO - 1 change detected
2026-03-15 03:28:17 - watchfiles.main - INFO - 1 change detected
2026-03-15 03:28:18 - watchfiles.main - INFO - 1 change detected
2026-03-15 03:28:18 - watchfiles.main - INFO - 1 change detected
2026-03-15 03:28:18 - watchfiles.main - INFO - 1 change detected
2026-03-15 03:28:19 - watchfiles.main - INFO - 1 change detected
2026-03-15 03:28:19 - watchfiles.main - INFO - 1 change detected
2026-03-15 03:28:19 - watchfiles.main - INFO - 1 change detected
2026-03-15 03:28:20 - watchfiles.main - INFO - 1 change detected
2026-03-15 03:28:20 - watchfiles.main - INFO - 1 change detected
2026-03-15 03:28:21 - watchfiles.main - INFO - 1 change detected
2026-03-15 03:28:21 - watchfiles.main - INFO - 1 change detected
2026-03-15 03:28:21 - watchfiles.main - INFO - 1 change detected
2026-03-15 03:28:22 - watchfiles.main - INFO - 1 change detected
2026-03-15 03:28:22 - watchfiles.main - INFO - 1 change detected
2026-03-15 03:28:22 - watchfiles.main - INFO - 1 change detected
2026-03-15 03:28:23 - watchfiles.main - INFO - 1 change detected
2026-03-15 03:28:23 - watchfiles.main - INFO - 1 change detected
2026-03-15 03:28:24 - watchfiles.main - INFO - 1 change detected
2026-03-15 03:28:24 - watchfiles.main - INFO - 1 change detected
2026-03-15 03:28:24 - watchfiles.main - INFO - 1 change detected
2026-03-15 03:28:25 - watchfiles.main - INFO - 1 change detected
2026-03-15 03:28:25 - watchfiles.main - INFO - 1 change detected
2026-03-15 03:28:25 - watchfiles.main - INFO - 1 change detected
2026-03-15 03:28:26 - watchfiles.main - INFO - 1 change detected
2026-03-15 03:28:26 - watchfiles.main - INFO - 1 change detected
2026-03-15 03:28:26 - watchfiles.main - INFO - 1 change detected
2026-03-15 03:28:27 - watchfiles.main - INFO - 1 change detected
2026-03-15 03:28:27 - watchfiles.main - INFO - 1 change detected
2026-03-15 03:28:28 - watchfiles.main - INFO - 1 change detected
2026-03-15 03:28:28 - watchfiles.main - INFO - 1 change detected
2026-03-15 03:28:28 - watchfiles.main - INFO - 1 change detected
2026-03-15 03:28:29 - watchfiles.main - INFO - 1 change detected
2026-03-15 03:28:29 - watchfiles.main - INFO - 1 change detected
2026-03-15 03:28:30 - watchfiles.main - INFO - 1 change detected
2026-03-15 03:28:30 - watchfiles.main - INFO - 1 change detected
2026-03-15 03:28:30 - watchfiles.main - INFO - 1 change detected
2026-03-15 03:28:31 - watchfiles.main - INFO - 1 change detected
2026-03-15 03:28:31 - watchfiles.main - INFO - 1 change detected
2026-03-15 03:28:31 - watchfiles.main - INFO - 1 change detected
2026-03-15 03:28:32 - watchfiles.main - INFO - 1 change detected
2026-03-15 03:28:32 - watchfiles.main - INFO - 1 change detected
2026-03-15 03:28:32 - watchfiles.main - INFO - 1 change detected
2026-03-15 03:28:33 - watchfiles.main - INFO - 1 change detected
2026-03-15 03:28:33 - watchfiles.main - INFO - 1 change detected
2026-03-15 03:28:34 - watchfiles.main - INFO - 1 change detected
2026-03-15 03:28:34 - watchfiles.main - INFO - 1 change detected
2026-03-15 03:28:34 - watchfiles.main - INFO - 1 change detected
2026-03-15 03:28:35 - watchfiles.main - INFO - 1 change detected
2026-03-15 03:28:35 - watchfiles.main - INFO - 1 change detected
2026-03-15 03:28:36 - watchfiles.main - INFO - 1 change detected
2026-03-15 03:28:36 - watchfiles.main - INFO - 1 change detected
2026-03-15 03:28:36 - watchfiles.main - INFO - 1 change detected
2026-03-15 03:28:37 - watchfiles.main - INFO - 1 change detected
2026-03-15 03:28:37 - watchfiles.main - INFO - 1 change detected
2026-03-15 03:28:37 - watchfiles.main - INFO - 1 change detected
2026-03-15 03:28:38 - watchfiles.main - INFO - 1 change detected
2026-03-15 03:28:38 - watchfiles.main - INFO - 1 change detected
2026-03-15 03:28:38 - watchfiles.main - INFO - 1 change detected
2026-03-15 03:28:39 - watchfiles.main - INFO - 1 change detected
2026-03-15 03:28:39 - watchfiles.main - INFO - 1 change detected
2026-03-15 03:28:40 - watchfiles.main - INFO - 1 change detected
2026-03-15 03:28:40 - watchfiles.main - INFO - 1 change detected
2026-03-15 03:28:40 - watchfiles.main - INFO - 1 change detected
2026-03-15 03:28:41 - watchfiles.main - INFO - 1 change detected
2026-03-15 03:28:41 - watchfiles.main - INFO - 1 change detected
2026-03-15 03:28:42 - watchfiles.main - INFO - 1 change detected
2026-03-15 03:28:42 - watchfiles.main - INFO - 1 change detected
2026-03-15 03:28:42 - watchfiles.main - INFO - 1 change detected
2026-03-15 03:28:43 - watchfiles.main - INFO - 1 change detected
2026-03-15 03:28:43 - watchfiles.main - INFO - 1 change detected
2026-03-15 03:28:43 - watchfiles.main - INFO - 1 change detected
2026-03-15 03:28:44 - watchfiles.main - INFO - 1 change detected
2026-03-15 03:28:44 - watchfiles.main - INFO - 1 change detected
2026-03-15 03:28:44 - watchfiles.main - INFO - 1 change detected
2026-03-15 03:28:45 - watchfiles.main - INFO - 1 change detected
2026-03-15 03:28:45 - watchfiles.main - INFO - 1 change detected
2026-03-15 03:28:46 - watchfiles.main - INFO - 1 change detected
2026-03-15 03:28:46 - watchfiles.main - INFO - 1 change detected
2026-03-15 03:28:46 - watchfiles.main - INFO - 1 change detected
2026-03-15 03:28:47 - watchfiles.main - INFO - 1 change detected
2026-03-15 03:28:47 - watchfiles.main - INFO - 1 change detected
2026-03-15 03:28:47 - watchfiles.main - INFO - 1 change detected
2026-03-15 03:28:48 - watchfiles.main - INFO - 1 change detected
2026-03-15 03:28:48 - watchfiles.main - INFO - 1 change detected
2026-03-15 03:28:48 - watchfiles.main - INFO - 1 change detected
2026-03-15 03:28:49 - watchfiles.main - INFO - 1 change detected
2026-03-15 03:28:49 - watchfiles.main - INFO - 1 change detected
2026-03-15 03:28:50 - watchfiles.main - INFO - 1 change detected
2026-03-15 03:28:50 - watchfiles.main - INFO - 1 change detected
2026-03-15 03:28:50 - watchfiles.main - INFO - 1 change detected
2026-03-15 03:28:51 - watchfiles.main - INFO - 1 change detected
2026-03-15 03:28:51 - watchfiles.main - INFO - 1 change detected
2026-03-15 03:28:51 - watchfiles.main - INFO - 1 change detected
2026-03-15 03:28:52 - watchfiles.main - INFO - 1 change detected
2026-03-15 03:28:52 - watchfiles.main - INFO - 1 change detected
2026-03-15 03:28:53 - watchfiles.main - INFO - 1 change detected
2026-03-15 03:28:53 - watchfiles.main - INFO - 1 change detected
2026-03-15 03:28:53 - watchfiles.main - INFO - 1 change detected
2026-03-15 03:28:54 - watchfiles.main - INFO - 1 change detected
2026-03-15 03:28:54 - watchfiles.main - INFO - 1 change detected
2026-03-15 03:28:54 - watchfiles.main - INFO - 1 change detected
2026-03-15 03:28:55 - watchfiles.main - INFO - 1 change detected
2026-03-15 03:28:55 - watchfiles.main - INFO - 1 change detected
2026-03-15 03:28:56 - watchfiles.main - INFO - 1 change detected
2026-03-15 03:28:56 - watchfiles.main - INFO - 1 change detected
2026-03-15 03:28:56 - watchfiles.main - INFO - 1 change detected
2026-03-15 03:28:57 - watchfiles.main - INFO - 1 change detected
2026-03-15 03:28:57 - watchfiles.main - INFO - 1 change detected
2026-03-15 03:28:57 - watchfiles.main - INFO - 1 change detected
2026-03-15 03:28:58 - watchfiles.main - INFO - 1 change detected
2026-03-15 03:28:58 - watchfiles.main - INFO - 1 change detected
2026-03-15 03:28:59 - watchfiles.main - INFO - 1 change detected
2026-03-15 03:28:59 - watchfiles.main - INFO - 1 change detected
2026-03-15 03:28:59 - watchfiles.main - INFO - 1 change detected
2026-03-15 03:29:00 - watchfiles.main - INFO - 1 change detected
2026-03-15 03:29:00 - watchfiles.main - INFO - 1 change detected
2026-03-15 03:29:00 - watchfiles.main - INFO - 1 change detected
2026-03-15 03:29:01 - watchfiles.main - INFO - 1 change detected
2026-03-15 03:29:01 - watchfiles.main - INFO - 1 change detected
2026-03-15 03:29:01 - watchfiles.main - INFO - 1 change detected
2026-03-15 03:29:02 - watchfiles.main - INFO - 1 change detected
2026-03-15 03:29:02 - watchfiles.main - INFO - 1 change detected
2026-03-15 03:29:03 - watchfiles.main - INFO - 1 change detected
2026-03-15 03:29:03 - watchfiles.main - INFO - 1 change detected
2026-03-15 03:29:03 - watchfiles.main - INFO - 1 change detected
2026-03-15 03:29:04 - watchfiles.main - INFO - 1 change detected
2026-03-15 03:29:04 - watchfiles.main - INFO - 1 change detected
2026-03-15 03:29:04 - watchfiles.main - INFO - 1 change detected
2026-03-15 03:29:05 - watchfiles.main - INFO - 1 change detected
2026-03-15 03:29:05 - watchfiles.main - INFO - 1 change detected
2026-03-15 03:29:06 - watchfiles.main - INFO - 1 change detected
2026-03-15 03:29:06 - watchfiles.main - INFO - 1 change detected
2026-03-15 03:29:06 - watchfiles.main - INFO - 1 change detected
2026-03-15 03:29:07 - watchfiles.main - INFO - 1 change detected
2026-03-15 03:29:07 - watchfiles.main - INFO - 1 change detected
2026-03-15 03:29:07 - watchfiles.main - INFO - 1 change detected
2026-03-15 03:29:08 - watchfiles.main - INFO - 1 change detected
2026-03-15 03:29:08 - watchfiles.main - INFO - 1 change detected
2026-03-15 03:29:08 - watchfiles.main - INFO - 1 change detected
2026-03-15 03:29:09 - watchfiles.main - INFO - 1 change detected
2026-03-15 03:29:09 - watchfiles.main - INFO - 1 change detected
2026-03-15 03:29:10 - watchfiles.main - INFO - 1 change detected
2026-03-15 03:29:10 - watchfiles.main - INFO - 1 change detected
2026-03-15 03:29:10 - watchfiles.main - INFO - 1 change detected
2026-03-15 03:29:11 - watchfiles.main - INFO - 1 change detected
2026-03-15 03:29:11 - watchfiles.main - INFO - 1 change detected
2026-03-15 03:29:11 - watchfiles.main - INFO - 1 change detected
2026-03-15 03:29:12 - watchfiles.main - INFO - 1 change detected
2026-03-15 03:29:12 - watchfiles.main - INFO - 1 change detected
2026-03-15 03:29:13 - watchfiles.main - INFO - 1 change detected
2026-03-15 03:29:13 - watchfiles.main - INFO - 1 change detected
2026-03-15 03:29:13 - watchfiles.main - INFO - 1 change detected
2026-03-15 03:29:14 - watchfiles.main - INFO - 1 change detected
2026-03-15 03:29:14 - watchfiles.main - INFO - 1 change detected
2026-03-15 03:29:15 - watchfiles.main - INFO - 1 change detected
2026-03-15 03:29:15 - watchfiles.main - INFO - 1 change detected
2026-03-15 03:29:15 - watchfiles.main - INFO - 1 change detected
2026-03-15 03:29:16 - watchfiles.main - INFO - 1 change detected
2026-03-15 03:29:16 - watchfiles.main - INFO - 1 change detected
2026-03-15 03:29:16 - watchfiles.main - INFO - 1 change detected
2026-03-15 03:29:17 - watchfiles.main - INFO - 1 change detected
2026-03-15 03:29:17 - watchfiles.main - INFO - 1 change detected
2026-03-15 03:29:17 - watchfiles.main - INFO - 1 change detected
2026-03-15 03:29:18 - watchfiles.main - INFO - 1 change detected
2026-03-15 03:29:18 - watchfiles.main - INFO - 1 change detected
2026-03-15 03:29:19 - watchfiles.main - INFO - 1 change detected
2026-03-15 03:29:19 - watchfiles.main - INFO - 1 change detected
2026-03-15 03:29:19 - watchfiles.main - INFO - 1 change detected
2026-03-15 03:29:20 - watchfiles.main - INFO - 1 change detected
2026-03-15 03:29:20 - watchfiles.main - INFO - 1 change detected
2026-03-15 03:29:21 - watchfiles.main - INFO - 1 change detected
2026-03-15 03:29:21 - watchfiles.main - INFO - 1 change detected
2026-03-15 03:29:21 - watchfiles.main - INFO - 1 change detected
2026-03-15 03:29:22 - watchfiles.main - INFO - 1 change detected
2026-03-15 03:29:22 - watchfiles.main - INFO - 1 change detected
2026-03-15 03:29:22 - watchfiles.main - INFO - 1 change detected
2026-03-15 03:29:23 - watchfiles.main - INFO - 1 change detected
2026-03-15 03:29:23 - watchfiles.main - INFO - 1 change detected
2026-03-15 03:29:23 - watchfiles.main - INFO - 1 change detected
2026-03-15 03:29:24 - watchfiles.main - INFO - 1 change detected
2026-03-15 03:29:24 - watchfiles.main - INFO - 1 change detected
2026-03-15 03:29:25 - watchfiles.main - INFO - 1 change detected
2026-03-15 03:29:25 - watchfiles.main - INFO - 1 change detected
2026-03-15 03:29:25 - watchfiles.main - INFO - 1 change detected
2026-03-15 03:29:26 - watchfiles.main - INFO - 1 change detected
2026-03-15 03:29:26 - watchfiles.main - INFO - 1 change detected
2026-03-15 03:29:27 - watchfiles.main - INFO - 1 change detected
2026-03-15 03:29:27 - watchfiles.main - INFO - 1 change detected
2026-03-15 03:29:27 - watchfiles.main - INFO - 1 change detected
2026-03-15 03:29:28 - watchfiles.main - INFO - 1 change detected
2026-03-15 03:29:28 - watchfiles.main - INFO - 1 change detected
2026-03-15 03:29:28 - watchfiles.main - INFO - 1 change detected
2026-03-15 03:29:29 - watchfiles.main - INFO - 1 change detected
2026-03-15 03:29:29 - watchfiles.main - INFO - 1 change detected
2026-03-15 03:29:29 - watchfiles.main - INFO - 1 change detected
2026-03-15 03:29:30 - watchfiles.main - INFO - 1 change detected
2026-03-15 03:29:30 - watchfiles.main - INFO - 1 change detected
2026-03-15 03:29:30 - watchfiles.main - INFO - 1 change detected
2026-03-15 03:29:31 - watchfiles.main - INFO - 1 change detected
2026-03-15 03:29:31 - watchfiles.main - INFO - 1 change detected
2026-03-15 03:29:32 - watchfiles.main - INFO - 1 change detected
2026-03-15 03:29:32 - watchfiles.main - INFO - 1 change detected
2026-03-15 03:29:32 - watchfiles.main - INFO - 1 change detected
2026-03-15 03:29:33 - watchfiles.main - INFO - 1 change detected
2026-03-15 03:29:33 - watchfiles.main - INFO - 1 change detected
2026-03-15 03:29:34 - watchfiles.main - INFO - 1 change detected
2026-03-15 03:29:34 - watchfiles.main - INFO - 1 change detected
2026-03-15 03:29:34 - watchfiles.main - INFO - 1 change detected
2026-03-15 03:29:35 - watchfiles.main - INFO - 1 change detected
2026-03-15 03:29:35 - watchfiles.main - INFO - 1 change detected
2026-03-15 03:29:35 - watchfiles.main - INFO - 1 change detected
2026-03-15 03:29:36 - watchfiles.main - INFO - 1 change detected
2026-03-15 03:29:36 - watchfiles.main - INFO - 1 change detected
2026-03-15 03:29:36 - watchfiles.main - INFO - 1 change detected
2026-03-15 03:29:37 - watchfiles.main - INFO - 1 change detected
2026-03-15 03:29:37 - watchfiles.main - INFO - 1 change detected
2026-03-15 03:29:38 - watchfiles.main - INFO - 1 change detected
2026-03-15 03:29:38 - watchfiles.main - INFO - 1 change detected
2026-03-15 03:29:38 - watchfiles.main - INFO - 1 change detected
2026-03-15 03:29:39 - watchfiles.main - INFO - 1 change detected
2026-03-15 03:29:39 - watchfiles.main - INFO - 1 change detected
2026-03-15 03:29:39 - watchfiles.main - INFO - 1 change detected
2026-03-15 03:29:40 - watchfiles.main - INFO - 1 change detected
2026-03-15 03:29:40 - watchfiles.main - INFO - 1 change detected
2026-03-15 03:29:40 - watchfiles.main - INFO - 1 change detected
2026-03-15 03:29:41 - watchfiles.main - INFO - 1 change detected
2026-03-15 03:29:41 - watchfiles.main - INFO - 1 change detected
2026-03-15 03:29:42 - watchfiles.main - INFO - 1 change detected
2026-03-15 03:29:42 - watchfiles.main - INFO - 1 change detected
2026-03-15 03:29:42 - watchfiles.main - INFO - 1 change detected
2026-03-15 03:29:43 - watchfiles.main - INFO - 1 change detected
2026-03-15 03:29:43 - watchfiles.main - INFO - 1 change detected
2026-03-15 03:29:43 - watchfiles.main - INFO - 1 change detected
2026-03-15 03:29:44 - watchfiles.main - INFO - 1 change detected
2026-03-15 03:29:44 - watchfiles.main - INFO - 1 change detected
2026-03-15 03:29:45 - watchfiles.main - INFO - 1 change detected
2026-03-15 03:29:45 - watchfiles.main - INFO - 1 change detected
2026-03-15 03:29:45 - watchfiles.main - INFO - 1 change detected
2026-03-15 03:29:46 - watchfiles.main - INFO - 1 change detected
2026-03-15 03:29:46 - watchfiles.main - INFO - 1 change detected
2026-03-15 03:29:46 - watchfiles.main - INFO - 1 change detected
2026-03-15 03:29:47 - watchfiles.main - INFO - 1 change detected
2026-03-15 03:29:47 - watchfiles.main - INFO - 1 change detected
2026-03-15 03:29:48 - watchfiles.main - INFO - 1 change detected
2026-03-15 03:29:48 - watchfiles.main - INFO - 1 change detected
2026-03-15 03:29:48 - watchfiles.main - INFO - 1 change detected
2026-03-15 03:29:49 - watchfiles.main - INFO - 1 change detected
2026-03-15 03:29:49 - watchfiles.main - INFO - 1 change detected
2026-03-15 03:29:49 - watchfiles.main - INFO - 1 change detected
2026-03-15 03:29:50 - watchfiles.main - INFO - 1 change detected
2026-03-15 03:29:50 - watchfiles.main - INFO - 1 change detected
2026-03-15 03:29:51 - watchfiles.main - INFO - 1 change detected
2026-03-15 03:29:51 - watchfiles.main - INFO - 1 change detected
2026-03-15 03:29:51 - watchfiles.main - INFO - 1 change detected
2026-03-15 03:29:52 - watchfiles.main - INFO - 1 change detected
2026-03-15 03:29:52 - watchfiles.main - INFO - 1 change detected
2026-03-15 03:29:52 - watchfiles.main - INFO - 1 change detected
2026-03-15 03:29:53 - watchfiles.main - INFO - 1 change detected
2026-03-15 03:29:53 - watchfiles.main - INFO - 1 change detected
2026-03-15 03:29:54 - watchfiles.main - INFO - 1 change detected
2026-03-15 03:29:54 - watchfiles.main - INFO - 1 change detected
2026-03-15 03:29:54 - watchfiles.main - INFO - 1 change detected
2026-03-15 03:29:55 - watchfiles.main - INFO - 1 change detected
2026-03-15 03:29:55 - watchfiles.main - INFO - 1 change detected
2026-03-15 03:29:55 - watchfiles.main - INFO - 1 change detected
2026-03-15 03:29:56 - watchfiles.main - INFO - 1 change detected
2026-03-15 03:29:56 - watchfiles.main - INFO - 1 change detected
2026-03-15 03:29:57 - watchfiles.main - INFO - 1 change detected
2026-03-15 03:29:57 - watchfiles.main - INFO - 1 change detected
2026-03-15 03:29:57 - watchfiles.main - INFO - 1 change detected
2026-03-15 03:29:58 - watchfiles.main - INFO - 1 change detected
2026-03-15 03:29:58 - watchfiles.main - INFO - 1 change detected
2026-03-15 03:29:58 - watchfiles.main - INFO - 1 change detected
2026-03-15 03:29:59 - watchfiles.main - INFO - 1 change detected
2026-03-15 03:29:59 - watchfiles.main - INFO - 1 change detected
2026-03-15 03:29:59 - watchfiles.main - INFO - 1 change detected
2026-03-15 03:30:00 - watchfiles.main - INFO - 1 change detected
2026-03-15 03:30:00 - watchfiles.main - INFO - 1 change detected
2026-03-15 03:30:01 - watchfiles.main - INFO - 1 change detected
2026-03-15 03:30:01 - watchfiles.main - INFO - 1 change detected
2026-03-15 03:30:01 - watchfiles.main - INFO - 1 change detected
2026-03-15 03:30:02 - watchfiles.main - INFO - 1 change detected
2026-03-15 03:30:02 - watchfiles.main - INFO - 1 change detected
2026-03-15 03:30:02 - watchfiles.main - INFO - 1 change detected
2026-03-15 03:30:03 - watchfiles.main - INFO - 1 change detected
2026-03-15 03:30:03 - watchfiles.main - INFO - 1 change detected
2026-03-15 03:30:04 - watchfiles.main - INFO - 1 change detected
2026-03-15 03:30:04 - watchfiles.main - INFO - 1 change detected
2026-03-15 03:30:04 - watchfiles.main - INFO - 1 change detected
2026-03-15 03:30:05 - watchfiles.main - INFO - 1 change detected
2026-03-15 03:30:05 - watchfiles.main - INFO - 1 change detected
2026-03-15 03:30:06 - watchfiles.main - INFO - 1 change detected
2026-03-15 03:30:06 - watchfiles.main - INFO - 1 change detected
2026-03-15 03:30:06 - watchfiles.main - INFO - 1 change detected
2026-03-15 03:30:07 - watchfiles.main - INFO - 1 change detected
2026-03-15 03:30:07 - watchfiles.main - INFO - 1 change detected
2026-03-15 03:30:07 - watchfiles.main - INFO - 1 change detected
2026-03-15 03:30:08 - watchfiles.main - INFO - 1 change detected
2026-03-15 03:30:08 - watchfiles.main - INFO - 1 change detected
2026-03-15 03:30:09 - watchfiles.main - INFO - 1 change detected
2026-03-15 03:30:09 - watchfiles.main - INFO - 1 change detected
2026-03-15 03:30:09 - watchfiles.main - INFO - 1 change detected
2026-03-15 03:30:10 - watchfiles.main - INFO - 1 change detected
2026-03-15 03:30:10 - watchfiles.main - INFO - 1 change detected
2026-03-15 03:30:10 - watchfiles.main - INFO - 1 change detected
2026-03-15 03:30:11 - watchfiles.main - INFO - 1 change detected
2026-03-15 03:30:11 - watchfiles.main - INFO - 1 change detected
2026-03-15 03:30:12 - watchfiles.main - INFO - 1 change detected
2026-03-15 03:30:12 - watchfiles.main - INFO - 1 change detected
2026-03-15 03:30:12 - watchfiles.main - INFO - 1 change detected
2026-03-15 03:30:13 - watchfiles.main - INFO - 1 change detected
2026-03-15 03:30:13 - watchfiles.main - INFO - 1 change detected
2026-03-15 03:30:13 - watchfiles.main - INFO - 1 change detected
2026-03-15 03:30:14 - watchfiles.main - INFO - 1 change detected
2026-03-15 03:30:14 - watchfiles.main - INFO - 1 change detected
2026-03-15 03:30:14 - watchfiles.main - INFO - 1 change detected
2026-03-15 03:30:15 - watchfiles.main - INFO - 1 change detected
2026-03-15 03:30:15 - watchfiles.main - INFO - 1 change detected
2026-03-15 03:30:16 - watchfiles.main - INFO - 1 change detected
2026-03-15 03:30:16 - watchfiles.main - INFO - 1 change detected
2026-03-15 03:30:16 - watchfiles.main - INFO - 1 change detected
2026-03-15 03:30:17 - watchfiles.main - INFO - 1 change detected
2026-03-15 03:30:17 - watchfiles.main - INFO - 1 change detected
2026-03-15 03:30:17 - watchfiles.main - INFO - 1 change detected
2026-03-15 03:30:18 - watchfiles.main - INFO - 1 change detected
2026-03-15 03:30:18 - watchfiles.main - INFO - 1 change detected
2026-03-15 03:30:18 - watchfiles.main - INFO - 1 change detected
2026-03-15 03:30:19 - watchfiles.main - INFO - 1 change detected
2026-03-15 03:30:19 - watchfiles.main - INFO - 1 change detected
2026-03-15 03:30:20 - watchfiles.main - INFO - 1 change detected
2026-03-15 03:30:20 - watchfiles.main - INFO - 1 change detected
2026-03-15 03:30:20 - watchfiles.main - INFO - 1 change detected
2026-03-15 03:30:21 - watchfiles.main - INFO - 1 change detected
2026-03-15 03:30:21 - watchfiles.main - INFO - 1 change detected
2026-03-15 03:30:21 - watchfiles.main - INFO - 1 change detected
2026-03-15 03:30:22 - watchfiles.main - INFO - 1 change detected
2026-03-15 03:30:22 - watchfiles.main - INFO - 1 change detected
2026-03-15 03:30:22 - watchfiles.main - INFO - 1 change detected
2026-03-15 03:30:23 - watchfiles.main - INFO - 1 change detected
2026-03-15 03:30:23 - watchfiles.main - INFO - 1 change detected
2026-03-15 03:30:24 - watchfiles.main - INFO - 1 change detected
2026-03-15 03:30:24 - watchfiles.main - INFO - 1 change detected
2026-03-15 03:30:24 - watchfiles.main - INFO - 1 change detected
2026-03-15 03:30:25 - watchfiles.main - INFO - 1 change detected
2026-03-15 03:30:25 - watchfiles.main - INFO - 1 change detected
2026-03-15 03:30:25 - watchfiles.main - INFO - 1 change detected
2026-03-15 03:30:26 - watchfiles.main - INFO - 1 change detected
2026-03-15 03:30:26 - watchfiles.main - INFO - 1 change detected
2026-03-15 03:30:26 - watchfiles.main - INFO - 1 change detected
2026-03-15 03:30:27 - watchfiles.main - INFO - 1 change detected
2026-03-15 03:30:27 - watchfiles.main - INFO - 1 change detected
2026-03-15 03:30:28 - watchfiles.main - INFO - 1 change detected
2026-03-15 03:30:28 - watchfiles.main - INFO - 1 change detected
2026-03-15 03:30:28 - watchfiles.main - INFO - 1 change detected
2026-03-15 03:30:29 - watchfiles.main - INFO - 1 change detected
2026-03-15 03:30:29 - watchfiles.main - INFO - 1 change detected
2026-03-15 03:30:29 - watchfiles.main - INFO - 1 change detected
2026-03-15 03:30:30 - watchfiles.main - INFO - 1 change detected
2026-03-15 03:30:30 - watchfiles.main - INFO - 1 change detected
2026-03-15 03:30:30 - watchfiles.main - INFO - 1 change detected
2026-03-15 03:30:31 - watchfiles.main - INFO - 1 change detected
2026-03-15 03:30:31 - watchfiles.main - INFO - 1 change detected
2026-03-15 03:30:32 - watchfiles.main - INFO - 1 change detected
2026-03-15 03:30:32 - watchfiles.main - INFO - 1 change detected
2026-03-15 03:30:32 - watchfiles.main - INFO - 1 change detected
2026-03-15 03:30:33 - watchfiles.main - INFO - 1 change detected
2026-03-15 03:30:33 - watchfiles.main - INFO - 1 change detected
2026-03-15 03:30:33 - watchfiles.main - INFO - 1 change detected
2026-03-15 03:30:34 - watchfiles.main - INFO - 1 change detected
2026-03-15 03:30:34 - watchfiles.main - INFO - 1 change detected
2026-03-15 03:30:35 - watchfiles.main - INFO - 1 change detected
2026-03-15 03:30:35 - watchfiles.main - INFO - 1 change detected
2026-03-15 03:30:35 - watchfiles.main - INFO - 1 change detected
2026-03-15 03:30:36 - watchfiles.main - INFO - 1 change detected
2026-03-15 03:30:36 - watchfiles.main - INFO - 1 change detected
2026-03-15 03:30:36 - watchfiles.main - INFO - 1 change detected
2026-03-15 03:30:37 - watchfiles.main - INFO - 1 change detected
2026-03-15 03:30:37 - watchfiles.main - INFO - 1 change detected
2026-03-15 03:30:37 - watchfiles.main - INFO - 1 change detected
2026-03-15 03:30:38 - watchfiles.main - INFO - 1 change detected
2026-03-15 03:30:38 - watchfiles.main - INFO - 1 change detected
2026-03-15 03:30:39 - watchfiles.main - INFO - 1 change detected
2026-03-15 03:30:39 - watchfiles.main - INFO - 1 change detected
2026-03-15 03:30:39 - watchfiles.main - INFO - 1 change detected
2026-03-15 03:30:40 - watchfiles.main - INFO - 1 change detected
2026-03-15 03:30:40 - watchfiles.main - INFO - 1 change detected
2026-03-15 03:30:40 - watchfiles.main - INFO - 1 change detected
2026-03-15 03:30:41 - watchfiles.main - INFO - 1 change detected
2026-03-15 03:30:41 - watchfiles.main - INFO - 1 change detected
2026-03-15 03:30:42 - watchfiles.main - INFO - 1 change detected
2026-03-15 03:30:42 - watchfiles.main - INFO - 1 change detected
2026-03-15 03:30:42 - watchfiles.main - INFO - 1 change detected
2026-03-15 03:30:43 - watchfiles.main - INFO - 1 change detected
2026-03-15 03:30:43 - watchfiles.main - INFO - 1 change detected
2026-03-15 03:30:43 - watchfiles.main - INFO - 1 change detected
2026-03-15 03:30:44 - watchfiles.main - INFO - 1 change detected
2026-03-15 03:30:44 - watchfiles.main - INFO - 1 change detected
2026-03-15 03:30:45 - watchfiles.main - INFO - 1 change detected
2026-03-15 03:30:45 - watchfiles.main - INFO - 1 change detected
2026-03-15 03:30:45 - watchfiles.main - INFO - 1 change detected
2026-03-15 03:30:46 - watchfiles.main - INFO - 1 change detected
2026-03-15 03:30:46 - watchfiles.main - INFO - 1 change detected
2026-03-15 03:30:46 - watchfiles.main - INFO - 1 change detected
2026-03-15 03:30:47 - watchfiles.main - INFO - 1 change detected
2026-03-15 03:30:47 - watchfiles.main - INFO - 1 change detected
2026-03-15 03:30:48 - watchfiles.main - INFO - 1 change detected
2026-03-15 03:30:48 - watchfiles.main - INFO - 1 change detected
2026-03-15 03:30:48 - watchfiles.main - INFO - 1 change detected
2026-03-15 03:30:49 - watchfiles.main - INFO - 1 change detected
2026-03-15 03:30:49 - watchfiles.main - INFO - 1 change detected
2026-03-15 03:30:49 - watchfiles.main - INFO - 1 change detected
2026-03-15 03:30:50 - watchfiles.main - INFO - 1 change detected
2026-03-15 03:30:50 - watchfiles.main - INFO - 1 change detected
2026-03-15 03:30:51 - watchfiles.main - INFO - 1 change detected
2026-03-15 03:30:51 - watchfiles.main - INFO - 1 change detected
2026-03-15 03:30:51 - watchfiles.main - INFO - 1 change detected
2026-03-15 03:30:52 - watchfiles.main - INFO - 1 change detected
2026-03-15 03:30:52 - watchfiles.main - INFO - 1 change detected
2026-03-15 03:30:52 - watchfiles.main - INFO - 1 change detected
2026-03-15 03:30:53 - watchfiles.main - INFO - 1 change detected
2026-03-15 03:30:53 - watchfiles.main - INFO - 1 change detected
2026-03-15 03:30:54 - watchfiles.main - INFO - 1 change detected
2026-03-15 03:30:54 - watchfiles.main - INFO - 1 change detected
2026-03-15 03:30:54 - watchfiles.main - INFO - 1 change detected
2026-03-15 03:30:55 - watchfiles.main - INFO - 1 change detected
2026-03-15 03:30:55 - watchfiles.main - INFO - 1 change detected
2026-03-15 03:30:55 - watchfiles.main - INFO - 1 change detected
2026-03-15 03:30:56 - watchfiles.main - INFO - 1 change detected
2026-03-15 03:30:56 - watchfiles.main - INFO - 1 change detected
2026-03-15 03:30:57 - watchfiles.main - INFO - 1 change detected
2026-03-15 03:30:57 - watchfiles.main - INFO - 1 change detected
2026-03-15 03:30:57 - watchfiles.main - INFO - 1 change detected
2026-03-15 03:30:58 - watchfiles.main - INFO - 1 change detected
2026-03-15 03:30:58 - watchfiles.main - INFO - 1 change detected
2026-03-15 03:30:58 - watchfiles.main - INFO - 1 change detected
2026-03-15 03:30:59 - watchfiles.main - INFO - 1 change detected
2026-03-15 03:30:59 - watchfiles.main - INFO - 1 change detected
2026-03-15 03:30:59 - watchfiles.main - INFO - 1 change detected
2026-03-15 03:31:00 - watchfiles.main - INFO - 1 change detected
2026-03-15 03:31:00 - watchfiles.main - INFO - 1 change detected
2026-03-15 03:31:01 - watchfiles.main - INFO - 1 change detected
2026-03-15 03:31:01 - watchfiles.main - INFO - 1 change detected
2026-03-15 03:31:01 - watchfiles.main - INFO - 1 change detected
2026-03-15 03:31:02 - watchfiles.main - INFO - 1 change detected
2026-03-15 03:31:02 - watchfiles.main - INFO - 1 change detected
2026-03-15 03:31:02 - watchfiles.main - INFO - 1 change detected
2026-03-15 03:31:03 - watchfiles.main - INFO - 1 change detected
2026-03-15 03:31:03 - watchfiles.main - INFO - 1 change detected
2026-03-15 03:31:04 - watchfiles.main - INFO - 1 change detected
2026-03-15 03:31:04 - watchfiles.main - INFO - 1 change detected
2026-03-15 03:31:04 - watchfiles.main - INFO - 1 change detected
2026-03-15 03:31:05 - watchfiles.main - INFO - 1 change detected
2026-03-15 03:31:05 - watchfiles.main - INFO - 1 change detected
2026-03-15 03:31:05 - watchfiles.main - INFO - 1 change detected
2026-03-15 03:31:06 - watchfiles.main - INFO - 1 change detected
2026-03-15 03:31:06 - watchfiles.main - INFO - 1 change detected
2026-03-15 03:31:07 - watchfiles.main - INFO - 1 change detected
2026-03-15 03:31:07 - watchfiles.main - INFO - 1 change detected
2026-03-15 03:31:07 - watchfiles.main - INFO - 1 change detected
2026-03-15 03:31:08 - watchfiles.main - INFO - 1 change detected
2026-03-15 03:31:08 - watchfiles.main - INFO - 1 change detected
2026-03-15 03:31:08 - watchfiles.main - INFO - 1 change detected
2026-03-15 03:31:09 - watchfiles.main - INFO - 1 change detected
2026-03-15 03:31:09 - watchfiles.main - INFO - 1 change detected
2026-03-15 03:31:10 - watchfiles.main - INFO - 1 change detected
2026-03-15 03:31:10 - watchfiles.main - INFO - 1 change detected
2026-03-15 03:31:10 - watchfiles.main - INFO - 1 change detected
2026-03-15 03:31:11 - watchfiles.main - INFO - 1 change detected
2026-03-15 03:31:11 - watchfiles.main - INFO - 1 change detected
2026-03-15 03:31:12 - watchfiles.main - INFO - 1 change detected
2026-03-15 03:31:12 - watchfiles.main - INFO - 1 change detected
2026-03-15 03:31:12 - watchfiles.main - INFO - 1 change detected
2026-03-15 03:31:13 - watchfiles.main - INFO - 1 change detected
2026-03-15 03:31:13 - watchfiles.main - INFO - 1 change detected
2026-03-15 03:31:14 - watchfiles.main - INFO - 1 change detected
2026-03-15 03:31:14 - watchfiles.main - INFO - 1 change detected
2026-03-15 03:31:14 - watchfiles.main - INFO - 1 change detected
2026-03-15 03:31:15 - watchfiles.main - INFO - 1 change detected
2026-03-15 03:31:15 - watchfiles.main - INFO - 1 change detected
2026-03-15 03:31:15 - watchfiles.main - INFO - 1 change detected
2026-03-15 03:31:16 - watchfiles.main - INFO - 1 change detected
2026-03-15 03:31:16 - watchfiles.main - INFO - 1 change detected
2026-03-15 03:31:17 - watchfiles.main - INFO - 1 change detected
2026-03-15 03:31:17 - watchfiles.main - INFO - 1 change detected
2026-03-15 03:31:17 - watchfiles.main - INFO - 1 change detected
2026-03-15 03:31:18 - watchfiles.main - INFO - 1 change detected
2026-03-15 03:31:18 - watchfiles.main - INFO - 1 change detected
2026-03-15 03:31:19 - watchfiles.main - INFO - 1 change detected
2026-03-15 03:31:19 - watchfiles.main - INFO - 1 change detected
2026-03-15 03:31:19 - watchfiles.main - INFO - 1 change detected
2026-03-15 03:31:20 - watchfiles.main - INFO - 1 change detected
2026-03-15 03:31:20 - watchfiles.main - INFO - 1 change detected
2026-03-15 03:31:20 - watchfiles.main - INFO - 1 change detected
2026-03-15 03:31:21 - watchfiles.main - INFO - 1 change detected
2026-03-15 03:31:21 - watchfiles.main - INFO - 1 change detected
2026-03-15 03:31:21 - watchfiles.main - INFO - 1 change detected
2026-03-15 03:31:22 - watchfiles.main - INFO - 1 change detected
2026-03-15 03:31:22 - watchfiles.main - INFO - 1 change detected
2026-03-15 03:31:23 - watchfiles.main - INFO - 1 change detected
2026-03-15 03:31:23 - watchfiles.main - INFO - 1 change detected
2026-03-15 03:31:23 - watchfiles.main - INFO - 1 change detected
2026-03-15 03:31:24 - watchfiles.main - INFO - 1 change detected
2026-03-15 03:31:24 - watchfiles.main - INFO - 1 change detected
2026-03-15 03:31:24 - watchfiles.main - INFO - 1 change detected
2026-03-15 03:31:25 - watchfiles.main - INFO - 1 change detected
2026-03-15 03:31:25 - watchfiles.main - INFO - 1 change detected
2026-03-15 03:31:25 - watchfiles.main - INFO - 1 change detected
2026-03-15 03:31:26 - watchfiles.main - INFO - 1 change detected
2026-03-15 03:31:26 - watchfiles.main - INFO - 1 change detected
2026-03-15 03:31:27 - watchfiles.main - INFO - 1 change detected
2026-03-15 03:31:27 - watchfiles.main - INFO - 1 change detected
2026-03-15 03:31:27 - watchfiles.main - INFO - 1 change detected
2026-03-15 03:31:28 - watchfiles.main - INFO - 1 change detected
2026-03-15 03:31:28 - watchfiles.main - INFO - 1 change detected
2026-03-15 03:31:29 - watchfiles.main - INFO - 1 change detected
2026-03-15 03:31:29 - watchfiles.main - INFO - 1 change detected
2026-03-15 03:31:29 - watchfiles.main - INFO - 1 change detected
2026-03-15 03:31:30 - watchfiles.main - INFO - 1 change detected
2026-03-15 03:31:30 - watchfiles.main - INFO - 1 change detected
2026-03-15 03:31:30 - watchfiles.main - INFO - 1 change detected
2026-03-15 03:31:31 - watchfiles.main - INFO - 1 change detected
2026-03-15 03:31:31 - watchfiles.main - INFO - 1 change detected
2026-03-15 03:31:31 - watchfiles.main - INFO - 1 change detected
2026-03-15 03:31:32 - watchfiles.main - INFO - 1 change detected
2026-03-15 03:31:32 - watchfiles.main - INFO - 1 change detected
2026-03-15 03:31:33 - watchfiles.main - INFO - 1 change detected
2026-03-15 03:31:33 - watchfiles.main - INFO - 1 change detected
2026-03-15 03:31:33 - watchfiles.main - INFO - 1 change detected
2026-03-15 03:31:34 - watchfiles.main - INFO - 1 change detected
2026-03-15 03:31:34 - watchfiles.main - INFO - 1 change detected
2026-03-15 03:31:34 - watchfiles.main - INFO - 1 change detected
2026-03-15 03:31:35 - watchfiles.main - INFO - 1 change detected
2026-03-15 03:31:35 - watchfiles.main - INFO - 1 change detected
2026-03-15 03:31:36 - watchfiles.main - INFO - 1 change detected
2026-03-15 03:31:36 - watchfiles.main - INFO - 1 change detected
2026-03-15 03:31:36 - watchfiles.main - INFO - 1 change detected
2026-03-15 03:31:37 - watchfiles.main - INFO - 1 change detected
2026-03-15 03:31:37 - watchfiles.main - INFO - 1 change detected
2026-03-15 03:31:37 - watchfiles.main - INFO - 1 change detected
2026-03-15 03:31:38 - watchfiles.main - INFO - 1 change detected
2026-03-15 03:31:38 - watchfiles.main - INFO - 1 change detected
2026-03-15 03:31:39 - watchfiles.main - INFO - 1 change detected
2026-03-15 03:31:39 - watchfiles.main - INFO - 1 change detected
2026-03-15 03:31:39 - watchfiles.main - INFO - 1 change detected
2026-03-15 03:31:40 - watchfiles.main - INFO - 1 change detected
2026-03-15 03:31:40 - watchfiles.main - INFO - 1 change detected
2026-03-15 03:31:40 - watchfiles.main - INFO - 1 change detected
2026-03-15 03:31:41 - watchfiles.main - INFO - 1 change detected
2026-03-15 03:31:41 - watchfiles.main - INFO - 1 change detected
2026-03-15 03:31:41 - watchfiles.main - INFO - 1 change detected
2026-03-15 03:31:42 - watchfiles.main - INFO - 1 change detected
2026-03-15 03:31:42 - watchfiles.main - INFO - 1 change detected
2026-03-15 03:31:43 - watchfiles.main - INFO - 1 change detected
2026-03-15 03:31:43 - watchfiles.main - INFO - 1 change detected
2026-03-15 03:31:43 - watchfiles.main - INFO - 1 change detected
2026-03-15 03:31:44 - watchfiles.main - INFO - 1 change detected
2026-03-15 03:31:44 - watchfiles.main - INFO - 1 change detected
2026-03-15 03:31:45 - watchfiles.main - INFO - 1 change detected
2026-03-15 03:31:45 - watchfiles.main - INFO - 1 change detected
2026-03-15 03:31:45 - watchfiles.main - INFO - 1 change detected
2026-03-15 03:31:46 - watchfiles.main - INFO - 1 change detected
2026-03-15 03:31:46 - watchfiles.main - INFO - 1 change detected
2026-03-15 03:31:46 - watchfiles.main - INFO - 1 change detected
2026-03-15 03:31:47 - watchfiles.main - INFO - 1 change detected
2026-03-15 03:31:47 - watchfiles.main - INFO - 1 change detected
2026-03-15 03:31:48 - watchfiles.main - INFO - 1 change detected
2026-03-15 03:31:48 - watchfiles.main - INFO - 1 change detected
2026-03-15 03:31:48 - watchfiles.main - INFO - 1 change detected
2026-03-15 03:31:49 - watchfiles.main - INFO - 1 change detected
2026-03-15 03:31:49 - watchfiles.main - INFO - 1 change detected
2026-03-15 03:31:49 - watchfiles.main - INFO - 1 change detected
2026-03-15 03:31:50 - watchfiles.main - INFO - 1 change detected
2026-03-15 03:31:50 - watchfiles.main - INFO - 1 change detected
2026-03-15 03:31:50 - watchfiles.main - INFO - 1 change detected
2026-03-15 03:31:51 - watchfiles.main - INFO - 1 change detected
2026-03-15 03:31:51 - watchfiles.main - INFO - 1 change detected
2026-03-15 03:31:52 - watchfiles.main - INFO - 1 change detected
2026-03-15 03:31:52 - watchfiles.main - INFO - 1 change detected
2026-03-15 03:31:52 - watchfiles.main - INFO - 1 change detected
2026-03-15 03:31:53 - watchfiles.main - INFO - 1 change detected
2026-03-15 03:31:53 - watchfiles.main - INFO - 1 change detected
2026-03-15 03:31:53 - watchfiles.main - INFO - 1 change detected
2026-03-15 03:31:54 - watchfiles.main - INFO - 1 change detected
2026-03-15 03:31:54 - watchfiles.main - INFO - 1 change detected
2026-03-15 03:31:55 - watchfiles.main - INFO - 1 change detected
2026-03-15 03:31:55 - watchfiles.main - INFO - 1 change detected
2026-03-15 03:31:55 - watchfiles.main - INFO - 1 change detected
2026-03-15 03:31:56 - watchfiles.main - INFO - 1 change detected
2026-03-15 03:31:56 - watchfiles.main - INFO - 1 change detected
2026-03-15 03:31:56 - watchfiles.main - INFO - 1 change detected
2026-03-15 03:31:57 - watchfiles.main - INFO - 1 change detected
2026-03-15 03:31:57 - watchfiles.main - INFO - 1 change detected
2026-03-15 03:31:58 - watchfiles.main - INFO - 1 change detected
2026-03-15 03:31:58 - watchfiles.main - INFO - 1 change detected
2026-03-15 03:31:58 - watchfiles.main - INFO - 1 change detected
2026-03-15 03:31:59 - watchfiles.main - INFO - 1 change detected
2026-03-15 03:31:59 - watchfiles.main - INFO - 1 change detected
2026-03-15 03:31:59 - watchfiles.main - INFO - 1 change detected
2026-03-15 03:32:00 - watchfiles.main - INFO - 1 change detected
2026-03-15 03:32:00 - watchfiles.main - INFO - 1 change detected
2026-03-15 03:32:01 - watchfiles.main - INFO - 1 change detected
2026-03-15 03:32:01 - watchfiles.main - INFO - 1 change detected
2026-03-15 03:32:01 - watchfiles.main - INFO - 1 change detected
2026-03-15 03:32:02 - watchfiles.main - INFO - 1 change detected
2026-03-15 03:32:02 - watchfiles.main - INFO - 1 change detected
2026-03-15 03:32:02 - watchfiles.main - INFO - 1 change detected
2026-03-15 03:32:03 - watchfiles.main - INFO - 1 change detected
2026-03-15 03:32:03 - watchfiles.main - INFO - 1 change detected
2026-03-15 03:32:03 - watchfiles.main - INFO - 1 change detected
2026-03-15 03:32:04 - watchfiles.main - INFO - 1 change detected
2026-03-15 03:32:04 - watchfiles.main - INFO - 1 change detected
2026-03-15 03:32:05 - watchfiles.main - INFO - 1 change detected
2026-03-15 03:32:05 - watchfiles.main - INFO - 1 change detected
2026-03-15 03:32:05 - watchfiles.main - INFO - 1 change detected
2026-03-15 03:32:06 - watchfiles.main - INFO - 1 change detected
2026-03-15 03:32:06 - watchfiles.main - INFO - 1 change detected
2026-03-15 03:32:07 - watchfiles.main - INFO - 1 change detected
2026-03-15 03:32:07 - watchfiles.main - INFO - 1 change detected
2026-03-15 03:32:07 - watchfiles.main - INFO - 1 change detected
2026-03-15 03:32:08 - watchfiles.main - INFO - 1 change detected
2026-03-15 03:32:08 - watchfiles.main - INFO - 1 change detected
2026-03-15 03:32:08 - watchfiles.main - INFO - 1 change detected
2026-03-15 03:32:09 - watchfiles.main - INFO - 1 change detected
2026-03-15 03:32:09 - watchfiles.main - INFO - 1 change detected
2026-03-15 03:32:10 - watchfiles.main - INFO - 1 change detected
2026-03-15 03:32:10 - watchfiles.main - INFO - 1 change detected
2026-03-15 03:32:10 - watchfiles.main - INFO - 1 change detected
2026-03-15 03:32:11 - watchfiles.main - INFO - 1 change detected
2026-03-15 03:32:11 - watchfiles.main - INFO - 1 change detected
2026-03-15 03:32:11 - watchfiles.main - INFO - 1 change detected
2026-03-15 03:32:12 - watchfiles.main - INFO - 1 change detected
2026-03-15 03:32:12 - watchfiles.main - INFO - 1 change detected
2026-03-15 03:32:13 - watchfiles.main - INFO - 1 change detected
2026-03-15 03:32:13 - watchfiles.main - INFO - 1 change detected
2026-03-15 03:32:13 - watchfiles.main - INFO - 1 change detected
2026-03-15 03:32:14 - watchfiles.main - INFO - 1 change detected
2026-03-15 03:32:14 - watchfiles.main - INFO - 1 change detected
2026-03-15 03:32:14 - watchfiles.main - INFO - 1 change detected
2026-03-15 03:32:15 - watchfiles.main - INFO - 1 change detected
2026-03-15 03:32:15 - watchfiles.main - INFO - 1 change detected
2026-03-15 03:32:16 - watchfiles.main - INFO - 1 change detected
2026-03-15 03:32:16 - watchfiles.main - INFO - 1 change detected
2026-03-15 03:32:16 - watchfiles.main - INFO - 1 change detected
2026-03-15 03:32:17 - watchfiles.main - INFO - 1 change detected
2026-03-15 03:32:17 - watchfiles.main - INFO - 1 change detected
2026-03-15 03:32:17 - watchfiles.main - INFO - 1 change detected
2026-03-15 03:32:18 - watchfiles.main - INFO - 1 change detected
2026-03-15 03:32:18 - watchfiles.main - INFO - 1 change detected
2026-03-15 03:32:18 - watchfiles.main - INFO - 1 change detected
2026-03-15 03:32:19 - watchfiles.main - INFO - 1 change detected
2026-03-15 03:32:19 - watchfiles.main - INFO - 1 change detected
2026-03-15 03:32:20 - watchfiles.main - INFO - 1 change detected
2026-03-15 03:32:20 - watchfiles.main - INFO - 1 change detected
2026-03-15 03:32:20 - watchfiles.main - INFO - 1 change detected
2026-03-15 03:32:21 - watchfiles.main - INFO - 1 change detected
2026-03-15 03:32:21 - watchfiles.main - INFO - 1 change detected
2026-03-15 03:32:22 - watchfiles.main - INFO - 1 change detected
2026-03-15 03:32:22 - watchfiles.main - INFO - 1 change detected
2026-03-15 03:32:22 - watchfiles.main - INFO - 1 change detected
2026-03-15 03:32:23 - watchfiles.main - INFO - 1 change detected
2026-03-15 03:32:23 - watchfiles.main - INFO - 1 change detected
2026-03-15 03:32:23 - watchfiles.main - INFO - 1 change detected
2026-03-15 03:32:24 - watchfiles.main - INFO - 1 change detected
2026-03-15 03:32:24 - watchfiles.main - INFO - 1 change detected
2026-03-15 03:32:24 - watchfiles.main - INFO - 1 change detected
2026-03-15 03:32:25 - watchfiles.main - INFO - 1 change detected
2026-03-15 03:32:25 - watchfiles.main - INFO - 1 change detected
2026-03-15 03:32:26 - watchfiles.main - INFO - 1 change detected
2026-03-15 03:32:26 - watchfiles.main - INFO - 1 change detected
2026-03-15 03:32:26 - watchfiles.main - INFO - 1 change detected
2026-03-15 03:32:27 - watchfiles.main - INFO - 1 change detected
2026-03-15 03:32:27 - watchfiles.main - INFO - 1 change detected
2026-03-15 03:32:27 - watchfiles.main - INFO - 1 change detected
2026-03-15 03:32:28 - watchfiles.main - INFO - 1 change detected
2026-03-15 03:32:28 - watchfiles.main - INFO - 1 change detected
2026-03-15 03:32:29 - watchfiles.main - INFO - 1 change detected
2026-03-15 03:32:29 - watchfiles.main - INFO - 1 change detected
2026-03-15 03:32:29 - watchfiles.main - INFO - 1 change detected
2026-03-15 03:32:30 - watchfiles.main - INFO - 1 change detected
2026-03-15 03:32:30 - watchfiles.main - INFO - 1 change detected
2026-03-15 03:32:30 - watchfiles.main - INFO - 1 change detected
2026-03-15 03:32:31 - watchfiles.main - INFO - 1 change detected
2026-03-15 03:32:31 - watchfiles.main - INFO - 1 change detected
2026-03-15 03:32:32 - watchfiles.main - INFO - 1 change detected
2026-03-15 03:32:32 - watchfiles.main - INFO - 1 change detected
2026-03-15 03:32:32 - watchfiles.main - INFO - 1 change detected
2026-03-15 03:32:33 - watchfiles.main - INFO - 1 change detected
2026-03-15 03:32:33 - watchfiles.main - INFO - 1 change detected
2026-03-15 03:32:33 - watchfiles.main - INFO - 1 change detected
2026-03-15 03:32:34 - watchfiles.main - INFO - 1 change detected
2026-03-15 03:32:34 - watchfiles.main - INFO - 1 change detected
2026-03-15 03:32:34 - watchfiles.main - INFO - 1 change detected
2026-03-15 03:32:35 - watchfiles.main - INFO - 1 change detected
2026-03-15 03:32:35 - watchfiles.main - INFO - 1 change detected
2026-03-15 03:32:36 - watchfiles.main - INFO - 1 change detected
2026-03-15 03:32:36 - watchfiles.main - INFO - 1 change detected
2026-03-15 03:32:36 - watchfiles.main - INFO - 1 change detected
2026-03-15 03:32:37 - watchfiles.main - INFO - 1 change detected
2026-03-15 03:32:37 - watchfiles.main - INFO - 1 change detected
2026-03-15 03:32:38 - watchfiles.main - INFO - 1 change detected
2026-03-15 03:32:38 - watchfiles.main - INFO - 1 change detected
2026-03-15 03:32:38 - watchfiles.main - INFO - 1 change detected
2026-03-15 03:32:39 - watchfiles.main - INFO - 1 change detected
2026-03-15 03:32:39 - watchfiles.main - INFO - 1 change detected
2026-03-15 03:32:39 - watchfiles.main - INFO - 1 change detected
2026-03-15 03:32:40 - watchfiles.main - INFO - 1 change detected
2026-03-15 03:32:40 - watchfiles.main - INFO - 1 change detected
2026-03-15 03:32:41 - watchfiles.main - INFO - 1 change detected
2026-03-15 03:32:41 - watchfiles.main - INFO - 1 change detected
2026-03-15 03:32:41 - watchfiles.main - INFO - 1 change detected
2026-03-15 03:32:42 - watchfiles.main - INFO - 1 change detected
2026-03-15 03:32:42 - watchfiles.main - INFO - 1 change detected
2026-03-15 03:32:43 - watchfiles.main - INFO - 1 change detected
2026-03-15 03:32:43 - watchfiles.main - INFO - 1 change detected
2026-03-15 03:32:43 - watchfiles.main - INFO - 1 change detected
2026-03-15 03:32:44 - watchfiles.main - INFO - 1 change detected
2026-03-15 03:32:44 - watchfiles.main - INFO - 1 change detected
2026-03-15 03:32:44 - watchfiles.main - INFO - 1 change detected
2026-03-15 03:32:45 - watchfiles.main - INFO - 1 change detected
2026-03-15 03:32:45 - watchfiles.main - INFO - 1 change detected
2026-03-15 03:32:46 - watchfiles.main - INFO - 1 change detected
2026-03-15 03:32:46 - watchfiles.main - INFO - 1 change detected
2026-03-15 03:32:46 - watchfiles.main - INFO - 1 change detected
2026-03-15 03:32:47 - watchfiles.main - INFO - 1 change detected
2026-03-15 03:32:47 - watchfiles.main - INFO - 1 change detected
2026-03-15 03:32:47 - watchfiles.main - INFO - 1 change detected
2026-03-15 03:32:48 - watchfiles.main - INFO - 1 change detected
2026-03-15 03:32:48 - watchfiles.main - INFO - 1 change detected
2026-03-15 03:32:49 - watchfiles.main - INFO - 1 change detected
2026-03-15 03:32:49 - watchfiles.main - INFO - 1 change detected
2026-03-15 03:32:49 - watchfiles.main - INFO - 1 change detected
2026-03-15 03:32:50 - watchfiles.main - INFO - 1 change detected
2026-03-15 03:32:50 - watchfiles.main - INFO - 1 change detected
2026-03-15 03:32:50 - watchfiles.main - INFO - 1 change detected
2026-03-15 03:32:51 - watchfiles.main - INFO - 1 change detected
2026-03-15 03:32:51 - watchfiles.main - INFO - 1 change detected
2026-03-15 03:32:52 - watchfiles.main - INFO - 1 change detected
2026-03-15 03:32:52 - watchfiles.main - INFO - 1 change detected
2026-03-15 03:32:52 - watchfiles.main - INFO - 1 change detected
2026-03-15 03:32:53 - watchfiles.main - INFO - 1 change detected
2026-03-15 03:32:53 - watchfiles.main - INFO - 1 change detected
2026-03-15 03:32:53 - watchfiles.main - INFO - 1 change detected
2026-03-15 03:32:54 - watchfiles.main - INFO - 1 change detected
2026-03-15 03:32:54 - watchfiles.main - INFO - 1 change detected
2026-03-15 03:32:54 - watchfiles.main - INFO - 1 change detected
2026-03-15 03:32:55 - watchfiles.main - INFO - 1 change detected
2026-03-15 03:32:55 - watchfiles.main - INFO - 1 change detected
2026-03-15 03:32:56 - watchfiles.main - INFO - 1 change detected
2026-03-15 03:32:56 - watchfiles.main - INFO - 1 change detected
2026-03-15 03:32:56 - watchfiles.main - INFO - 1 change detected
2026-03-15 03:32:57 - watchfiles.main - INFO - 1 change detected
2026-03-15 03:32:57 - watchfiles.main - INFO - 1 change detected
2026-03-15 03:32:58 - watchfiles.main - INFO - 1 change detected
2026-03-15 03:32:58 - watchfiles.main - INFO - 1 change detected
2026-03-15 03:32:58 - watchfiles.main - INFO - 1 change detected
2026-03-15 03:32:59 - watchfiles.main - INFO - 1 change detected
2026-03-15 03:32:59 - watchfiles.main - INFO - 1 change detected
2026-03-15 03:32:59 - watchfiles.main - INFO - 1 change detected
2026-03-15 03:33:00 - watchfiles.main - INFO - 1 change detected
2026-03-15 03:33:00 - watchfiles.main - INFO - 1 change detected
2026-03-15 03:33:00 - watchfiles.main - INFO - 1 change detected
2026-03-15 03:33:01 - watchfiles.main - INFO - 1 change detected
2026-03-15 03:33:01 - watchfiles.main - INFO - 1 change detected
2026-03-15 03:33:02 - watchfiles.main - INFO - 1 change detected
2026-03-15 03:33:02 - watchfiles.main - INFO - 1 change detected
2026-03-15 03:33:02 - watchfiles.main - INFO - 1 change detected
2026-03-15 03:33:03 - watchfiles.main - INFO - 1 change detected
2026-03-15 03:33:03 - watchfiles.main - INFO - 1 change detected
2026-03-15 03:33:03 - watchfiles.main - INFO - 1 change detected
2026-03-15 03:33:04 - watchfiles.main - INFO - 1 change detected
2026-03-15 03:33:04 - watchfiles.main - INFO - 1 change detected
2026-03-15 03:33:05 - watchfiles.main - INFO - 1 change detected
2026-03-15 03:33:05 - watchfiles.main - INFO - 1 change detected
2026-03-15 03:33:05 - watchfiles.main - INFO - 1 change detected
2026-03-15 03:33:06 - watchfiles.main - INFO - 1 change detected
2026-03-15 03:33:06 - watchfiles.main - INFO - 1 change detected
2026-03-15 03:33:07 - watchfiles.main - INFO - 1 change detected
2026-03-15 03:33:07 - watchfiles.main - INFO - 1 change detected
2026-03-15 03:33:07 - watchfiles.main - INFO - 1 change detected
2026-03-15 03:33:08 - watchfiles.main - INFO - 1 change detected
2026-03-15 03:33:08 - watchfiles.main - INFO - 1 change detected
2026-03-15 03:33:09 - watchfiles.main - INFO - 1 change detected
2026-03-15 03:33:09 - watchfiles.main - INFO - 1 change detected
2026-03-15 03:33:09 - watchfiles.main - INFO - 1 change detected
2026-03-15 03:33:10 - watchfiles.main - INFO - 1 change detected
2026-03-15 03:33:10 - watchfiles.main - INFO - 1 change detected
2026-03-15 03:33:10 - watchfiles.main - INFO - 1 change detected
2026-03-15 03:33:11 - watchfiles.main - INFO - 1 change detected
2026-03-15 03:33:11 - watchfiles.main - INFO - 1 change detected
2026-03-15 03:33:12 - watchfiles.main - INFO - 1 change detected
2026-03-15 03:33:12 - watchfiles.main - INFO - 1 change detected
2026-03-15 03:33:13 - watchfiles.main - INFO - 1 change detected
2026-03-15 03:33:13 - watchfiles.main - INFO - 1 change detected
2026-03-15 03:33:14 - watchfiles.main - INFO - 1 change detected
2026-03-15 03:33:14 - watchfiles.main - INFO - 1 change detected
2026-03-15 03:33:14 - watchfiles.main - INFO - 1 change detected
2026-03-15 03:33:15 - watchfiles.main - INFO - 1 change detected
2026-03-15 03:33:15 - watchfiles.main - INFO - 1 change detected
2026-03-15 03:33:16 - watchfiles.main - INFO - 1 change detected
2026-03-15 03:33:16 - watchfiles.main - INFO - 1 change detected
2026-03-15 03:33:16 - watchfiles.main - INFO - 1 change detected
2026-03-15 03:33:17 - watchfiles.main - INFO - 1 change detected
2026-03-15 03:33:18 - watchfiles.main - INFO - 1 change detected
2026-03-15 03:33:18 - watchfiles.main - INFO - 1 change detected
2026-03-15 03:33:18 - watchfiles.main - INFO - 1 change detected
2026-03-15 03:33:19 - watchfiles.main - INFO - 1 change detected
2026-03-15 03:33:19 - watchfiles.main - INFO - 1 change detected
2026-03-15 03:33:20 - watchfiles.main - INFO - 1 change detected
2026-03-15 03:33:20 - watchfiles.main - INFO - 1 change detected
2026-03-15 03:33:20 - watchfiles.main - INFO - 1 change detected
2026-03-15 03:33:21 - watchfiles.main - INFO - 1 change detected
2026-03-15 03:33:21 - watchfiles.main - INFO - 1 change detected
2026-03-15 03:33:22 - watchfiles.main - INFO - 1 change detected
2026-03-15 03:33:22 - watchfiles.main - INFO - 1 change detected
2026-03-15 03:33:22 - watchfiles.main - INFO - 1 change detected
2026-03-15 03:33:23 - watchfiles.main - INFO - 1 change detected
2026-03-15 03:33:23 - watchfiles.main - INFO - 1 change detected
2026-03-15 03:33:24 - watchfiles.main - INFO - 1 change detected
2026-03-15 03:33:24 - watchfiles.main - INFO - 1 change detected
2026-03-15 03:33:24 - watchfiles.main - INFO - 1 change detected
2026-03-15 03:33:25 - watchfiles.main - INFO - 1 change detected
2026-03-15 03:33:25 - watchfiles.main - INFO - 1 change detected
2026-03-15 03:33:25 - watchfiles.main - INFO - 1 change detected
2026-03-15 03:33:26 - watchfiles.main - INFO - 1 change detected
2026-03-15 03:33:26 - watchfiles.main - INFO - 1 change detected
2026-03-15 03:33:26 - watchfiles.main - INFO - 1 change detected
2026-03-15 03:33:27 - watchfiles.main - INFO - 1 change detected
2026-03-15 03:33:27 - watchfiles.main - INFO - 1 change detected
2026-03-15 03:33:28 - watchfiles.main - INFO - 1 change detected
2026-03-15 03:33:28 - watchfiles.main - INFO - 1 change detected
2026-03-15 03:33:28 - watchfiles.main - INFO - 1 change detected
2026-03-15 03:33:29 - watchfiles.main - INFO - 1 change detected
2026-03-15 03:33:29 - watchfiles.main - INFO - 1 change detected
2026-03-15 03:33:30 - watchfiles.main - INFO - 1 change detected
2026-03-15 03:33:30 - watchfiles.main - INFO - 1 change detected
2026-03-15 03:33:30 - watchfiles.main - INFO - 1 change detected
2026-03-15 03:33:31 - watchfiles.main - INFO - 1 change detected
2026-03-15 03:33:31 - watchfiles.main - INFO - 1 change detected
2026-03-15 03:33:31 - watchfiles.main - INFO - 1 change detected
2026-03-15 03:33:32 - watchfiles.main - INFO - 1 change detected
2026-03-15 03:33:32 - watchfiles.main - INFO - 1 change detected
2026-03-15 03:33:33 - watchfiles.main - INFO - 1 change detected
2026-03-15 03:33:33 - watchfiles.main - INFO - 1 change detected
2026-03-15 03:33:33 - watchfiles.main - INFO - 1 change detected
2026-03-15 03:33:34 - watchfiles.main - INFO - 1 change detected
2026-03-15 03:33:34 - watchfiles.main - INFO - 1 change detected
2026-03-15 03:33:34 - watchfiles.main - INFO - 1 change detected
2026-03-15 03:33:35 - watchfiles.main - INFO - 1 change detected
2026-03-15 03:33:35 - watchfiles.main - INFO - 1 change detected
2026-03-15 03:33:36 - watchfiles.main - INFO - 1 change detected
2026-03-15 03:33:36 - watchfiles.main - INFO - 1 change detected
2026-03-15 03:33:36 - watchfiles.main - INFO - 1 change detected
2026-03-15 03:33:37 - watchfiles.main - INFO - 1 change detected
2026-03-15 03:33:37 - watchfiles.main - INFO - 1 change detected
2026-03-15 03:33:37 - watchfiles.main - INFO - 1 change detected
2026-03-15 03:33:38 - watchfiles.main - INFO - 1 change detected
2026-03-15 03:33:38 - watchfiles.main - INFO - 1 change detected
2026-03-15 03:33:39 - watchfiles.main - INFO - 1 change detected
2026-03-15 03:33:39 - watchfiles.main - INFO - 1 change detected
2026-03-15 03:33:39 - watchfiles.main - INFO - 1 change detected
2026-03-15 03:33:40 - watchfiles.main - INFO - 1 change detected
2026-03-15 03:33:40 - watchfiles.main - INFO - 1 change detected
2026-03-15 03:33:40 - watchfiles.main - INFO - 1 change detected
2026-03-15 03:33:41 - watchfiles.main - INFO - 1 change detected
2026-03-15 03:33:41 - watchfiles.main - INFO - 1 change detected
2026-03-15 03:33:41 - watchfiles.main - INFO - 1 change detected
2026-03-15 03:33:42 - watchfiles.main - INFO - 1 change detected
2026-03-15 03:33:42 - watchfiles.main - INFO - 1 change detected
2026-03-15 03:33:43 - watchfiles.main - INFO - 1 change detected
2026-03-15 03:33:43 - watchfiles.main - INFO - 1 change detected
2026-03-15 03:33:43 - watchfiles.main - INFO - 1 change detected
2026-03-15 03:33:44 - watchfiles.main - INFO - 1 change detected
2026-03-15 03:33:44 - watchfiles.main - INFO - 1 change detected
2026-03-15 03:33:45 - watchfiles.main - INFO - 1 change detected
2026-03-15 03:33:45 - watchfiles.main - INFO - 1 change detected
2026-03-15 03:33:45 - watchfiles.main - INFO - 1 change detected
2026-03-15 03:33:46 - watchfiles.main - INFO - 1 change detected
2026-03-15 03:33:46 - watchfiles.main - INFO - 1 change detected
2026-03-15 03:33:46 - watchfiles.main - INFO - 1 change detected
2026-03-15 03:33:47 - watchfiles.main - INFO - 1 change detected
2026-03-15 03:33:47 - watchfiles.main - INFO - 1 change detected
2026-03-15 03:33:48 - watchfiles.main - INFO - 1 change detected
2026-03-15 03:33:48 - watchfiles.main - INFO - 1 change detected
2026-03-15 03:33:48 - watchfiles.main - INFO - 1 change detected
2026-03-15 03:33:49 - watchfiles.main - INFO - 1 change detected
2026-03-15 03:33:49 - watchfiles.main - INFO - 1 change detected
2026-03-15 03:33:49 - watchfiles.main - INFO - 1 change detected
2026-03-15 03:33:50 - watchfiles.main - INFO - 1 change detected
2026-03-15 03:33:50 - watchfiles.main - INFO - 1 change detected
2026-03-15 03:33:51 - watchfiles.main - INFO - 1 change detected
2026-03-15 03:33:51 - watchfiles.main - INFO - 1 change detected
2026-03-15 03:33:51 - watchfiles.main - INFO - 1 change detected
2026-03-15 03:33:52 - watchfiles.main - INFO - 1 change detected
2026-03-15 03:33:52 - watchfiles.main - INFO - 1 change detected
2026-03-15 03:33:53 - watchfiles.main - INFO - 1 change detected
2026-03-15 03:33:53 - watchfiles.main - INFO - 1 change detected
2026-03-15 03:33:53 - watchfiles.main - INFO - 1 change detected
2026-03-15 03:33:54 - watchfiles.main - INFO - 1 change detected
2026-03-15 03:33:54 - watchfiles.main - INFO - 1 change detected
2026-03-15 03:33:54 - watchfiles.main - INFO - 1 change detected
2026-03-15 03:33:55 - watchfiles.main - INFO - 1 change detected
2026-03-15 03:33:55 - watchfiles.main - INFO - 1 change detected
2026-03-15 03:33:56 - watchfiles.main - INFO - 1 change detected
2026-03-15 03:33:56 - watchfiles.main - INFO - 1 change detected
2026-03-15 03:33:56 - watchfiles.main - INFO - 1 change detected
2026-03-15 03:33:57 - watchfiles.main - INFO - 1 change detected
2026-03-15 03:33:57 - watchfiles.main - INFO - 1 change detected
2026-03-15 03:33:58 - watchfiles.main - INFO - 1 change detected
2026-03-15 03:33:58 - watchfiles.main - INFO - 1 change detected
2026-03-15 03:33:58 - watchfiles.main - INFO - 1 change detected
2026-03-15 03:33:59 - watchfiles.main - INFO - 1 change detected
2026-03-15 03:33:59 - watchfiles.main - INFO - 1 change detected
2026-03-15 03:33:59 - watchfiles.main - INFO - 1 change detected
2026-03-15 03:34:00 - watchfiles.main - INFO - 1 change detected
2026-03-15 03:34:00 - watchfiles.main - INFO - 1 change detected
2026-03-15 03:34:00 - watchfiles.main - INFO - 1 change detected
2026-03-15 03:34:01 - watchfiles.main - INFO - 1 change detected
2026-03-15 03:34:01 - watchfiles.main - INFO - 1 change detected
2026-03-15 03:34:02 - watchfiles.main - INFO - 1 change detected
2026-03-15 03:34:02 - watchfiles.main - INFO - 1 change detected
2026-03-15 03:34:02 - watchfiles.main - INFO - 1 change detected
2026-03-15 03:34:03 - watchfiles.main - INFO - 1 change detected
2026-03-15 03:34:03 - watchfiles.main - INFO - 1 change detected
2026-03-15 03:34:03 - watchfiles.main - INFO - 1 change detected
2026-03-15 03:34:04 - watchfiles.main - INFO - 1 change detected
2026-03-15 03:34:04 - watchfiles.main - INFO - 1 change detected
2026-03-15 03:34:05 - watchfiles.main - INFO - 1 change detected
2026-03-15 03:34:05 - watchfiles.main - INFO - 1 change detected
2026-03-15 03:34:05 - watchfiles.main - INFO - 1 change detected
2026-03-15 03:34:06 - watchfiles.main - INFO - 1 change detected
2026-03-15 03:34:06 - watchfiles.main - INFO - 1 change detected
2026-03-15 03:34:07 - watchfiles.main - INFO - 1 change detected
2026-03-15 03:34:07 - watchfiles.main - INFO - 1 change detected
2026-03-15 03:34:07 - watchfiles.main - INFO - 1 change detected
2026-03-15 03:34:08 - watchfiles.main - INFO - 1 change detected
2026-03-15 03:34:08 - watchfiles.main - INFO - 1 change detected
2026-03-15 03:34:08 - watchfiles.main - INFO - 1 change detected
2026-03-15 03:34:09 - watchfiles.main - INFO - 1 change detected
2026-03-15 03:34:09 - watchfiles.main - INFO - 1 change detected
2026-03-15 03:34:09 - watchfiles.main - INFO - 1 change detected
2026-03-15 03:34:10 - watchfiles.main - INFO - 1 change detected
2026-03-15 03:34:10 - watchfiles.main - INFO - 1 change detected
2026-03-15 03:34:11 - watchfiles.main - INFO - 1 change detected
2026-03-15 03:34:11 - watchfiles.main - INFO - 1 change detected
2026-03-15 03:34:11 - watchfiles.main - INFO - 1 change detected
2026-03-15 03:34:12 - watchfiles.main - INFO - 1 change detected
2026-03-15 03:34:12 - watchfiles.main - INFO - 1 change detected
2026-03-15 03:34:12 - watchfiles.main - INFO - 1 change detected
2026-03-15 03:34:13 - watchfiles.main - INFO - 1 change detected
2026-03-15 03:34:13 - watchfiles.main - INFO - 1 change detected
2026-03-15 03:34:14 - watchfiles.main - INFO - 1 change detected
2026-03-15 03:34:14 - watchfiles.main - INFO - 1 change detected
2026-03-15 03:34:14 - watchfiles.main - INFO - 1 change detected
2026-03-15 03:34:15 - watchfiles.main - INFO - 1 change detected
2026-03-15 03:34:15 - watchfiles.main - INFO - 1 change detected
2026-03-15 03:34:16 - watchfiles.main - INFO - 1 change detected
2026-03-15 03:34:16 - watchfiles.main - INFO - 1 change detected
2026-03-15 03:34:16 - watchfiles.main - INFO - 1 change detected
2026-03-15 03:34:17 - watchfiles.main - INFO - 1 change detected
2026-03-15 03:34:17 - watchfiles.main - INFO - 1 change detected
2026-03-15 03:34:17 - watchfiles.main - INFO - 1 change detected
2026-03-15 03:34:18 - watchfiles.main - INFO - 1 change detected
2026-03-15 03:34:18 - watchfiles.main - INFO - 1 change detected
2026-03-15 03:34:19 - watchfiles.main - INFO - 1 change detected
2026-03-15 03:34:19 - watchfiles.main - INFO - 1 change detected
2026-03-15 03:34:19 - watchfiles.main - INFO - 1 change detected
2026-03-15 03:34:20 - watchfiles.main - INFO - 1 change detected
2026-03-15 03:34:20 - watchfiles.main - INFO - 1 change detected
2026-03-15 03:34:20 - watchfiles.main - INFO - 1 change detected
2026-03-15 03:34:21 - watchfiles.main - INFO - 1 change detected
2026-03-15 03:34:21 - watchfiles.main - INFO - 1 change detected
2026-03-15 03:34:22 - watchfiles.main - INFO - 1 change detected
2026-03-15 03:34:22 - watchfiles.main - INFO - 1 change detected
2026-03-15 03:34:22 - watchfiles.main - INFO - 1 change detected
2026-03-15 03:34:23 - watchfiles.main - INFO - 1 change detected
2026-03-15 03:34:23 - watchfiles.main - INFO - 1 change detected
2026-03-15 03:34:24 - watchfiles.main - INFO - 1 change detected
2026-03-15 03:34:24 - watchfiles.main - INFO - 1 change detected
2026-03-15 03:34:24 - watchfiles.main - INFO - 1 change detected
2026-03-15 03:34:25 - watchfiles.main - INFO - 1 change detected
2026-03-15 03:34:25 - watchfiles.main - INFO - 1 change detected
2026-03-15 03:34:25 - watchfiles.main - INFO - 1 change detected
2026-03-15 03:34:26 - watchfiles.main - INFO - 1 change detected
2026-03-15 03:34:26 - watchfiles.main - INFO - 1 change detected
2026-03-15 03:34:27 - watchfiles.main - INFO - 1 change detected
2026-03-15 03:34:27 - watchfiles.main - INFO - 1 change detected
2026-03-15 03:34:27 - watchfiles.main - INFO - 1 change detected
2026-03-15 03:34:28 - watchfiles.main - INFO - 1 change detected
2026-03-15 03:34:28 - watchfiles.main - INFO - 1 change detected
2026-03-15 03:34:28 - watchfiles.main - INFO - 1 change detected
2026-03-15 03:34:29 - watchfiles.main - INFO - 1 change detected
2026-03-15 03:34:29 - watchfiles.main - INFO - 1 change detected
2026-03-15 03:34:29 - watchfiles.main - INFO - 1 change detected
2026-03-15 03:34:30 - watchfiles.main - INFO - 1 change detected
2026-03-15 03:34:30 - watchfiles.main - INFO - 1 change detected
2026-03-15 03:34:31 - watchfiles.main - INFO - 1 change detected
2026-03-15 03:34:31 - watchfiles.main - INFO - 1 change detected
2026-03-15 03:34:31 - watchfiles.main - INFO - 1 change detected
2026-03-15 03:34:32 - watchfiles.main - INFO - 1 change detected
2026-03-15 03:34:32 - watchfiles.main - INFO - 1 change detected
2026-03-15 03:34:32 - watchfiles.main - INFO - 1 change detected
2026-03-15 03:34:33 - watchfiles.main - INFO - 1 change detected
2026-03-15 03:34:33 - watchfiles.main - INFO - 1 change detected
2026-03-15 03:34:34 - watchfiles.main - INFO - 1 change detected
2026-03-15 03:34:34 - watchfiles.main - INFO - 1 change detected
2026-03-15 03:34:34 - watchfiles.main - INFO - 1 change detected
2026-03-15 03:34:35 - watchfiles.main - INFO - 1 change detected
2026-03-15 03:34:35 - watchfiles.main - INFO - 1 change detected
2026-03-15 03:34:35 - watchfiles.main - INFO - 1 change detected
2026-03-15 03:34:36 - watchfiles.main - INFO - 1 change detected
2026-03-15 03:34:36 - watchfiles.main - INFO - 1 change detected
2026-03-15 03:34:37 - watchfiles.main - INFO - 1 change detected
2026-03-15 03:34:37 - watchfiles.main - INFO - 1 change detected
2026-03-15 03:34:37 - watchfiles.main - INFO - 1 change detected
2026-03-15 03:34:38 - watchfiles.main - INFO - 1 change detected
2026-03-15 03:34:38 - watchfiles.main - INFO - 1 change detected
2026-03-15 03:34:38 - watchfiles.main - INFO - 1 change detected
2026-03-15 03:34:39 - watchfiles.main - INFO - 1 change detected
2026-03-15 03:34:39 - watchfiles.main - INFO - 1 change detected
2026-03-15 03:34:40 - watchfiles.main - INFO - 1 change detected
2026-03-15 03:34:40 - watchfiles.main - INFO - 1 change detected
2026-03-15 03:34:40 - watchfiles.main - INFO - 1 change detected
2026-03-15 03:34:41 - watchfiles.main - INFO - 1 change detected
2026-03-15 03:34:41 - watchfiles.main - INFO - 1 change detected
2026-03-15 03:34:42 - watchfiles.main - INFO - 1 change detected
2026-03-15 03:34:42 - watchfiles.main - INFO - 1 change detected
2026-03-15 03:34:42 - watchfiles.main - INFO - 1 change detected
2026-03-15 03:34:43 - watchfiles.main - INFO - 1 change detected
2026-03-15 03:34:43 - watchfiles.main - INFO - 1 change detected
2026-03-15 03:34:43 - watchfiles.main - INFO - 1 change detected
2026-03-15 03:34:44 - watchfiles.main - INFO - 1 change detected
2026-03-15 03:34:44 - watchfiles.main - INFO - 1 change detected
2026-03-15 03:34:44 - watchfiles.main - INFO - 1 change detected
2026-03-15 03:34:45 - watchfiles.main - INFO - 1 change detected
2026-03-15 03:34:45 - watchfiles.main - INFO - 1 change detected
2026-03-15 03:34:46 - watchfiles.main - INFO - 1 change detected
2026-03-15 03:34:46 - watchfiles.main - INFO - 1 change detected
2026-03-15 03:34:46 - watchfiles.main - INFO - 1 change detected
2026-03-15 03:34:47 - watchfiles.main - INFO - 1 change detected
2026-03-15 03:34:47 - watchfiles.main - INFO - 1 change detected
2026-03-15 03:34:48 - watchfiles.main - INFO - 1 change detected
2026-03-15 03:34:48 - watchfiles.main - INFO - 1 change detected
2026-03-15 03:34:48 - watchfiles.main - INFO - 1 change detected
2026-03-15 03:34:49 - watchfiles.main - INFO - 1 change detected
2026-03-15 03:34:49 - watchfiles.main - INFO - 1 change detected
2026-03-15 03:34:49 - watchfiles.main - INFO - 1 change detected
2026-03-15 03:34:50 - watchfiles.main - INFO - 1 change detected
2026-03-15 03:34:50 - watchfiles.main - INFO - 1 change detected
2026-03-15 03:34:51 - watchfiles.main - INFO - 1 change detected
2026-03-15 03:34:51 - watchfiles.main - INFO - 1 change detected
2026-03-15 03:34:51 - watchfiles.main - INFO - 1 change detected
2026-03-15 03:34:52 - watchfiles.main - INFO - 1 change detected
2026-03-15 03:34:52 - watchfiles.main - INFO - 1 change detected
2026-03-15 03:34:52 - watchfiles.main - INFO - 1 change detected
2026-03-15 03:34:53 - watchfiles.main - INFO - 1 change detected
2026-03-15 03:34:53 - watchfiles.main - INFO - 1 change detected
2026-03-15 03:34:54 - watchfiles.main - INFO - 1 change detected
2026-03-15 03:34:54 - watchfiles.main - INFO - 1 change detected
2026-03-15 03:34:54 - watchfiles.main - INFO - 1 change detected
2026-03-15 03:34:55 - watchfiles.main - INFO - 1 change detected
2026-03-15 03:34:55 - watchfiles.main - INFO - 1 change detected
2026-03-15 03:34:56 - watchfiles.main - INFO - 1 change detected
2026-03-15 03:34:56 - watchfiles.main - INFO - 1 change detected
2026-03-15 03:34:56 - watchfiles.main - INFO - 1 change detected
2026-03-15 03:34:57 - watchfiles.main - INFO - 1 change detected
2026-03-15 03:34:57 - watchfiles.main - INFO - 1 change detected
2026-03-15 03:34:57 - watchfiles.main - INFO - 1 change detected
2026-03-15 03:34:58 - watchfiles.main - INFO - 1 change detected
2026-03-15 03:34:58 - watchfiles.main - INFO - 1 change detected
2026-03-15 03:34:58 - watchfiles.main - INFO - 1 change detected
2026-03-15 03:34:59 - watchfiles.main - INFO - 1 change detected
2026-03-15 03:34:59 - watchfiles.main - INFO - 1 change detected
2026-03-15 03:35:00 - watchfiles.main - INFO - 1 change detected
2026-03-15 03:35:00 - watchfiles.main - INFO - 1 change detected
2026-03-15 03:35:00 - watchfiles.main - INFO - 1 change detected
2026-03-15 03:35:01 - watchfiles.main - INFO - 1 change detected
2026-03-15 03:35:01 - watchfiles.main - INFO - 1 change detected
2026-03-15 03:35:02 - watchfiles.main - INFO - 1 change detected
2026-03-15 03:35:02 - watchfiles.main - INFO - 1 change detected
2026-03-15 03:35:02 - watchfiles.main - INFO - 1 change detected
2026-03-15 03:35:03 - watchfiles.main - INFO - 1 change detected
2026-03-15 03:35:03 - watchfiles.main - INFO - 1 change detected
2026-03-15 03:35:03 - watchfiles.main - INFO - 1 change detected
2026-03-15 03:35:04 - watchfiles.main - INFO - 1 change detected
2026-03-15 03:35:04 - watchfiles.main - INFO - 1 change detected
2026-03-15 03:35:05 - watchfiles.main - INFO - 1 change detected
2026-03-15 03:35:05 - watchfiles.main - INFO - 1 change detected
2026-03-15 03:35:05 - watchfiles.main - INFO - 1 change detected
2026-03-15 03:35:06 - watchfiles.main - INFO - 1 change detected
2026-03-15 03:35:06 - watchfiles.main - INFO - 1 change detected
2026-03-15 03:35:06 - watchfiles.main - INFO - 1 change detected
2026-03-15 03:35:07 - watchfiles.main - INFO - 1 change detected
2026-03-15 03:35:07 - watchfiles.main - INFO - 1 change detected
2026-03-15 03:35:08 - watchfiles.main - INFO - 1 change detected
2026-03-15 03:35:08 - watchfiles.main - INFO - 1 change detected
2026-03-15 03:35:08 - watchfiles.main - INFO - 1 change detected
2026-03-15 03:35:09 - watchfiles.main - INFO - 1 change detected
2026-03-15 03:35:09 - watchfiles.main - INFO - 1 change detected
2026-03-15 03:35:09 - watchfiles.main - INFO - 1 change detected
2026-03-15 03:35:10 - watchfiles.main - INFO - 1 change detected
2026-03-15 03:35:10 - watchfiles.main - INFO - 1 change detected
2026-03-15 03:35:11 - watchfiles.main - INFO - 1 change detected
2026-03-15 03:35:11 - watchfiles.main - INFO - 1 change detected
2026-03-15 03:35:11 - watchfiles.main - INFO - 1 change detected
2026-03-15 03:35:12 - watchfiles.main - INFO - 1 change detected
2026-03-15 03:35:12 - watchfiles.main - INFO - 1 change detected
2026-03-15 03:35:12 - watchfiles.main - INFO - 1 change detected
2026-03-15 03:35:13 - watchfiles.main - INFO - 1 change detected
2026-03-15 03:35:13 - watchfiles.main - INFO - 1 change detected
2026-03-15 03:35:14 - watchfiles.main - INFO - 1 change detected
2026-03-15 03:35:14 - watchfiles.main - INFO - 1 change detected
2026-03-15 03:35:14 - watchfiles.main - INFO - 1 change detected
2026-03-15 03:35:15 - watchfiles.main - INFO - 1 change detected
2026-03-15 03:35:15 - watchfiles.main - INFO - 1 change detected
2026-03-15 03:35:15 - watchfiles.main - INFO - 1 change detected
2026-03-15 03:35:16 - watchfiles.main - INFO - 1 change detected
2026-03-15 03:35:16 - watchfiles.main - INFO - 1 change detected
2026-03-15 03:35:16 - watchfiles.main - INFO - 1 change detected
2026-03-15 03:35:17 - watchfiles.main - INFO - 1 change detected
2026-03-15 03:35:17 - watchfiles.main - INFO - 1 change detected
2026-03-15 03:35:18 - watchfiles.main - INFO - 1 change detected
2026-03-15 03:35:18 - watchfiles.main - INFO - 1 change detected
2026-03-15 03:35:18 - watchfiles.main - INFO - 1 change detected
2026-03-15 03:35:19 - watchfiles.main - INFO - 1 change detected
2026-03-15 03:35:19 - watchfiles.main - INFO - 1 change detected
2026-03-15 03:35:20 - watchfiles.main - INFO - 1 change detected
2026-03-15 03:35:20 - watchfiles.main - INFO - 1 change detected
2026-03-15 03:35:20 - watchfiles.main - INFO - 1 change detected
2026-03-15 03:35:21 - watchfiles.main - INFO - 1 change detected
2026-03-15 03:35:21 - watchfiles.main - INFO - 1 change detected
2026-03-15 03:35:22 - watchfiles.main - INFO - 1 change detected
2026-03-15 03:35:22 - watchfiles.main - INFO - 1 change detected
2026-03-15 03:35:22 - watchfiles.main - INFO - 1 change detected
2026-03-15 03:35:23 - watchfiles.main - INFO - 1 change detected
2026-03-15 03:35:23 - watchfiles.main - INFO - 1 change detected
2026-03-15 03:35:23 - watchfiles.main - INFO - 1 change detected
2026-03-15 03:35:24 - watchfiles.main - INFO - 1 change detected
2026-03-15 03:35:24 - watchfiles.main - INFO - 1 change detected
2026-03-15 03:35:25 - watchfiles.main - INFO - 1 change detected
2026-03-15 03:35:25 - watchfiles.main - INFO - 1 change detected
2026-03-15 03:35:25 - watchfiles.main - INFO - 1 change detected
2026-03-15 03:35:26 - watchfiles.main - INFO - 1 change detected
2026-03-15 03:35:26 - watchfiles.main - INFO - 1 change detected
2026-03-15 03:35:26 - watchfiles.main - INFO - 1 change detected
2026-03-15 03:35:27 - watchfiles.main - INFO - 1 change detected
2026-03-15 03:35:27 - watchfiles.main - INFO - 1 change detected
2026-03-15 03:35:28 - watchfiles.main - INFO - 1 change detected
2026-03-15 03:35:28 - watchfiles.main - INFO - 1 change detected
2026-03-15 03:35:28 - watchfiles.main - INFO - 1 change detected
2026-03-15 03:35:29 - watchfiles.main - INFO - 1 change detected
2026-03-15 03:35:29 - watchfiles.main - INFO - 1 change detected
2026-03-15 03:35:30 - watchfiles.main - INFO - 1 change detected
2026-03-15 03:35:30 - watchfiles.main - INFO - 1 change detected
2026-03-15 03:35:30 - watchfiles.main - INFO - 1 change detected
2026-03-15 03:35:31 - watchfiles.main - INFO - 1 change detected
2026-03-15 03:35:31 - watchfiles.main - INFO - 1 change detected
2026-03-15 03:35:31 - watchfiles.main - INFO - 1 change detected
2026-03-15 03:35:32 - watchfiles.main - INFO - 1 change detected
2026-03-15 03:35:32 - watchfiles.main - INFO - 1 change detected
2026-03-15 03:35:33 - watchfiles.main - INFO - 1 change detected
2026-03-15 03:35:33 - watchfiles.main - INFO - 1 change detected
2026-03-15 03:35:33 - watchfiles.main - INFO - 1 change detected
2026-03-15 03:35:34 - watchfiles.main - INFO - 1 change detected
2026-03-15 03:35:34 - watchfiles.main - INFO - 1 change detected
2026-03-15 03:35:34 - watchfiles.main - INFO - 1 change detected
2026-03-15 03:35:35 - watchfiles.main - INFO - 1 change detected
2026-03-15 03:35:35 - watchfiles.main - INFO - 1 change detected
2026-03-15 03:35:36 - watchfiles.main - INFO - 1 change detected
2026-03-15 03:35:36 - watchfiles.main - INFO - 1 change detected
2026-03-15 03:35:36 - watchfiles.main - INFO - 1 change detected
2026-03-15 03:35:37 - watchfiles.main - INFO - 1 change detected
2026-03-15 03:35:37 - watchfiles.main - INFO - 1 change detected
2026-03-15 03:35:38 - watchfiles.main - INFO - 1 change detected
2026-03-15 03:35:38 - watchfiles.main - INFO - 1 change detected
2026-03-15 03:35:38 - watchfiles.main - INFO - 1 change detected
2026-03-15 03:35:39 - watchfiles.main - INFO - 1 change detected
2026-03-15 03:35:39 - watchfiles.main - INFO - 1 change detected
2026-03-15 03:35:39 - watchfiles.main - INFO - 1 change detected
2026-03-15 03:35:40 - watchfiles.main - INFO - 1 change detected
2026-03-15 03:35:40 - watchfiles.main - INFO - 1 change detected
2026-03-15 03:35:40 - watchfiles.main - INFO - 1 change detected
2026-03-15 03:35:41 - watchfiles.main - INFO - 1 change detected
2026-03-15 03:35:41 - watchfiles.main - INFO - 1 change detected
2026-03-15 03:35:42 - watchfiles.main - INFO - 1 change detected
2026-03-15 03:35:42 - watchfiles.main - INFO - 1 change detected
2026-03-15 03:35:42 - watchfiles.main - INFO - 1 change detected
2026-03-15 03:35:43 - watchfiles.main - INFO - 1 change detected
2026-03-15 03:35:43 - watchfiles.main - INFO - 1 change detected
2026-03-15 03:35:44 - watchfiles.main - INFO - 1 change detected
2026-03-15 03:35:44 - watchfiles.main - INFO - 1 change detected
2026-03-15 03:35:44 - watchfiles.main - INFO - 1 change detected
2026-03-15 03:35:45 - watchfiles.main - INFO - 1 change detected
2026-03-15 03:35:45 - watchfiles.main - INFO - 1 change detected
2026-03-15 03:35:45 - watchfiles.main - INFO - 1 change detected
2026-03-15 03:35:46 - watchfiles.main - INFO - 1 change detected
2026-03-15 03:35:46 - watchfiles.main - INFO - 1 change detected
2026-03-15 03:35:47 - watchfiles.main - INFO - 1 change detected
2026-03-15 03:35:47 - watchfiles.main - INFO - 1 change detected
2026-03-15 03:35:47 - watchfiles.main - INFO - 1 change detected
2026-03-15 03:35:48 - watchfiles.main - INFO - 1 change detected
2026-03-15 03:35:48 - watchfiles.main - INFO - 1 change detected
2026-03-15 03:35:49 - watchfiles.main - INFO - 1 change detected
2026-03-15 03:35:49 - watchfiles.main - INFO - 1 change detected
2026-03-15 03:35:49 - watchfiles.main - INFO - 1 change detected
2026-03-15 03:35:50 - watchfiles.main - INFO - 1 change detected
2026-03-15 03:35:50 - watchfiles.main - INFO - 1 change detected
2026-03-15 03:35:51 - watchfiles.main - INFO - 1 change detected
2026-03-15 03:35:51 - watchfiles.main - INFO - 1 change detected
2026-03-15 03:35:51 - watchfiles.main - INFO - 1 change detected
2026-03-15 03:35:52 - watchfiles.main - INFO - 1 change detected
2026-03-15 03:35:52 - watchfiles.main - INFO - 1 change detected
2026-03-15 03:35:52 - watchfiles.main - INFO - 1 change detected
2026-03-15 03:35:53 - watchfiles.main - INFO - 1 change detected
2026-03-15 03:35:53 - watchfiles.main - INFO - 1 change detected
2026-03-15 03:35:53 - watchfiles.main - INFO - 1 change detected
2026-03-15 03:35:54 - watchfiles.main - INFO - 1 change detected
2026-03-15 03:35:54 - watchfiles.main - INFO - 1 change detected
2026-03-15 03:35:55 - watchfiles.main - INFO - 1 change detected
2026-03-15 03:35:55 - watchfiles.main - INFO - 1 change detected
2026-03-15 03:35:55 - watchfiles.main - INFO - 1 change detected
2026-03-15 03:35:56 - watchfiles.main - INFO - 1 change detected
2026-03-15 03:35:56 - watchfiles.main - INFO - 1 change detected
2026-03-15 03:35:56 - watchfiles.main - INFO - 1 change detected
2026-03-15 03:35:57 - watchfiles.main - INFO - 1 change detected
2026-03-15 03:35:57 - watchfiles.main - INFO - 1 change detected
2026-03-15 03:35:58 - watchfiles.main - INFO - 1 change detected
2026-03-15 03:35:58 - watchfiles.main - INFO - 1 change detected
2026-03-15 03:35:58 - watchfiles.main - INFO - 1 change detected
2026-03-15 03:35:59 - watchfiles.main - INFO - 1 change detected
2026-03-15 03:35:59 - watchfiles.main - INFO - 1 change detected
2026-03-15 03:36:00 - watchfiles.main - INFO - 1 change detected
2026-03-15 03:36:00 - watchfiles.main - INFO - 1 change detected
2026-03-15 03:36:00 - watchfiles.main - INFO - 1 change detected
2026-03-15 03:36:01 - watchfiles.main - INFO - 1 change detected
2026-03-15 03:36:01 - watchfiles.main - INFO - 1 change detected
2026-03-15 03:36:01 - watchfiles.main - INFO - 1 change detected
2026-03-15 03:36:02 - watchfiles.main - INFO - 1 change detected
2026-03-15 03:36:02 - watchfiles.main - INFO - 1 change detected
2026-03-15 03:36:02 - watchfiles.main - INFO - 1 change detected
2026-03-15 03:36:03 - watchfiles.main - INFO - 1 change detected
2026-03-15 03:36:03 - watchfiles.main - INFO - 1 change detected
2026-03-15 03:36:04 - watchfiles.main - INFO - 1 change detected
2026-03-15 03:36:04 - watchfiles.main - INFO - 1 change detected
2026-03-15 03:36:04 - watchfiles.main - INFO - 1 change detected
2026-03-15 03:36:05 - watchfiles.main - INFO - 1 change detected
2026-03-15 03:36:05 - watchfiles.main - INFO - 1 change detected
2026-03-15 03:36:05 - watchfiles.main - INFO - 1 change detected
2026-03-15 03:36:06 - watchfiles.main - INFO - 1 change detected
2026-03-15 03:36:06 - watchfiles.main - INFO - 1 change detected
2026-03-15 03:36:07 - watchfiles.main - INFO - 1 change detected
2026-03-15 03:36:07 - watchfiles.main - INFO - 1 change detected
2026-03-15 03:36:07 - watchfiles.main - INFO - 1 change detected
2026-03-15 03:36:08 - watchfiles.main - INFO - 1 change detected
2026-03-15 03:36:08 - watchfiles.main - INFO - 1 change detected
2026-03-15 03:36:08 - watchfiles.main - INFO - 1 change detected
2026-03-15 03:36:09 - watchfiles.main - INFO - 1 change detected
2026-03-15 03:36:09 - watchfiles.main - INFO - 1 change detected
2026-03-15 03:36:10 - watchfiles.main - INFO - 1 change detected
2026-03-15 03:36:10 - watchfiles.main - INFO - 1 change detected
2026-03-15 03:36:10 - watchfiles.main - INFO - 1 change detected
2026-03-15 03:36:11 - watchfiles.main - INFO - 1 change detected
2026-03-15 03:36:11 - watchfiles.main - INFO - 1 change detected
2026-03-15 03:36:12 - watchfiles.main - INFO - 1 change detected
2026-03-15 03:36:12 - watchfiles.main - INFO - 1 change detected
2026-03-15 03:36:12 - watchfiles.main - INFO - 1 change detected
2026-03-15 03:36:13 - watchfiles.main - INFO - 1 change detected
2026-03-15 03:36:13 - watchfiles.main - INFO - 1 change detected
2026-03-15 03:36:13 - watchfiles.main - INFO - 1 change detected
2026-03-15 03:36:14 - watchfiles.main - INFO - 1 change detected
2026-03-15 03:36:14 - watchfiles.main - INFO - 1 change detected
2026-03-15 03:36:15 - watchfiles.main - INFO - 1 change detected
2026-03-15 03:36:15 - watchfiles.main - INFO - 1 change detected
2026-03-15 03:36:16 - watchfiles.main - INFO - 1 change detected
2026-03-15 03:36:16 - watchfiles.main - INFO - 1 change detected
2026-03-15 03:36:16 - watchfiles.main - INFO - 1 change detected
2026-03-15 03:36:17 - watchfiles.main - INFO - 1 change detected
2026-03-15 03:36:17 - watchfiles.main - INFO - 1 change detected
2026-03-15 03:36:18 - watchfiles.main - INFO - 1 change detected
2026-03-15 03:36:18 - watchfiles.main - INFO - 1 change detected
2026-03-15 03:36:18 - watchfiles.main - INFO - 1 change detected
2026-03-15 03:36:19 - watchfiles.main - INFO - 1 change detected
2026-03-15 03:36:19 - watchfiles.main - INFO - 1 change detected
2026-03-15 03:36:19 - watchfiles.main - INFO - 1 change detected
2026-03-15 03:36:20 - watchfiles.main - INFO - 1 change detected
2026-03-15 03:36:20 - watchfiles.main - INFO - 1 change detected
2026-03-15 03:36:21 - watchfiles.main - INFO - 1 change detected
2026-03-15 03:36:21 - watchfiles.main - INFO - 1 change detected
2026-03-15 03:36:21 - watchfiles.main - INFO - 1 change detected
2026-03-15 03:36:22 - watchfiles.main - INFO - 1 change detected
2026-03-15 03:36:22 - watchfiles.main - INFO - 1 change detected
2026-03-15 03:36:23 - watchfiles.main - INFO - 1 change detected
2026-03-15 03:36:23 - watchfiles.main - INFO - 1 change detected
2026-03-15 03:36:24 - watchfiles.main - INFO - 1 change detected
2026-03-15 03:36:24 - watchfiles.main - INFO - 1 change detected
2026-03-15 03:36:25 - watchfiles.main - INFO - 1 change detected
2026-03-15 03:36:25 - watchfiles.main - INFO - 1 change detected
2026-03-15 03:36:25 - watchfiles.main - INFO - 1 change detected
2026-03-15 03:36:26 - watchfiles.main - INFO - 1 change detected
2026-03-15 03:36:26 - watchfiles.main - INFO - 1 change detected
2026-03-15 03:36:27 - watchfiles.main - INFO - 1 change detected
2026-03-15 03:36:27 - watchfiles.main - INFO - 1 change detected
2026-03-15 03:36:27 - watchfiles.main - INFO - 1 change detected
2026-03-15 03:36:28 - watchfiles.main - INFO - 1 change detected
2026-03-15 03:36:28 - watchfiles.main - INFO - 1 change detected
2026-03-15 03:36:28 - watchfiles.main - INFO - 1 change detected
2026-03-15 03:36:29 - watchfiles.main - INFO - 1 change detected
2026-03-15 03:36:29 - watchfiles.main - INFO - 1 change detected
2026-03-15 03:36:30 - watchfiles.main - INFO - 1 change detected
2026-03-15 03:36:30 - watchfiles.main - INFO - 1 change detected
2026-03-15 03:36:31 - watchfiles.main - INFO - 1 change detected
2026-03-15 03:36:31 - watchfiles.main - INFO - 1 change detected
2026-03-15 03:36:31 - watchfiles.main - INFO - 1 change detected
2026-03-15 03:36:32 - watchfiles.main - INFO - 1 change detected
2026-03-15 03:36:32 - watchfiles.main - INFO - 1 change detected
2026-03-15 03:36:32 - watchfiles.main - INFO - 1 change detected
2026-03-15 03:36:33 - watchfiles.main - INFO - 1 change detected
2026-03-15 03:36:33 - watchfiles.main - INFO - 1 change detected
2026-03-15 03:36:34 - watchfiles.main - INFO - 1 change detected
2026-03-15 03:36:34 - watchfiles.main - INFO - 1 change detected
2026-03-15 03:36:35 - watchfiles.main - INFO - 1 change detected
2026-03-15 03:36:35 - watchfiles.main - INFO - 1 change detected
2026-03-15 03:36:35 - watchfiles.main - INFO - 1 change detected
2026-03-15 03:36:36 - watchfiles.main - INFO - 1 change detected
2026-03-15 03:36:36 - watchfiles.main - INFO - 1 change detected
2026-03-15 03:36:36 - watchfiles.main - INFO - 1 change detected
2026-03-15 03:36:37 - watchfiles.main - INFO - 1 change detected
2026-03-15 03:36:37 - watchfiles.main - INFO - 1 change detected
2026-03-15 03:36:37 - watchfiles.main - INFO - 1 change detected
2026-03-15 03:36:38 - watchfiles.main - INFO - 1 change detected
2026-03-15 03:36:38 - watchfiles.main - INFO - 1 change detected
2026-03-15 03:36:39 - watchfiles.main - INFO - 1 change detected
2026-03-15 03:36:39 - watchfiles.main - INFO - 1 change detected
2026-03-15 03:36:39 - watchfiles.main - INFO - 1 change detected
2026-03-15 03:36:40 - watchfiles.main - INFO - 1 change detected
2026-03-15 03:36:40 - watchfiles.main - INFO - 1 change detected
2026-03-15 03:36:41 - watchfiles.main - INFO - 1 change detected
2026-03-15 03:36:41 - watchfiles.main - INFO - 1 change detected
2026-03-15 03:36:41 - watchfiles.main - INFO - 1 change detected
2026-03-15 03:36:42 - watchfiles.main - INFO - 1 change detected
2026-03-15 03:36:42 - watchfiles.main - INFO - 1 change detected
2026-03-15 03:36:42 - watchfiles.main - INFO - 1 change detected
2026-03-15 03:36:43 - watchfiles.main - INFO - 1 change detected
2026-03-15 03:36:43 - watchfiles.main - INFO - 1 change detected
2026-03-15 03:36:44 - watchfiles.main - INFO - 1 change detected
2026-03-15 03:36:44 - watchfiles.main - INFO - 1 change detected
2026-03-15 03:36:44 - watchfiles.main - INFO - 1 change detected
2026-03-15 03:36:45 - watchfiles.main - INFO - 1 change detected
2026-03-15 03:36:45 - watchfiles.main - INFO - 1 change detected
2026-03-15 03:36:45 - watchfiles.main - INFO - 1 change detected
2026-03-15 03:36:46 - watchfiles.main - INFO - 1 change detected
2026-03-15 03:36:46 - watchfiles.main - INFO - 1 change detected
2026-03-15 03:36:46 - watchfiles.main - INFO - 1 change detected
2026-03-15 03:36:47 - watchfiles.main - INFO - 1 change detected
2026-03-15 03:36:47 - watchfiles.main - INFO - 1 change detected
2026-03-15 03:36:48 - watchfiles.main - INFO - 1 change detected
2026-03-15 03:36:48 - watchfiles.main - INFO - 1 change detected
2026-03-15 03:36:48 - watchfiles.main - INFO - 1 change detected
2026-03-15 03:36:49 - watchfiles.main - INFO - 1 change detected
2026-03-15 03:36:49 - watchfiles.main - INFO - 1 change detected
2026-03-15 03:36:49 - watchfiles.main - INFO - 1 change detected
2026-03-15 03:36:50 - watchfiles.main - INFO - 1 change detected
2026-03-15 03:36:50 - watchfiles.main - INFO - 1 change detected
2026-03-15 03:36:51 - watchfiles.main - INFO - 1 change detected
2026-03-15 03:36:51 - watchfiles.main - INFO - 1 change detected
2026-03-15 03:36:51 - watchfiles.main - INFO - 1 change detected
2026-03-15 03:36:52 - watchfiles.main - INFO - 1 change detected
2026-03-15 03:36:52 - watchfiles.main - INFO - 1 change detected
2026-03-15 03:36:53 - watchfiles.main - INFO - 1 change detected
2026-03-15 03:36:53 - watchfiles.main - INFO - 1 change detected
2026-03-15 03:36:53 - watchfiles.main - INFO - 1 change detected
2026-03-15 03:36:54 - watchfiles.main - INFO - 1 change detected
2026-03-15 03:36:54 - watchfiles.main - INFO - 1 change detected
2026-03-15 03:36:54 - watchfiles.main - INFO - 1 change detected
2026-03-15 03:36:55 - watchfiles.main - INFO - 1 change detected
2026-03-15 03:36:55 - watchfiles.main - INFO - 1 change detected
2026-03-15 03:36:55 - watchfiles.main - INFO - 1 change detected
2026-03-15 03:36:56 - watchfiles.main - INFO - 1 change detected
2026-03-15 03:36:56 - watchfiles.main - INFO - 1 change detected
2026-03-15 03:36:57 - watchfiles.main - INFO - 1 change detected
2026-03-15 03:36:57 - watchfiles.main - INFO - 1 change detected
2026-03-15 03:36:57 - watchfiles.main - INFO - 1 change detected
2026-03-15 03:36:58 - watchfiles.main - INFO - 1 change detected
2026-03-15 03:36:58 - watchfiles.main - INFO - 1 change detected
2026-03-15 03:36:58 - watchfiles.main - INFO - 1 change detected
2026-03-15 03:36:59 - watchfiles.main - INFO - 1 change detected
2026-03-15 03:36:59 - watchfiles.main - INFO - 1 change detected
2026-03-15 03:36:59 - watchfiles.main - INFO - 1 change detected
2026-03-15 03:37:00 - watchfiles.main - INFO - 1 change detected
2026-03-15 03:37:00 - watchfiles.main - INFO - 1 change detected
2026-03-15 03:37:01 - watchfiles.main - INFO - 1 change detected
2026-03-15 03:37:01 - watchfiles.main - INFO - 1 change detected
2026-03-15 03:37:01 - watchfiles.main - INFO - 1 change detected
2026-03-15 03:37:02 - watchfiles.main - INFO - 1 change detected
2026-03-15 03:37:02 - watchfiles.main - INFO - 1 change detected
2026-03-15 03:37:03 - watchfiles.main - INFO - 1 change detected
2026-03-15 03:37:03 - watchfiles.main - INFO - 1 change detected
2026-03-15 03:37:03 - watchfiles.main - INFO - 1 change detected
2026-03-15 03:37:04 - watchfiles.main - INFO - 1 change detected
2026-03-15 03:37:04 - watchfiles.main - INFO - 1 change detected
2026-03-15 03:37:04 - watchfiles.main - INFO - 1 change detected
2026-03-15 03:37:05 - watchfiles.main - INFO - 1 change detected
2026-03-15 03:37:05 - watchfiles.main - INFO - 1 change detected
2026-03-15 03:37:06 - watchfiles.main - INFO - 1 change detected
2026-03-15 03:37:06 - watchfiles.main - INFO - 1 change detected
2026-03-15 03:37:06 - watchfiles.main - INFO - 1 change detected
2026-03-15 03:37:07 - watchfiles.main - INFO - 1 change detected
2026-03-15 03:37:07 - watchfiles.main - INFO - 1 change detected
2026-03-15 03:37:07 - watchfiles.main - INFO - 1 change detected
2026-03-15 03:37:08 - watchfiles.main - INFO - 1 change detected
2026-03-15 03:37:08 - watchfiles.main - INFO - 1 change detected
2026-03-15 03:37:08 - watchfiles.main - INFO - 1 change detected
2026-03-15 03:37:09 - watchfiles.main - INFO - 1 change detected
2026-03-15 03:37:09 - watchfiles.main - INFO - 1 change detected
2026-03-15 03:37:10 - watchfiles.main - INFO - 1 change detected
2026-03-15 03:37:10 - watchfiles.main - INFO - 1 change detected
2026-03-15 03:37:10 - watchfiles.main - INFO - 1 change detected
2026-03-15 03:37:11 - watchfiles.main - INFO - 1 change detected
2026-03-15 03:37:11 - watchfiles.main - INFO - 1 change detected
2026-03-15 03:37:12 - watchfiles.main - INFO - 1 change detected
2026-03-15 03:37:12 - watchfiles.main - INFO - 1 change detected
2026-03-15 03:37:12 - watchfiles.main - INFO - 1 change detected
2026-03-15 03:37:13 - watchfiles.main - INFO - 1 change detected
2026-03-15 03:37:13 - watchfiles.main - INFO - 1 change detected
2026-03-15 03:37:14 - watchfiles.main - INFO - 1 change detected
2026-03-15 03:37:14 - watchfiles.main - INFO - 1 change detected
2026-03-15 03:37:14 - watchfiles.main - INFO - 1 change detected
2026-03-15 03:37:15 - watchfiles.main - INFO - 1 change detected
2026-03-15 03:37:15 - watchfiles.main - INFO - 1 change detected
2026-03-15 03:37:15 - watchfiles.main - INFO - 1 change detected
2026-03-15 03:37:16 - watchfiles.main - INFO - 1 change detected
2026-03-15 03:37:16 - watchfiles.main - INFO - 1 change detected
2026-03-15 03:37:16 - watchfiles.main - INFO - 1 change detected
2026-03-15 03:37:17 - watchfiles.main - INFO - 1 change detected
2026-03-15 03:37:17 - watchfiles.main - INFO - 1 change detected
2026-03-15 03:37:18 - watchfiles.main - INFO - 1 change detected
2026-03-15 03:37:18 - watchfiles.main - INFO - 1 change detected
2026-03-15 03:37:18 - watchfiles.main - INFO - 1 change detected
2026-03-15 03:37:19 - watchfiles.main - INFO - 1 change detected
2026-03-15 03:37:19 - watchfiles.main - INFO - 1 change detected
2026-03-15 03:37:20 - watchfiles.main - INFO - 1 change detected
2026-03-15 03:37:20 - watchfiles.main - INFO - 1 change detected
2026-03-15 03:37:20 - watchfiles.main - INFO - 1 change detected
2026-03-15 03:37:21 - watchfiles.main - INFO - 1 change detected
2026-03-15 03:37:21 - watchfiles.main - INFO - 1 change detected
2026-03-15 03:37:21 - watchfiles.main - INFO - 1 change detected
2026-03-15 03:37:22 - watchfiles.main - INFO - 1 change detected
2026-03-15 03:37:22 - watchfiles.main - INFO - 1 change detected
2026-03-15 03:37:23 - watchfiles.main - INFO - 1 change detected
2026-03-15 03:37:23 - watchfiles.main - INFO - 1 change detected
2026-03-15 03:37:23 - watchfiles.main - INFO - 1 change detected
2026-03-15 03:37:24 - watchfiles.main - INFO - 1 change detected
2026-03-15 03:37:24 - watchfiles.main - INFO - 1 change detected
2026-03-15 03:37:24 - watchfiles.main - INFO - 1 change detected
2026-03-15 03:37:25 - watchfiles.main - INFO - 1 change detected
2026-03-15 03:37:25 - watchfiles.main - INFO - 1 change detected
2026-03-15 03:37:26 - watchfiles.main - INFO - 1 change detected
2026-03-15 03:37:26 - watchfiles.main - INFO - 1 change detected
2026-03-15 03:37:26 - watchfiles.main - INFO - 1 change detected
2026-03-15 03:37:27 - watchfiles.main - INFO - 1 change detected
2026-03-15 03:37:27 - watchfiles.main - INFO - 1 change detected
2026-03-15 03:37:28 - watchfiles.main - INFO - 1 change detected
2026-03-15 03:37:28 - watchfiles.main - INFO - 1 change detected
2026-03-15 03:37:28 - watchfiles.main - INFO - 1 change detected
2026-03-15 03:37:29 - watchfiles.main - INFO - 1 change detected
2026-03-15 03:37:29 - watchfiles.main - INFO - 1 change detected
2026-03-15 03:37:29 - watchfiles.main - INFO - 1 change detected
2026-03-15 03:37:30 - watchfiles.main - INFO - 1 change detected
2026-03-15 03:37:30 - watchfiles.main - INFO - 1 change detected
2026-03-15 03:37:30 - watchfiles.main - INFO - 1 change detected
2026-03-15 03:37:31 - watchfiles.main - INFO - 1 change detected
2026-03-15 03:37:31 - watchfiles.main - INFO - 1 change detected
2026-03-15 03:37:32 - watchfiles.main - INFO - 1 change detected
2026-03-15 03:37:32 - watchfiles.main - INFO - 1 change detected
2026-03-15 03:37:32 - watchfiles.main - INFO - 1 change detected
2026-03-15 03:37:33 - watchfiles.main - INFO - 1 change detected
2026-03-15 03:37:33 - watchfiles.main - INFO - 1 change detected
2026-03-15 03:37:34 - watchfiles.main - INFO - 1 change detected
2026-03-15 03:37:34 - watchfiles.main - INFO - 1 change detected
2026-03-15 03:37:34 - watchfiles.main - INFO - 1 change detected
2026-03-15 03:37:35 - watchfiles.main - INFO - 1 change detected
2026-03-15 03:37:35 - watchfiles.main - INFO - 1 change detected
2026-03-15 03:37:35 - watchfiles.main - INFO - 1 change detected
2026-03-15 03:37:36 - watchfiles.main - INFO - 1 change detected
2026-03-15 03:37:36 - watchfiles.main - INFO - 1 change detected
2026-03-15 03:37:37 - watchfiles.main - INFO - 1 change detected
2026-03-15 03:37:37 - watchfiles.main - INFO - 1 change detected
2026-03-15 03:37:37 - watchfiles.main - INFO - 1 change detected
2026-03-15 03:37:38 - watchfiles.main - INFO - 1 change detected
2026-03-15 03:37:38 - watchfiles.main - INFO - 1 change detected
2026-03-15 03:37:38 - watchfiles.main - INFO - 1 change detected
2026-03-15 03:37:39 - watchfiles.main - INFO - 1 change detected
2026-03-15 03:37:39 - watchfiles.main - INFO - 1 change detected
2026-03-15 03:37:40 - watchfiles.main - INFO - 1 change detected
2026-03-15 03:37:40 - watchfiles.main - INFO - 1 change detected
2026-03-15 03:37:40 - watchfiles.main - INFO - 1 change detected
2026-03-15 03:37:41 - watchfiles.main - INFO - 1 change detected
2026-03-15 03:37:41 - watchfiles.main - INFO - 1 change detected
2026-03-15 03:37:42 - watchfiles.main - INFO - 1 change detected
2026-03-15 03:37:42 - watchfiles.main - INFO - 1 change detected
2026-03-15 03:37:42 - watchfiles.main - INFO - 1 change detected
2026-03-15 03:37:43 - watchfiles.main - INFO - 1 change detected
2026-03-15 03:37:43 - watchfiles.main - INFO - 1 change detected
2026-03-15 03:37:43 - watchfiles.main - INFO - 1 change detected
2026-03-15 03:37:44 - watchfiles.main - INFO - 1 change detected
2026-03-15 03:37:44 - watchfiles.main - INFO - 1 change detected
2026-03-15 03:37:44 - watchfiles.main - INFO - 1 change detected
2026-03-15 03:37:45 - watchfiles.main - INFO - 1 change detected
2026-03-15 03:37:45 - watchfiles.main - INFO - 1 change detected
2026-03-15 03:37:46 - watchfiles.main - INFO - 1 change detected
2026-03-15 03:37:46 - watchfiles.main - INFO - 1 change detected
2026-03-15 03:37:46 - watchfiles.main - INFO - 1 change detected
2026-03-15 03:37:47 - watchfiles.main - INFO - 1 change detected
2026-03-15 03:37:47 - watchfiles.main - INFO - 1 change detected
2026-03-15 03:37:47 - watchfiles.main - INFO - 1 change detected
2026-03-15 03:37:48 - watchfiles.main - INFO - 1 change detected
2026-03-15 03:37:48 - watchfiles.main - INFO - 1 change detected
2026-03-15 03:37:49 - watchfiles.main - INFO - 1 change detected
2026-03-15 03:37:49 - watchfiles.main - INFO - 1 change detected
2026-03-15 03:37:49 - watchfiles.main - INFO - 1 change detected
2026-03-15 03:37:50 - watchfiles.main - INFO - 1 change detected
2026-03-15 03:37:50 - watchfiles.main - INFO - 1 change detected
2026-03-15 03:37:51 - watchfiles.main - INFO - 1 change detected
2026-03-15 03:37:51 - watchfiles.main - INFO - 1 change detected
2026-03-15 03:37:51 - watchfiles.main - INFO - 1 change detected
2026-03-15 03:37:52 - watchfiles.main - INFO - 1 change detected
2026-03-15 03:37:52 - watchfiles.main - INFO - 1 change detected
2026-03-15 03:37:52 - watchfiles.main - INFO - 1 change detected
2026-03-15 03:37:53 - watchfiles.main - INFO - 1 change detected
2026-03-15 03:37:53 - watchfiles.main - INFO - 1 change detected
2026-03-15 03:37:53 - watchfiles.main - INFO - 1 change detected
2026-03-15 03:37:54 - watchfiles.main - INFO - 1 change detected
2026-03-15 03:37:55 - watchfiles.main - INFO - 1 change detected
2026-03-15 03:37:55 - watchfiles.main - INFO - 1 change detected
2026-03-15 03:37:55 - watchfiles.main - INFO - 1 change detected
2026-03-15 03:37:56 - watchfiles.main - INFO - 1 change detected
2026-03-15 03:37:56 - watchfiles.main - INFO - 1 change detected
2026-03-15 03:37:56 - watchfiles.main - INFO - 1 change detected
2026-03-15 03:37:57 - watchfiles.main - INFO - 1 change detected
2026-03-15 03:37:57 - watchfiles.main - INFO - 1 change detected
2026-03-15 03:37:57 - watchfiles.main - INFO - 1 change detected
2026-03-15 03:37:58 - watchfiles.main - INFO - 1 change detected
2026-03-15 03:37:58 - watchfiles.main - INFO - 1 change detected
2026-03-15 03:37:59 - watchfiles.main - INFO - 1 change detected
2026-03-15 03:37:59 - watchfiles.main - INFO - 1 change detected
2026-03-15 03:37:59 - watchfiles.main - INFO - 1 change detected
2026-03-15 03:38:00 - watchfiles.main - INFO - 1 change detected
2026-03-15 03:38:00 - watchfiles.main - INFO - 1 change detected
2026-03-15 03:38:00 - watchfiles.main - INFO - 1 change detected
2026-03-15 03:38:01 - watchfiles.main - INFO - 1 change detected
2026-03-15 03:38:01 - watchfiles.main - INFO - 1 change detected
2026-03-15 03:38:02 - watchfiles.main - INFO - 1 change detected
2026-03-15 03:38:02 - watchfiles.main - INFO - 1 change detected
2026-03-15 03:38:02 - watchfiles.main - INFO - 1 change detected
2026-03-15 03:38:03 - watchfiles.main - INFO - 1 change detected
2026-03-15 03:38:03 - watchfiles.main - INFO - 1 change detected
2026-03-15 03:38:03 - watchfiles.main - INFO - 1 change detected
2026-03-15 03:38:04 - watchfiles.main - INFO - 1 change detected
2026-03-15 03:38:04 - watchfiles.main - INFO - 1 change detected
2026-03-15 03:38:05 - watchfiles.main - INFO - 1 change detected
2026-03-15 03:38:05 - watchfiles.main - INFO - 1 change detected
2026-03-15 03:38:05 - watchfiles.main - INFO - 1 change detected
2026-03-15 03:38:06 - watchfiles.main - INFO - 1 change detected
2026-03-15 03:38:06 - watchfiles.main - INFO - 1 change detected
2026-03-15 03:38:07 - watchfiles.main - INFO - 1 change detected
2026-03-15 03:38:07 - watchfiles.main - INFO - 1 change detected
2026-03-15 03:38:07 - watchfiles.main - INFO - 1 change detected
2026-03-15 03:38:08 - watchfiles.main - INFO - 1 change detected
2026-03-15 03:38:08 - watchfiles.main - INFO - 1 change detected
2026-03-15 03:38:09 - watchfiles.main - INFO - 1 change detected
2026-03-15 03:38:09 - watchfiles.main - INFO - 1 change detected
2026-03-15 03:38:09 - watchfiles.main - INFO - 1 change detected
2026-03-15 03:38:10 - watchfiles.main - INFO - 1 change detected
2026-03-15 03:38:10 - watchfiles.main - INFO - 1 change detected
2026-03-15 03:38:10 - watchfiles.main - INFO - 1 change detected
2026-03-15 03:38:11 - watchfiles.main - INFO - 1 change detected
2026-03-15 03:38:11 - watchfiles.main - INFO - 1 change detected
2026-03-15 03:38:12 - watchfiles.main - INFO - 1 change detected
2026-03-15 03:38:12 - watchfiles.main - INFO - 1 change detected
2026-03-15 03:38:12 - watchfiles.main - INFO - 1 change detected
2026-03-15 03:38:13 - watchfiles.main - INFO - 1 change detected
2026-03-15 03:38:13 - watchfiles.main - INFO - 1 change detected
2026-03-15 03:38:14 - watchfiles.main - INFO - 1 change detected
2026-03-15 03:38:14 - watchfiles.main - INFO - 1 change detected
2026-03-15 03:38:14 - watchfiles.main - INFO - 1 change detected
2026-03-15 03:38:15 - watchfiles.main - INFO - 1 change detected
2026-03-15 03:38:15 - watchfiles.main - INFO - 1 change detected
2026-03-15 03:38:15 - watchfiles.main - INFO - 1 change detected
2026-03-15 03:38:16 - watchfiles.main - INFO - 1 change detected
2026-03-15 03:38:16 - watchfiles.main - INFO - 1 change detected
2026-03-15 03:38:17 - watchfiles.main - INFO - 1 change detected
2026-03-15 03:38:17 - watchfiles.main - INFO - 1 change detected
2026-03-15 03:38:17 - watchfiles.main - INFO - 1 change detected
2026-03-15 03:38:18 - watchfiles.main - INFO - 1 change detected
2026-03-15 03:38:18 - watchfiles.main - INFO - 1 change detected
2026-03-15 03:38:18 - watchfiles.main - INFO - 1 change detected
2026-03-15 03:38:19 - watchfiles.main - INFO - 1 change detected
2026-03-15 03:38:19 - watchfiles.main - INFO - 1 change detected
2026-03-15 03:38:19 - watchfiles.main - INFO - 1 change detected
2026-03-15 03:38:20 - watchfiles.main - INFO - 1 change detected
2026-03-15 03:38:20 - watchfiles.main - INFO - 1 change detected
2026-03-15 03:38:21 - watchfiles.main - INFO - 1 change detected
2026-03-15 03:38:21 - watchfiles.main - INFO - 1 change detected
2026-03-15 03:38:21 - watchfiles.main - INFO - 1 change detected
2026-03-15 03:38:22 - watchfiles.main - INFO - 1 change detected
2026-03-15 03:38:22 - watchfiles.main - INFO - 1 change detected
2026-03-15 03:38:23 - watchfiles.main - INFO - 1 change detected
2026-03-15 03:38:23 - watchfiles.main - INFO - 1 change detected
2026-03-15 03:38:23 - watchfiles.main - INFO - 1 change detected
2026-03-15 03:38:24 - watchfiles.main - INFO - 1 change detected
2026-03-15 03:38:24 - watchfiles.main - INFO - 1 change detected
2026-03-15 03:38:24 - watchfiles.main - INFO - 1 change detected
2026-03-15 03:38:25 - watchfiles.main - INFO - 1 change detected
2026-03-15 03:38:25 - watchfiles.main - INFO - 1 change detected
2026-03-15 03:38:26 - watchfiles.main - INFO - 1 change detected
2026-03-15 03:38:26 - watchfiles.main - INFO - 1 change detected
2026-03-15 03:38:26 - watchfiles.main - INFO - 1 change detected
2026-03-15 03:38:27 - watchfiles.main - INFO - 1 change detected
2026-03-15 03:38:27 - watchfiles.main - INFO - 1 change detected
2026-03-15 03:38:27 - watchfiles.main - INFO - 1 change detected
2026-03-15 03:38:28 - watchfiles.main - INFO - 1 change detected
2026-03-15 03:38:28 - watchfiles.main - INFO - 1 change detected
2026-03-15 03:38:29 - watchfiles.main - INFO - 1 change detected
2026-03-15 03:38:29 - watchfiles.main - INFO - 1 change detected
2026-03-15 03:38:29 - watchfiles.main - INFO - 1 change detected
2026-03-15 03:38:30 - watchfiles.main - INFO - 1 change detected
2026-03-15 03:38:30 - watchfiles.main - INFO - 1 change detected
2026-03-15 03:38:31 - watchfiles.main - INFO - 1 change detected
2026-03-15 03:38:31 - watchfiles.main - INFO - 1 change detected
2026-03-15 03:38:31 - watchfiles.main - INFO - 1 change detected
2026-03-15 03:38:32 - watchfiles.main - INFO - 1 change detected
2026-03-15 03:38:32 - watchfiles.main - INFO - 1 change detected
2026-03-15 03:38:33 - watchfiles.main - INFO - 1 change detected
2026-03-15 03:38:33 - watchfiles.main - INFO - 1 change detected
2026-03-15 03:38:33 - watchfiles.main - INFO - 1 change detected
2026-03-15 03:38:34 - watchfiles.main - INFO - 1 change detected
2026-03-15 03:38:34 - watchfiles.main - INFO - 1 change detected
2026-03-15 03:38:34 - watchfiles.main - INFO - 1 change detected
2026-03-15 03:38:35 - watchfiles.main - INFO - 1 change detected
2026-03-15 03:38:35 - watchfiles.main - INFO - 1 change detected
2026-03-15 03:38:35 - watchfiles.main - INFO - 1 change detected
2026-03-15 03:38:36 - watchfiles.main - INFO - 1 change detected
2026-03-15 03:38:36 - watchfiles.main - INFO - 1 change detected
2026-03-15 03:38:37 - watchfiles.main - INFO - 1 change detected
2026-03-15 03:38:37 - watchfiles.main - INFO - 1 change detected
2026-03-15 03:38:37 - watchfiles.main - INFO - 1 change detected
2026-03-15 03:38:38 - watchfiles.main - INFO - 1 change detected
2026-03-15 03:38:38 - watchfiles.main - INFO - 1 change detected
2026-03-15 03:38:39 - watchfiles.main - INFO - 1 change detected
2026-03-15 03:38:39 - watchfiles.main - INFO - 1 change detected
2026-03-15 03:38:39 - watchfiles.main - INFO - 1 change detected
2026-03-15 03:38:40 - watchfiles.main - INFO - 1 change detected
2026-03-15 03:38:40 - watchfiles.main - INFO - 1 change detected
2026-03-15 03:38:40 - watchfiles.main - INFO - 1 change detected
2026-03-15 03:38:41 - watchfiles.main - INFO - 1 change detected
2026-03-15 03:38:41 - watchfiles.main - INFO - 1 change detected
2026-03-15 03:38:42 - watchfiles.main - INFO - 1 change detected
2026-03-15 03:38:42 - watchfiles.main - INFO - 1 change detected
2026-03-15 03:38:42 - watchfiles.main - INFO - 1 change detected
2026-03-15 03:38:43 - watchfiles.main - INFO - 1 change detected
2026-03-15 03:38:43 - watchfiles.main - INFO - 1 change detected
2026-03-15 03:38:43 - watchfiles.main - INFO - 1 change detected
2026-03-15 03:38:44 - watchfiles.main - INFO - 1 change detected
2026-03-15 03:38:44 - watchfiles.main - INFO - 1 change detected
2026-03-15 03:38:45 - watchfiles.main - INFO - 1 change detected
2026-03-15 03:38:45 - watchfiles.main - INFO - 1 change detected
2026-03-15 03:38:45 - watchfiles.main - INFO - 1 change detected
2026-03-15 03:38:46 - watchfiles.main - INFO - 1 change detected
2026-03-15 03:38:46 - watchfiles.main - INFO - 1 change detected
2026-03-15 03:38:46 - watchfiles.main - INFO - 1 change detected
2026-03-15 03:38:47 - watchfiles.main - INFO - 1 change detected
2026-03-15 03:38:47 - watchfiles.main - INFO - 1 change detected
2026-03-15 03:38:48 - watchfiles.main - INFO - 1 change detected
2026-03-15 03:38:48 - watchfiles.main - INFO - 1 change detected
2026-03-15 03:38:48 - watchfiles.main - INFO - 1 change detected
2026-03-15 03:38:49 - watchfiles.main - INFO - 1 change detected
2026-03-15 03:38:49 - watchfiles.main - INFO - 1 change detected
2026-03-15 03:38:50 - watchfiles.main - INFO - 1 change detected
2026-03-15 03:38:50 - watchfiles.main - INFO - 1 change detected
2026-03-15 03:38:50 - watchfiles.main - INFO - 1 change detected
2026-03-15 03:38:51 - watchfiles.main - INFO - 1 change detected
2026-03-15 03:38:51 - watchfiles.main - INFO - 1 change detected
2026-03-15 03:38:51 - watchfiles.main - INFO - 1 change detected
2026-03-15 03:38:52 - watchfiles.main - INFO - 1 change detected
2026-03-15 03:38:52 - watchfiles.main - INFO - 1 change detected
2026-03-15 03:38:52 - watchfiles.main - INFO - 1 change detected
2026-03-15 03:38:53 - watchfiles.main - INFO - 1 change detected
2026-03-15 03:38:53 - watchfiles.main - INFO - 1 change detected
2026-03-15 03:38:54 - watchfiles.main - INFO - 1 change detected
2026-03-15 03:38:54 - watchfiles.main - INFO - 1 change detected
2026-03-15 03:38:54 - watchfiles.main - INFO - 1 change detected
2026-03-15 03:38:55 - watchfiles.main - INFO - 1 change detected
2026-03-15 03:38:55 - watchfiles.main - INFO - 1 change detected
2026-03-15 03:38:56 - watchfiles.main - INFO - 1 change detected
2026-03-15 03:38:56 - watchfiles.main - INFO - 1 change detected
2026-03-15 03:38:56 - watchfiles.main - INFO - 1 change detected
2026-03-15 03:38:57 - watchfiles.main - INFO - 1 change detected
2026-03-15 03:38:57 - watchfiles.main - INFO - 1 change detected
2026-03-15 03:38:57 - watchfiles.main - INFO - 1 change detected
2026-03-15 03:38:58 - watchfiles.main - INFO - 1 change detected
2026-03-15 03:38:58 - watchfiles.main - INFO - 1 change detected
2026-03-15 03:38:58 - watchfiles.main - INFO - 1 change detected
2026-03-15 03:38:59 - watchfiles.main - INFO - 1 change detected
2026-03-15 03:38:59 - watchfiles.main - INFO - 1 change detected
2026-03-15 03:39:00 - watchfiles.main - INFO - 1 change detected
2026-03-15 03:39:00 - watchfiles.main - INFO - 1 change detected
2026-03-15 03:39:00 - watchfiles.main - INFO - 1 change detected
2026-03-15 03:39:01 - watchfiles.main - INFO - 1 change detected
2026-03-15 03:39:01 - watchfiles.main - INFO - 1 change detected
2026-03-15 03:39:02 - watchfiles.main - INFO - 1 change detected
2026-03-15 03:39:02 - watchfiles.main - INFO - 1 change detected
2026-03-15 03:39:02 - watchfiles.main - INFO - 1 change detected
2026-03-15 03:39:03 - watchfiles.main - INFO - 1 change detected
2026-03-15 03:39:03 - watchfiles.main - INFO - 1 change detected
2026-03-15 03:39:03 - watchfiles.main - INFO - 1 change detected
2026-03-15 03:39:04 - watchfiles.main - INFO - 1 change detected
2026-03-15 03:39:04 - watchfiles.main - INFO - 1 change detected
2026-03-15 03:39:05 - watchfiles.main - INFO - 1 change detected
2026-03-15 03:39:05 - watchfiles.main - INFO - 1 change detected
2026-03-15 03:39:05 - watchfiles.main - INFO - 1 change detected
2026-03-15 03:39:06 - watchfiles.main - INFO - 1 change detected
2026-03-15 03:39:06 - watchfiles.main - INFO - 1 change detected
2026-03-15 03:39:07 - watchfiles.main - INFO - 1 change detected
2026-03-15 03:39:07 - watchfiles.main - INFO - 1 change detected
2026-03-15 03:39:07 - watchfiles.main - INFO - 1 change detected
2026-03-15 03:39:08 - watchfiles.main - INFO - 1 change detected
2026-03-15 03:39:08 - watchfiles.main - INFO - 1 change detected
2026-03-15 03:39:08 - watchfiles.main - INFO - 1 change detected
2026-03-15 03:39:09 - watchfiles.main - INFO - 1 change detected
2026-03-15 03:39:09 - watchfiles.main - INFO - 1 change detected
2026-03-15 03:39:09 - watchfiles.main - INFO - 1 change detected
2026-03-15 03:39:10 - watchfiles.main - INFO - 1 change detected
2026-03-15 03:39:10 - watchfiles.main - INFO - 1 change detected
2026-03-15 03:39:11 - watchfiles.main - INFO - 1 change detected
2026-03-15 03:39:11 - watchfiles.main - INFO - 1 change detected
2026-03-15 03:39:11 - watchfiles.main - INFO - 1 change detected
2026-03-15 03:39:12 - watchfiles.main - INFO - 1 change detected
2026-03-15 03:39:12 - watchfiles.main - INFO - 1 change detected
2026-03-15 03:39:13 - watchfiles.main - INFO - 1 change detected
2026-03-15 03:39:13 - watchfiles.main - INFO - 1 change detected
2026-03-15 03:39:13 - watchfiles.main - INFO - 1 change detected
2026-03-15 03:39:14 - watchfiles.main - INFO - 1 change detected
2026-03-15 03:39:14 - watchfiles.main - INFO - 1 change detected
2026-03-15 03:39:14 - watchfiles.main - INFO - 1 change detected
2026-03-15 03:39:15 - watchfiles.main - INFO - 1 change detected
2026-03-15 03:39:15 - watchfiles.main - INFO - 1 change detected
2026-03-15 03:39:16 - watchfiles.main - INFO - 1 change detected
2026-03-15 03:39:16 - watchfiles.main - INFO - 1 change detected
2026-03-15 03:39:16 - watchfiles.main - INFO - 1 change detected
2026-03-15 03:39:17 - watchfiles.main - INFO - 1 change detected
2026-03-15 03:39:17 - watchfiles.main - INFO - 1 change detected
2026-03-15 03:39:18 - watchfiles.main - INFO - 1 change detected
2026-03-15 03:39:18 - watchfiles.main - INFO - 1 change detected
2026-03-15 03:39:18 - watchfiles.main - INFO - 1 change detected
2026-03-15 03:39:19 - watchfiles.main - INFO - 1 change detected
2026-03-15 03:39:19 - watchfiles.main - INFO - 1 change detected
2026-03-15 03:39:20 - watchfiles.main - INFO - 1 change detected
2026-03-15 03:39:20 - watchfiles.main - INFO - 1 change detected
2026-03-15 03:39:20 - watchfiles.main - INFO - 1 change detected
2026-03-15 03:39:21 - watchfiles.main - INFO - 1 change detected
2026-03-15 03:39:21 - watchfiles.main - INFO - 1 change detected
2026-03-15 03:39:21 - watchfiles.main - INFO - 1 change detected
2026-03-15 03:39:22 - watchfiles.main - INFO - 1 change detected
2026-03-15 03:39:22 - watchfiles.main - INFO - 1 change detected
2026-03-15 03:39:23 - watchfiles.main - INFO - 1 change detected
2026-03-15 03:39:23 - watchfiles.main - INFO - 1 change detected
2026-03-15 03:39:23 - watchfiles.main - INFO - 1 change detected
2026-03-15 03:39:24 - watchfiles.main - INFO - 1 change detected
2026-03-15 03:39:24 - watchfiles.main - INFO - 1 change detected
2026-03-15 03:39:24 - watchfiles.main - INFO - 1 change detected
2026-03-15 03:39:25 - watchfiles.main - INFO - 1 change detected
2026-03-15 03:39:25 - watchfiles.main - INFO - 1 change detected
2026-03-15 03:39:25 - watchfiles.main - INFO - 1 change detected
2026-03-15 03:39:26 - watchfiles.main - INFO - 1 change detected
2026-03-15 03:39:26 - watchfiles.main - INFO - 1 change detected
2026-03-15 03:39:27 - watchfiles.main - INFO - 1 change detected
2026-03-15 03:39:27 - watchfiles.main - INFO - 1 change detected
2026-03-15 03:39:27 - watchfiles.main - INFO - 1 change detected
2026-03-15 03:39:28 - watchfiles.main - INFO - 1 change detected
2026-03-15 03:39:28 - watchfiles.main - INFO - 1 change detected
2026-03-15 03:39:29 - watchfiles.main - INFO - 1 change detected
2026-03-15 03:39:29 - watchfiles.main - INFO - 1 change detected
2026-03-15 03:39:29 - watchfiles.main - INFO - 1 change detected
2026-03-15 03:39:30 - watchfiles.main - INFO - 1 change detected
2026-03-15 03:39:30 - watchfiles.main - INFO - 1 change detected
2026-03-15 03:39:30 - watchfiles.main - INFO - 1 change detected
2026-03-15 03:39:31 - watchfiles.main - INFO - 1 change detected
2026-03-15 03:39:31 - watchfiles.main - INFO - 1 change detected
2026-03-15 03:39:32 - watchfiles.main - INFO - 1 change detected
2026-03-15 03:39:32 - watchfiles.main - INFO - 1 change detected
2026-03-15 03:39:33 - watchfiles.main - INFO - 1 change detected
2026-03-15 03:39:33 - watchfiles.main - INFO - 1 change detected
2026-03-15 03:39:33 - watchfiles.main - INFO - 1 change detected
2026-03-15 03:39:34 - watchfiles.main - INFO - 1 change detected
2026-03-15 03:39:34 - watchfiles.main - INFO - 1 change detected
2026-03-15 03:39:34 - watchfiles.main - INFO - 1 change detected
2026-03-15 03:39:35 - watchfiles.main - INFO - 1 change detected
2026-03-15 03:39:35 - watchfiles.main - INFO - 1 change detected
2026-03-15 03:39:36 - watchfiles.main - INFO - 1 change detected
2026-03-15 03:39:36 - watchfiles.main - INFO - 1 change detected
2026-03-15 03:39:36 - watchfiles.main - INFO - 1 change detected
2026-03-15 03:39:37 - watchfiles.main - INFO - 1 change detected
2026-03-15 03:39:37 - watchfiles.main - INFO - 1 change detected
2026-03-15 03:39:37 - watchfiles.main - INFO - 1 change detected
2026-03-15 03:39:38 - watchfiles.main - INFO - 1 change detected
2026-03-15 03:39:38 - watchfiles.main - INFO - 1 change detected
2026-03-15 03:39:38 - watchfiles.main - INFO - 1 change detected
2026-03-15 03:39:39 - watchfiles.main - INFO - 1 change detected
2026-03-15 03:39:39 - watchfiles.main - INFO - 1 change detected
2026-03-15 03:39:40 - watchfiles.main - INFO - 1 change detected
2026-03-15 03:39:40 - watchfiles.main - INFO - 1 change detected
2026-03-15 03:39:41 - watchfiles.main - INFO - 1 change detected
2026-03-15 03:39:41 - watchfiles.main - INFO - 1 change detected
2026-03-15 03:39:41 - watchfiles.main - INFO - 1 change detected
2026-03-15 03:39:42 - watchfiles.main - INFO - 1 change detected
2026-03-15 03:39:42 - watchfiles.main - INFO - 1 change detected
2026-03-15 03:39:42 - watchfiles.main - INFO - 1 change detected
2026-03-15 03:39:43 - watchfiles.main - INFO - 1 change detected
2026-03-15 03:39:43 - watchfiles.main - INFO - 1 change detected
2026-03-15 03:39:44 - watchfiles.main - INFO - 1 change detected
2026-03-15 03:39:44 - watchfiles.main - INFO - 1 change detected
2026-03-15 03:39:44 - watchfiles.main - INFO - 1 change detected
2026-03-15 03:39:45 - watchfiles.main - INFO - 1 change detected
2026-03-15 03:39:45 - watchfiles.main - INFO - 1 change detected
2026-03-15 03:39:45 - watchfiles.main - INFO - 1 change detected
2026-03-15 03:39:46 - watchfiles.main - INFO - 1 change detected
2026-03-15 03:39:46 - watchfiles.main - INFO - 1 change detected
2026-03-15 03:39:46 - watchfiles.main - INFO - 1 change detected
2026-03-15 03:39:47 - watchfiles.main - INFO - 1 change detected
2026-03-15 03:39:47 - watchfiles.main - INFO - 1 change detected
2026-03-15 03:39:48 - watchfiles.main - INFO - 1 change detected
2026-03-15 03:39:48 - watchfiles.main - INFO - 1 change detected
2026-03-15 03:39:48 - watchfiles.main - INFO - 1 change detected
2026-03-15 03:39:49 - watchfiles.main - INFO - 1 change detected
2026-03-15 03:39:49 - watchfiles.main - INFO - 1 change detected
2026-03-15 03:39:50 - watchfiles.main - INFO - 1 change detected
2026-03-15 03:39:50 - watchfiles.main - INFO - 1 change detected
2026-03-15 03:39:50 - watchfiles.main - INFO - 1 change detected
2026-03-15 03:39:51 - watchfiles.main - INFO - 1 change detected
2026-03-15 03:39:51 - watchfiles.main - INFO - 1 change detected
2026-03-15 03:39:51 - watchfiles.main - INFO - 1 change detected
2026-03-15 03:39:52 - watchfiles.main - INFO - 1 change detected
2026-03-15 03:39:52 - watchfiles.main - INFO - 1 change detected
2026-03-15 03:39:53 - watchfiles.main - INFO - 1 change detected
2026-03-15 03:39:53 - watchfiles.main - INFO - 1 change detected
2026-03-15 03:39:53 - watchfiles.main - INFO - 1 change detected
2026-03-15 03:39:54 - watchfiles.main - INFO - 1 change detected
2026-03-15 03:39:54 - watchfiles.main - INFO - 1 change detected
2026-03-15 03:39:54 - watchfiles.main - INFO - 1 change detected
2026-03-15 03:39:55 - watchfiles.main - INFO - 1 change detected
2026-03-15 03:39:55 - watchfiles.main - INFO - 1 change detected
2026-03-15 03:39:56 - watchfiles.main - INFO - 1 change detected
2026-03-15 03:39:56 - watchfiles.main - INFO - 1 change detected
2026-03-15 03:39:56 - watchfiles.main - INFO - 1 change detected
2026-03-15 03:39:57 - watchfiles.main - INFO - 1 change detected
2026-03-15 03:39:57 - watchfiles.main - INFO - 1 change detected
2026-03-15 03:39:57 - watchfiles.main - INFO - 1 change detected
2026-03-15 03:39:58 - watchfiles.main - INFO - 1 change detected
2026-03-15 03:39:58 - watchfiles.main - INFO - 1 change detected
2026-03-15 03:39:58 - watchfiles.main - INFO - 1 change detected
2026-03-15 03:39:59 - watchfiles.main - INFO - 1 change detected
2026-03-15 03:39:59 - watchfiles.main - INFO - 1 change detected
2026-03-15 03:40:00 - watchfiles.main - INFO - 1 change detected
2026-03-15 03:40:00 - watchfiles.main - INFO - 1 change detected
2026-03-15 03:40:00 - watchfiles.main - INFO - 1 change detected
2026-03-15 03:40:01 - watchfiles.main - INFO - 1 change detected
2026-03-15 03:40:01 - watchfiles.main - INFO - 1 change detected
2026-03-15 03:40:01 - watchfiles.main - INFO - 1 change detected
2026-03-15 03:40:02 - watchfiles.main - INFO - 1 change detected
2026-03-15 03:40:02 - watchfiles.main - INFO - 1 change detected
2026-03-15 03:40:03 - watchfiles.main - INFO - 1 change detected
2026-03-15 03:40:03 - watchfiles.main - INFO - 1 change detected
2026-03-15 03:40:03 - watchfiles.main - INFO - 1 change detected
2026-03-15 03:40:04 - watchfiles.main - INFO - 1 change detected
2026-03-15 03:40:04 - watchfiles.main - INFO - 1 change detected
2026-03-15 03:40:04 - watchfiles.main - INFO - 1 change detected
2026-03-15 03:40:05 - watchfiles.main - INFO - 1 change detected
2026-03-15 03:40:05 - watchfiles.main - INFO - 1 change detected
2026-03-15 03:40:06 - watchfiles.main - INFO - 1 change detected
2026-03-15 03:40:06 - watchfiles.main - INFO - 1 change detected
2026-03-15 03:40:06 - watchfiles.main - INFO - 1 change detected
2026-03-15 03:40:07 - watchfiles.main - INFO - 1 change detected
2026-03-15 03:40:07 - watchfiles.main - INFO - 1 change detected
2026-03-15 03:40:07 - watchfiles.main - INFO - 1 change detected
2026-03-15 03:40:08 - watchfiles.main - INFO - 1 change detected
2026-03-15 03:40:08 - watchfiles.main - INFO - 1 change detected
2026-03-15 03:40:09 - watchfiles.main - INFO - 1 change detected
2026-03-15 03:40:09 - watchfiles.main - INFO - 1 change detected
2026-03-15 03:40:09 - watchfiles.main - INFO - 1 change detected
2026-03-15 03:40:10 - watchfiles.main - INFO - 1 change detected
2026-03-15 03:40:10 - watchfiles.main - INFO - 1 change detected
2026-03-15 03:40:10 - watchfiles.main - INFO - 1 change detected
2026-03-15 03:40:11 - watchfiles.main - INFO - 1 change detected
2026-03-15 03:40:11 - watchfiles.main - INFO - 1 change detected
2026-03-15 03:40:12 - watchfiles.main - INFO - 1 change detected
2026-03-15 03:40:12 - watchfiles.main - INFO - 1 change detected
2026-03-15 03:40:12 - watchfiles.main - INFO - 1 change detected
2026-03-15 03:40:13 - watchfiles.main - INFO - 1 change detected
2026-03-15 03:40:13 - watchfiles.main - INFO - 1 change detected
2026-03-15 03:40:13 - watchfiles.main - INFO - 1 change detected
2026-03-15 03:40:14 - watchfiles.main - INFO - 1 change detected
2026-03-15 03:40:14 - watchfiles.main - INFO - 1 change detected
2026-03-15 03:40:15 - watchfiles.main - INFO - 1 change detected
2026-03-15 03:40:15 - watchfiles.main - INFO - 1 change detected
2026-03-15 03:40:15 - watchfiles.main - INFO - 1 change detected
2026-03-15 03:40:16 - watchfiles.main - INFO - 1 change detected
2026-03-15 03:40:16 - watchfiles.main - INFO - 1 change detected
2026-03-15 03:40:16 - watchfiles.main - INFO - 1 change detected
2026-03-15 03:40:17 - watchfiles.main - INFO - 1 change detected
2026-03-15 03:40:17 - watchfiles.main - INFO - 1 change detected
2026-03-15 03:40:17 - watchfiles.main - INFO - 1 change detected
2026-03-15 03:40:18 - watchfiles.main - INFO - 1 change detected
2026-03-15 03:40:18 - watchfiles.main - INFO - 1 change detected
2026-03-15 03:40:19 - watchfiles.main - INFO - 1 change detected
2026-03-15 03:40:19 - watchfiles.main - INFO - 1 change detected
2026-03-15 03:40:19 - watchfiles.main - INFO - 1 change detected
2026-03-15 03:40:20 - watchfiles.main - INFO - 1 change detected
2026-03-15 03:40:20 - watchfiles.main - INFO - 1 change detected
2026-03-15 03:40:20 - watchfiles.main - INFO - 1 change detected
2026-03-15 03:40:21 - watchfiles.main - INFO - 1 change detected
2026-03-15 03:40:21 - watchfiles.main - INFO - 1 change detected
2026-03-15 03:40:22 - watchfiles.main - INFO - 1 change detected
2026-03-15 03:40:22 - watchfiles.main - INFO - 1 change detected
2026-03-15 03:40:22 - watchfiles.main - INFO - 1 change detected
2026-03-15 03:40:23 - watchfiles.main - INFO - 1 change detected
2026-03-15 03:40:23 - watchfiles.main - INFO - 1 change detected
2026-03-15 03:40:23 - watchfiles.main - INFO - 1 change detected
2026-03-15 03:40:24 - watchfiles.main - INFO - 1 change detected
2026-03-15 03:40:24 - watchfiles.main - INFO - 1 change detected
2026-03-15 03:40:25 - watchfiles.main - INFO - 1 change detected
2026-03-15 03:40:25 - watchfiles.main - INFO - 1 change detected
2026-03-15 03:40:25 - watchfiles.main - INFO - 1 change detected
2026-03-15 03:40:26 - watchfiles.main - INFO - 1 change detected
2026-03-15 03:40:26 - watchfiles.main - INFO - 1 change detected
2026-03-15 03:40:26 - watchfiles.main - INFO - 1 change detected
2026-03-15 03:40:27 - watchfiles.main - INFO - 1 change detected
2026-03-15 03:40:27 - watchfiles.main - INFO - 1 change detected
2026-03-15 03:40:27 - watchfiles.main - INFO - 1 change detected
2026-03-15 03:40:28 - watchfiles.main - INFO - 1 change detected
2026-03-15 03:40:28 - watchfiles.main - INFO - 1 change detected
2026-03-15 03:40:29 - watchfiles.main - INFO - 1 change detected
2026-03-15 03:40:29 - watchfiles.main - INFO - 1 change detected
2026-03-15 03:40:29 - watchfiles.main - INFO - 1 change detected
2026-03-15 03:40:30 - watchfiles.main - INFO - 1 change detected
2026-03-15 03:40:30 - watchfiles.main - INFO - 1 change detected
2026-03-15 03:40:30 - watchfiles.main - INFO - 1 change detected
2026-03-15 03:40:31 - watchfiles.main - INFO - 1 change detected
2026-03-15 03:40:31 - watchfiles.main - INFO - 1 change detected
2026-03-15 03:40:32 - watchfiles.main - INFO - 1 change detected
2026-03-15 03:40:32 - watchfiles.main - INFO - 1 change detected
2026-03-15 03:40:32 - watchfiles.main - INFO - 1 change detected
2026-03-15 03:40:33 - watchfiles.main - INFO - 1 change detected
2026-03-15 03:40:33 - watchfiles.main - INFO - 1 change detected
2026-03-15 03:40:33 - watchfiles.main - INFO - 1 change detected
2026-03-15 03:40:34 - watchfiles.main - INFO - 1 change detected
2026-03-15 03:40:34 - watchfiles.main - INFO - 1 change detected
2026-03-15 03:40:35 - watchfiles.main - INFO - 1 change detected
2026-03-15 03:40:35 - watchfiles.main - INFO - 1 change detected
2026-03-15 03:40:36 - watchfiles.main - INFO - 1 change detected
2026-03-15 03:40:36 - watchfiles.main - INFO - 1 change detected
2026-03-15 03:40:36 - watchfiles.main - INFO - 1 change detected
2026-03-15 03:40:37 - watchfiles.main - INFO - 1 change detected
2026-03-15 03:40:37 - watchfiles.main - INFO - 1 change detected
2026-03-15 03:40:37 - watchfiles.main - INFO - 1 change detected
2026-03-15 03:40:38 - watchfiles.main - INFO - 1 change detected
2026-03-15 03:40:38 - watchfiles.main - INFO - 1 change detected
2026-03-15 03:40:38 - watchfiles.main - INFO - 1 change detected
2026-03-15 03:40:39 - watchfiles.main - INFO - 1 change detected
2026-03-15 03:40:39 - watchfiles.main - INFO - 1 change detected
2026-03-15 03:40:40 - watchfiles.main - INFO - 1 change detected
2026-03-15 03:40:41 - watchfiles.main - INFO - 1 change detected
2026-03-15 03:40:41 - watchfiles.main - INFO - 1 change detected
2026-03-15 03:40:41 - watchfiles.main - INFO - 1 change detected
2026-03-15 03:40:42 - watchfiles.main - INFO - 1 change detected
2026-03-15 03:40:42 - watchfiles.main - INFO - 1 change detected
2026-03-15 03:40:42 - watchfiles.main - INFO - 1 change detected
2026-03-15 03:40:43 - watchfiles.main - INFO - 1 change detected
2026-03-15 03:40:43 - watchfiles.main - INFO - 1 change detected
2026-03-15 03:40:43 - watchfiles.main - INFO - 1 change detected
2026-03-15 03:40:44 - watchfiles.main - INFO - 1 change detected
2026-03-15 03:40:44 - watchfiles.main - INFO - 1 change detected
2026-03-15 03:40:45 - watchfiles.main - INFO - 1 change detected
2026-03-15 03:40:45 - watchfiles.main - INFO - 1 change detected
2026-03-15 03:40:45 - watchfiles.main - INFO - 1 change detected
2026-03-15 03:40:46 - watchfiles.main - INFO - 1 change detected
2026-03-15 03:40:46 - watchfiles.main - INFO - 1 change detected
2026-03-15 03:40:46 - watchfiles.main - INFO - 1 change detected
2026-03-15 03:40:47 - watchfiles.main - INFO - 1 change detected
2026-03-15 03:40:47 - watchfiles.main - INFO - 1 change detected
2026-03-15 03:40:48 - watchfiles.main - INFO - 1 change detected
2026-03-15 03:40:48 - watchfiles.main - INFO - 1 change detected
2026-03-15 03:40:48 - watchfiles.main - INFO - 1 change detected
2026-03-15 03:40:49 - watchfiles.main - INFO - 1 change detected
2026-03-15 03:40:49 - watchfiles.main - INFO - 1 change detected
2026-03-15 03:40:49 - watchfiles.main - INFO - 1 change detected
2026-03-15 03:40:50 - watchfiles.main - INFO - 1 change detected
2026-03-15 03:40:50 - watchfiles.main - INFO - 1 change detected
2026-03-15 03:40:51 - watchfiles.main - INFO - 1 change detected
2026-03-15 03:40:51 - watchfiles.main - INFO - 1 change detected
2026-03-15 03:40:51 - watchfiles.main - INFO - 1 change detected
2026-03-15 03:40:52 - watchfiles.main - INFO - 1 change detected
2026-03-15 03:40:52 - watchfiles.main - INFO - 1 change detected
2026-03-15 03:40:52 - watchfiles.main - INFO - 1 change detected
2026-03-15 03:40:53 - watchfiles.main - INFO - 1 change detected
2026-03-15 03:40:53 - watchfiles.main - INFO - 1 change detected
2026-03-15 03:40:54 - watchfiles.main - INFO - 1 change detected
2026-03-15 03:40:54 - watchfiles.main - INFO - 1 change detected
2026-03-15 03:40:54 - watchfiles.main - INFO - 1 change detected
2026-03-15 03:40:55 - watchfiles.main - INFO - 1 change detected
2026-03-15 03:40:55 - watchfiles.main - INFO - 1 change detected
2026-03-15 03:40:55 - watchfiles.main - INFO - 1 change detected
2026-03-15 03:40:56 - watchfiles.main - INFO - 1 change detected
2026-03-15 03:40:56 - watchfiles.main - INFO - 1 change detected
2026-03-15 03:40:57 - watchfiles.main - INFO - 1 change detected
2026-03-15 03:40:57 - watchfiles.main - INFO - 1 change detected
2026-03-15 03:40:57 - watchfiles.main - INFO - 1 change detected
2026-03-15 03:40:58 - watchfiles.main - INFO - 1 change detected
2026-03-15 03:40:58 - watchfiles.main - INFO - 1 change detected
2026-03-15 03:40:58 - watchfiles.main - INFO - 1 change detected
2026-03-15 03:40:59 - watchfiles.main - INFO - 1 change detected
2026-03-15 03:40:59 - watchfiles.main - INFO - 1 change detected
2026-03-15 03:40:59 - watchfiles.main - INFO - 1 change detected
2026-03-15 03:41:00 - watchfiles.main - INFO - 1 change detected
2026-03-15 03:41:00 - watchfiles.main - INFO - 1 change detected
2026-03-15 03:41:00 - watchfiles.main - INFO - 1 change detected
2026-03-15 03:41:01 - watchfiles.main - INFO - 1 change detected
2026-03-15 03:41:01 - watchfiles.main - INFO - 1 change detected
2026-03-15 03:41:02 - watchfiles.main - INFO - 1 change detected
2026-03-15 03:41:02 - watchfiles.main - INFO - 1 change detected
2026-03-15 03:41:02 - watchfiles.main - INFO - 1 change detected
2026-03-15 03:41:03 - watchfiles.main - INFO - 1 change detected
2026-03-15 03:41:03 - watchfiles.main - INFO - 1 change detected
2026-03-15 03:41:03 - watchfiles.main - INFO - 1 change detected
2026-03-15 03:41:04 - watchfiles.main - INFO - 1 change detected
2026-03-15 03:41:04 - watchfiles.main - INFO - 1 change detected
2026-03-15 03:41:05 - watchfiles.main - INFO - 1 change detected
2026-03-15 03:41:05 - watchfiles.main - INFO - 1 change detected
2026-03-15 03:41:05 - watchfiles.main - INFO - 1 change detected
2026-03-15 03:41:06 - watchfiles.main - INFO - 1 change detected
2026-03-15 03:41:06 - watchfiles.main - INFO - 1 change detected
2026-03-15 03:41:06 - watchfiles.main - INFO - 1 change detected
2026-03-15 03:41:07 - watchfiles.main - INFO - 1 change detected
2026-03-15 03:41:07 - watchfiles.main - INFO - 1 change detected
2026-03-15 03:41:08 - watchfiles.main - INFO - 1 change detected
2026-03-15 03:41:08 - watchfiles.main - INFO - 1 change detected
2026-03-15 03:41:08 - watchfiles.main - INFO - 1 change detected
2026-03-15 03:41:09 - watchfiles.main - INFO - 1 change detected
2026-03-15 03:41:09 - watchfiles.main - INFO - 1 change detected
2026-03-15 03:41:09 - watchfiles.main - INFO - 1 change detected
2026-03-15 03:41:10 - watchfiles.main - INFO - 1 change detected
2026-03-15 03:41:10 - watchfiles.main - INFO - 1 change detected
2026-03-15 03:41:11 - watchfiles.main - INFO - 1 change detected
2026-03-15 03:41:11 - watchfiles.main - INFO - 1 change detected
2026-03-15 03:41:11 - watchfiles.main - INFO - 1 change detected
2026-03-15 03:41:12 - watchfiles.main - INFO - 1 change detected
2026-03-15 03:41:12 - watchfiles.main - INFO - 1 change detected
2026-03-15 03:41:12 - watchfiles.main - INFO - 1 change detected
2026-03-15 03:41:13 - watchfiles.main - INFO - 1 change detected
2026-03-15 03:41:13 - watchfiles.main - INFO - 1 change detected
2026-03-15 03:41:13 - watchfiles.main - INFO - 1 change detected
2026-03-15 03:41:14 - watchfiles.main - INFO - 1 change detected
2026-03-15 03:41:14 - watchfiles.main - INFO - 1 change detected
2026-03-15 03:41:15 - watchfiles.main - INFO - 1 change detected
2026-03-15 03:41:15 - watchfiles.main - INFO - 1 change detected
2026-03-15 03:41:15 - watchfiles.main - INFO - 1 change detected
2026-03-15 03:41:16 - watchfiles.main - INFO - 1 change detected
2026-03-15 03:41:16 - watchfiles.main - INFO - 1 change detected
2026-03-15 03:41:16 - watchfiles.main - INFO - 1 change detected
2026-03-15 03:41:17 - watchfiles.main - INFO - 1 change detected
2026-03-15 03:41:17 - watchfiles.main - INFO - 1 change detected
2026-03-15 03:41:18 - watchfiles.main - INFO - 1 change detected
2026-03-15 03:41:18 - watchfiles.main - INFO - 1 change detected
2026-03-15 03:41:18 - watchfiles.main - INFO - 1 change detected
2026-03-15 03:41:19 - watchfiles.main - INFO - 1 change detected
2026-03-15 03:41:19 - watchfiles.main - INFO - 1 change detected
2026-03-15 03:41:19 - watchfiles.main - INFO - 1 change detected
2026-03-15 03:41:20 - watchfiles.main - INFO - 1 change detected
2026-03-15 03:41:20 - watchfiles.main - INFO - 1 change detected
2026-03-15 03:41:21 - watchfiles.main - INFO - 1 change detected
2026-03-15 03:41:21 - watchfiles.main - INFO - 1 change detected
2026-03-15 03:41:21 - watchfiles.main - INFO - 1 change detected
2026-03-15 03:41:22 - watchfiles.main - INFO - 1 change detected
2026-03-15 03:41:22 - watchfiles.main - INFO - 1 change detected
2026-03-15 03:41:22 - watchfiles.main - INFO - 1 change detected
2026-03-15 03:41:23 - watchfiles.main - INFO - 1 change detected
2026-03-15 03:41:23 - watchfiles.main - INFO - 1 change detected
2026-03-15 03:41:23 - watchfiles.main - INFO - 1 change detected
2026-03-15 03:41:24 - watchfiles.main - INFO - 1 change detected
2026-03-15 03:41:24 - watchfiles.main - INFO - 1 change detected
2026-03-15 03:41:25 - watchfiles.main - INFO - 1 change detected
2026-03-15 03:41:25 - watchfiles.main - INFO - 1 change detected
2026-03-15 03:41:25 - watchfiles.main - INFO - 1 change detected
2026-03-15 03:41:26 - watchfiles.main - INFO - 1 change detected
2026-03-15 03:41:26 - watchfiles.main - INFO - 1 change detected
2026-03-15 03:41:26 - watchfiles.main - INFO - 1 change detected
2026-03-15 03:41:27 - watchfiles.main - INFO - 1 change detected
2026-03-15 03:41:27 - watchfiles.main - INFO - 1 change detected
2026-03-15 03:41:28 - watchfiles.main - INFO - 1 change detected
2026-03-15 03:41:28 - watchfiles.main - INFO - 1 change detected
2026-03-15 03:41:28 - watchfiles.main - INFO - 1 change detected
2026-03-15 03:41:29 - watchfiles.main - INFO - 1 change detected
2026-03-15 03:41:29 - watchfiles.main - INFO - 1 change detected
2026-03-15 03:41:29 - watchfiles.main - INFO - 1 change detected
2026-03-15 03:41:30 - watchfiles.main - INFO - 1 change detected
2026-03-15 03:41:30 - watchfiles.main - INFO - 1 change detected
2026-03-15 03:41:31 - watchfiles.main - INFO - 1 change detected
2026-03-15 03:41:31 - watchfiles.main - INFO - 1 change detected
2026-03-15 03:41:31 - watchfiles.main - INFO - 1 change detected
2026-03-15 03:41:32 - watchfiles.main - INFO - 1 change detected
2026-03-15 03:41:32 - watchfiles.main - INFO - 1 change detected
2026-03-15 03:41:32 - watchfiles.main - INFO - 1 change detected
2026-03-15 03:41:33 - watchfiles.main - INFO - 1 change detected
2026-03-15 03:41:33 - watchfiles.main - INFO - 1 change detected
2026-03-15 03:41:33 - watchfiles.main - INFO - 1 change detected
2026-03-15 03:41:34 - watchfiles.main - INFO - 1 change detected
2026-03-15 03:41:34 - watchfiles.main - INFO - 1 change detected
2026-03-15 03:41:35 - watchfiles.main - INFO - 1 change detected
2026-03-15 03:41:35 - watchfiles.main - INFO - 1 change detected
2026-03-15 03:41:35 - watchfiles.main - INFO - 1 change detected
2026-03-15 03:41:36 - watchfiles.main - INFO - 1 change detected
2026-03-15 03:41:36 - watchfiles.main - INFO - 1 change detected
2026-03-15 03:41:36 - watchfiles.main - INFO - 1 change detected
2026-03-15 03:41:37 - watchfiles.main - INFO - 1 change detected
2026-03-15 03:41:37 - watchfiles.main - INFO - 1 change detected
2026-03-15 03:41:38 - watchfiles.main - INFO - 1 change detected
2026-03-15 03:41:38 - watchfiles.main - INFO - 1 change detected
2026-03-15 03:41:38 - watchfiles.main - INFO - 1 change detected
2026-03-15 03:41:39 - watchfiles.main - INFO - 1 change detected
2026-03-15 03:41:39 - watchfiles.main - INFO - 1 change detected
2026-03-15 03:41:40 - watchfiles.main - INFO - 1 change detected
2026-03-15 03:41:40 - watchfiles.main - INFO - 1 change detected
2026-03-15 03:41:40 - watchfiles.main - INFO - 1 change detected
2026-03-15 03:41:41 - watchfiles.main - INFO - 1 change detected
2026-03-15 03:41:41 - watchfiles.main - INFO - 1 change detected
2026-03-15 03:41:41 - watchfiles.main - INFO - 1 change detected
2026-03-15 03:41:42 - watchfiles.main - INFO - 1 change detected
2026-03-15 03:41:42 - watchfiles.main - INFO - 1 change detected
2026-03-15 03:41:43 - watchfiles.main - INFO - 1 change detected
2026-03-15 03:41:43 - watchfiles.main - INFO - 1 change detected
2026-03-15 03:41:43 - watchfiles.main - INFO - 1 change detected
2026-03-15 03:41:44 - watchfiles.main - INFO - 1 change detected
2026-03-15 03:41:44 - watchfiles.main - INFO - 1 change detected
2026-03-15 03:41:44 - watchfiles.main - INFO - 1 change detected
2026-03-15 03:41:45 - watchfiles.main - INFO - 1 change detected
2026-03-15 03:41:45 - watchfiles.main - INFO - 1 change detected
2026-03-15 03:41:46 - watchfiles.main - INFO - 1 change detected
2026-03-15 03:41:46 - watchfiles.main - INFO - 1 change detected
2026-03-15 03:41:46 - watchfiles.main - INFO - 1 change detected
2026-03-15 03:41:47 - watchfiles.main - INFO - 1 change detected
2026-03-15 03:41:47 - watchfiles.main - INFO - 1 change detected
2026-03-15 03:41:47 - watchfiles.main - INFO - 1 change detected
2026-03-15 03:41:48 - watchfiles.main - INFO - 1 change detected
2026-03-15 03:41:48 - watchfiles.main - INFO - 1 change detected
2026-03-15 03:41:49 - watchfiles.main - INFO - 1 change detected
2026-03-15 03:41:49 - watchfiles.main - INFO - 1 change detected
2026-03-15 03:41:49 - watchfiles.main - INFO - 1 change detected
2026-03-15 03:41:50 - watchfiles.main - INFO - 1 change detected
2026-03-15 03:41:50 - watchfiles.main - INFO - 1 change detected
2026-03-15 03:41:50 - watchfiles.main - INFO - 1 change detected
2026-03-15 03:41:51 - watchfiles.main - INFO - 1 change detected
2026-03-15 03:41:51 - watchfiles.main - INFO - 1 change detected
2026-03-15 03:41:51 - watchfiles.main - INFO - 1 change detected
2026-03-15 03:41:52 - watchfiles.main - INFO - 1 change detected
2026-03-15 03:41:52 - watchfiles.main - INFO - 1 change detected
2026-03-15 03:41:53 - watchfiles.main - INFO - 1 change detected
2026-03-15 03:41:53 - watchfiles.main - INFO - 1 change detected
2026-03-15 03:41:53 - watchfiles.main - INFO - 1 change detected
2026-03-15 03:41:54 - watchfiles.main - INFO - 1 change detected
2026-03-15 03:41:54 - watchfiles.main - INFO - 1 change detected
2026-03-15 03:41:55 - watchfiles.main - INFO - 1 change detected
2026-03-15 03:41:55 - watchfiles.main - INFO - 1 change detected
2026-03-15 03:41:55 - watchfiles.main - INFO - 1 change detected
2026-03-15 03:41:56 - watchfiles.main - INFO - 1 change detected
2026-03-15 03:41:56 - watchfiles.main - INFO - 1 change detected
2026-03-15 03:41:56 - watchfiles.main - INFO - 1 change detected
2026-03-15 03:41:57 - watchfiles.main - INFO - 1 change detected
2026-03-15 03:41:57 - watchfiles.main - INFO - 1 change detected
2026-03-15 03:41:58 - watchfiles.main - INFO - 1 change detected
2026-03-15 03:41:58 - watchfiles.main - INFO - 1 change detected
2026-03-15 03:41:58 - watchfiles.main - INFO - 1 change detected
2026-03-15 03:41:59 - watchfiles.main - INFO - 1 change detected
2026-03-15 03:41:59 - watchfiles.main - INFO - 1 change detected
2026-03-15 03:41:59 - watchfiles.main - INFO - 1 change detected
2026-03-15 03:42:00 - watchfiles.main - INFO - 1 change detected
2026-03-15 03:42:00 - watchfiles.main - INFO - 1 change detected
2026-03-15 03:42:01 - watchfiles.main - INFO - 1 change detected
2026-03-15 03:42:01 - watchfiles.main - INFO - 1 change detected
2026-03-15 03:42:01 - watchfiles.main - INFO - 1 change detected
2026-03-15 03:42:02 - watchfiles.main - INFO - 1 change detected
2026-03-15 03:42:02 - watchfiles.main - INFO - 1 change detected
2026-03-15 03:42:02 - watchfiles.main - INFO - 1 change detected
2026-03-15 03:42:03 - watchfiles.main - INFO - 1 change detected
2026-03-15 03:42:03 - watchfiles.main - INFO - 1 change detected
2026-03-15 03:42:03 - watchfiles.main - INFO - 1 change detected
2026-03-15 03:42:04 - watchfiles.main - INFO - 1 change detected
2026-03-15 03:42:04 - watchfiles.main - INFO - 1 change detected
2026-03-15 03:42:05 - watchfiles.main - INFO - 1 change detected
2026-03-15 03:42:05 - watchfiles.main - INFO - 1 change detected
2026-03-15 03:42:05 - watchfiles.main - INFO - 1 change detected
2026-03-15 03:42:06 - watchfiles.main - INFO - 1 change detected
2026-03-15 03:42:06 - watchfiles.main - INFO - 1 change detected
2026-03-15 03:42:06 - watchfiles.main - INFO - 1 change detected
2026-03-15 03:42:07 - watchfiles.main - INFO - 1 change detected
2026-03-15 03:42:07 - watchfiles.main - INFO - 1 change detected
2026-03-15 03:42:08 - watchfiles.main - INFO - 1 change detected
2026-03-15 03:42:08 - watchfiles.main - INFO - 1 change detected
2026-03-15 03:42:08 - watchfiles.main - INFO - 1 change detected
2026-03-15 03:42:09 - watchfiles.main - INFO - 1 change detected
2026-03-15 03:42:09 - watchfiles.main - INFO - 1 change detected
2026-03-15 03:42:10 - watchfiles.main - INFO - 1 change detected
2026-03-15 03:42:10 - watchfiles.main - INFO - 1 change detected
2026-03-15 03:42:10 - watchfiles.main - INFO - 1 change detected
2026-03-15 03:42:11 - watchfiles.main - INFO - 1 change detected
2026-03-15 03:42:11 - watchfiles.main - INFO - 1 change detected
2026-03-15 03:42:11 - watchfiles.main - INFO - 1 change detected
2026-03-15 03:42:12 - watchfiles.main - INFO - 1 change detected
2026-03-15 03:42:12 - watchfiles.main - INFO - 1 change detected
2026-03-15 03:42:13 - watchfiles.main - INFO - 1 change detected
2026-03-15 03:42:13 - watchfiles.main - INFO - 1 change detected
2026-03-15 03:42:13 - watchfiles.main - INFO - 1 change detected
2026-03-15 03:42:14 - watchfiles.main - INFO - 1 change detected
2026-03-15 03:42:14 - watchfiles.main - INFO - 1 change detected
2026-03-15 03:42:14 - watchfiles.main - INFO - 1 change detected
2026-03-15 03:42:15 - watchfiles.main - INFO - 1 change detected
2026-03-15 03:42:15 - watchfiles.main - INFO - 1 change detected
2026-03-15 03:42:16 - watchfiles.main - INFO - 1 change detected
2026-03-15 03:42:16 - watchfiles.main - INFO - 1 change detected
2026-03-15 03:42:16 - watchfiles.main - INFO - 1 change detected
2026-03-15 03:42:17 - watchfiles.main - INFO - 1 change detected
2026-03-15 03:42:17 - watchfiles.main - INFO - 1 change detected
2026-03-15 03:42:17 - watchfiles.main - INFO - 1 change detected
2026-03-15 03:42:18 - watchfiles.main - INFO - 1 change detected
2026-03-15 03:42:18 - watchfiles.main - INFO - 1 change detected
2026-03-15 03:42:19 - watchfiles.main - INFO - 1 change detected
2026-03-15 03:42:19 - watchfiles.main - INFO - 1 change detected
2026-03-15 03:42:19 - watchfiles.main - INFO - 1 change detected
2026-03-15 03:42:20 - watchfiles.main - INFO - 1 change detected
2026-03-15 03:42:20 - watchfiles.main - INFO - 1 change detected
2026-03-15 03:42:21 - watchfiles.main - INFO - 1 change detected
2026-03-15 03:42:21 - watchfiles.main - INFO - 1 change detected
2026-03-15 03:42:21 - watchfiles.main - INFO - 1 change detected
2026-03-15 03:42:22 - watchfiles.main - INFO - 1 change detected
2026-03-15 03:42:22 - watchfiles.main - INFO - 1 change detected
2026-03-15 03:42:22 - watchfiles.main - INFO - 1 change detected
2026-03-15 03:42:23 - watchfiles.main - INFO - 1 change detected
2026-03-15 03:42:23 - watchfiles.main - INFO - 1 change detected
2026-03-15 03:42:24 - watchfiles.main - INFO - 1 change detected
2026-03-15 03:42:24 - watchfiles.main - INFO - 1 change detected
2026-03-15 03:42:24 - watchfiles.main - INFO - 1 change detected
2026-03-15 03:42:25 - watchfiles.main - INFO - 1 change detected
2026-03-15 03:42:25 - watchfiles.main - INFO - 1 change detected
2026-03-15 03:42:25 - watchfiles.main - INFO - 1 change detected
2026-03-15 03:42:26 - watchfiles.main - INFO - 1 change detected
2026-03-15 03:42:26 - watchfiles.main - INFO - 1 change detected
2026-03-15 03:42:26 - watchfiles.main - INFO - 1 change detected
2026-03-15 03:42:27 - watchfiles.main - INFO - 1 change detected
2026-03-15 03:42:27 - watchfiles.main - INFO - 1 change detected
2026-03-15 03:42:28 - watchfiles.main - INFO - 1 change detected
2026-03-15 03:42:28 - watchfiles.main - INFO - 1 change detected
2026-03-15 03:42:28 - watchfiles.main - INFO - 1 change detected
2026-03-15 03:42:29 - watchfiles.main - INFO - 1 change detected
2026-03-15 03:42:29 - watchfiles.main - INFO - 1 change detected
2026-03-15 03:42:29 - watchfiles.main - INFO - 1 change detected
2026-03-15 03:42:30 - watchfiles.main - INFO - 1 change detected
2026-03-15 03:42:30 - watchfiles.main - INFO - 1 change detected
2026-03-15 03:42:31 - watchfiles.main - INFO - 1 change detected
2026-03-15 03:42:31 - watchfiles.main - INFO - 1 change detected
2026-03-15 03:42:31 - watchfiles.main - INFO - 1 change detected
2026-03-15 03:42:32 - watchfiles.main - INFO - 1 change detected
2026-03-15 03:42:32 - watchfiles.main - INFO - 1 change detected
2026-03-15 03:42:32 - watchfiles.main - INFO - 1 change detected
2026-03-15 03:42:33 - watchfiles.main - INFO - 1 change detected
2026-03-15 03:42:33 - watchfiles.main - INFO - 1 change detected
2026-03-15 03:42:34 - watchfiles.main - INFO - 1 change detected
2026-03-15 03:42:34 - watchfiles.main - INFO - 1 change detected
2026-03-15 03:42:34 - watchfiles.main - INFO - 1 change detected
2026-03-15 03:42:35 - watchfiles.main - INFO - 1 change detected
2026-03-15 03:42:35 - watchfiles.main - INFO - 1 change detected
2026-03-15 03:42:35 - watchfiles.main - INFO - 1 change detected
2026-03-15 03:42:36 - watchfiles.main - INFO - 1 change detected
2026-03-15 03:42:36 - watchfiles.main - INFO - 1 change detected
2026-03-15 03:42:37 - watchfiles.main - INFO - 1 change detected
2026-03-15 03:42:37 - watchfiles.main - INFO - 1 change detected
2026-03-15 03:42:37 - watchfiles.main - INFO - 1 change detected
2026-03-15 03:42:38 - watchfiles.main - INFO - 1 change detected
2026-03-15 03:42:38 - watchfiles.main - INFO - 1 change detected
2026-03-15 03:42:38 - watchfiles.main - INFO - 1 change detected
2026-03-15 03:42:39 - watchfiles.main - INFO - 1 change detected
2026-03-15 03:42:39 - watchfiles.main - INFO - 1 change detected
2026-03-15 03:42:40 - watchfiles.main - INFO - 1 change detected
2026-03-15 03:42:40 - watchfiles.main - INFO - 1 change detected
2026-03-15 03:42:40 - watchfiles.main - INFO - 1 change detected
2026-03-15 03:42:41 - watchfiles.main - INFO - 1 change detected
2026-03-15 03:42:41 - watchfiles.main - INFO - 1 change detected
2026-03-15 03:42:41 - watchfiles.main - INFO - 1 change detected
2026-03-15 03:42:42 - watchfiles.main - INFO - 1 change detected
2026-03-15 03:42:42 - watchfiles.main - INFO - 1 change detected
2026-03-15 03:42:43 - watchfiles.main - INFO - 1 change detected
2026-03-15 03:42:43 - watchfiles.main - INFO - 1 change detected
2026-03-15 03:42:43 - watchfiles.main - INFO - 1 change detected
2026-03-15 03:42:44 - watchfiles.main - INFO - 1 change detected
2026-03-15 03:42:44 - watchfiles.main - INFO - 1 change detected
2026-03-15 03:42:44 - watchfiles.main - INFO - 1 change detected
2026-03-15 03:42:45 - watchfiles.main - INFO - 1 change detected
2026-03-15 03:42:45 - watchfiles.main - INFO - 1 change detected
2026-03-15 03:42:46 - watchfiles.main - INFO - 1 change detected
2026-03-15 03:42:46 - watchfiles.main - INFO - 1 change detected
2026-03-15 03:42:46 - watchfiles.main - INFO - 1 change detected
2026-03-15 03:42:47 - watchfiles.main - INFO - 1 change detected
2026-03-15 03:42:47 - watchfiles.main - INFO - 1 change detected
2026-03-15 03:42:47 - watchfiles.main - INFO - 1 change detected
2026-03-15 03:42:48 - watchfiles.main - INFO - 1 change detected
2026-03-15 03:42:48 - watchfiles.main - INFO - 1 change detected
2026-03-15 03:42:49 - watchfiles.main - INFO - 1 change detected
2026-03-15 03:42:49 - watchfiles.main - INFO - 1 change detected
2026-03-15 03:42:49 - watchfiles.main - INFO - 1 change detected
2026-03-15 03:42:50 - watchfiles.main - INFO - 1 change detected
2026-03-15 03:42:50 - watchfiles.main - INFO - 1 change detected
2026-03-15 03:42:50 - watchfiles.main - INFO - 1 change detected
2026-03-15 03:42:51 - watchfiles.main - INFO - 1 change detected
2026-03-15 03:42:51 - watchfiles.main - INFO - 1 change detected
2026-03-15 03:42:52 - watchfiles.main - INFO - 1 change detected
2026-03-15 03:42:52 - watchfiles.main - INFO - 1 change detected
2026-03-15 03:42:52 - watchfiles.main - INFO - 1 change detected
2026-03-15 03:42:53 - watchfiles.main - INFO - 1 change detected
2026-03-15 03:42:53 - watchfiles.main - INFO - 1 change detected
2026-03-15 03:42:54 - watchfiles.main - INFO - 1 change detected
2026-03-15 03:42:54 - watchfiles.main - INFO - 1 change detected
2026-03-15 03:42:54 - watchfiles.main - INFO - 1 change detected
2026-03-15 03:42:55 - watchfiles.main - INFO - 1 change detected
2026-03-15 03:42:55 - watchfiles.main - INFO - 1 change detected
2026-03-15 03:42:55 - watchfiles.main - INFO - 1 change detected
2026-03-15 03:42:56 - watchfiles.main - INFO - 1 change detected
2026-03-15 03:42:56 - watchfiles.main - INFO - 1 change detected
2026-03-15 03:42:56 - watchfiles.main - INFO - 1 change detected
2026-03-15 03:42:57 - watchfiles.main - INFO - 1 change detected
2026-03-15 03:42:57 - watchfiles.main - INFO - 1 change detected
2026-03-15 03:42:58 - watchfiles.main - INFO - 1 change detected
2026-03-15 03:42:58 - watchfiles.main - INFO - 1 change detected
2026-03-15 03:42:58 - watchfiles.main - INFO - 1 change detected
2026-03-15 03:42:59 - watchfiles.main - INFO - 1 change detected
2026-03-15 03:42:59 - watchfiles.main - INFO - 1 change detected
2026-03-15 03:42:59 - watchfiles.main - INFO - 1 change detected
2026-03-15 03:43:00 - watchfiles.main - INFO - 1 change detected
2026-03-15 03:43:00 - watchfiles.main - INFO - 1 change detected
2026-03-15 03:43:01 - watchfiles.main - INFO - 1 change detected
2026-03-15 03:43:01 - watchfiles.main - INFO - 1 change detected
2026-03-15 03:43:01 - watchfiles.main - INFO - 1 change detected
2026-03-15 03:43:02 - watchfiles.main - INFO - 1 change detected
2026-03-15 03:43:02 - watchfiles.main - INFO - 1 change detected
2026-03-15 03:43:02 - watchfiles.main - INFO - 1 change detected
2026-03-15 03:43:03 - watchfiles.main - INFO - 1 change detected
2026-03-15 03:43:03 - watchfiles.main - INFO - 1 change detected
2026-03-15 03:43:04 - watchfiles.main - INFO - 1 change detected
2026-03-15 03:43:04 - watchfiles.main - INFO - 1 change detected
2026-03-15 03:43:04 - watchfiles.main - INFO - 1 change detected
2026-03-15 03:43:05 - watchfiles.main - INFO - 1 change detected
2026-03-15 03:43:05 - watchfiles.main - INFO - 1 change detected
2026-03-15 03:43:05 - watchfiles.main - INFO - 1 change detected
2026-03-15 03:43:06 - watchfiles.main - INFO - 1 change detected
2026-03-15 03:43:06 - watchfiles.main - INFO - 1 change detected
2026-03-15 03:43:06 - watchfiles.main - INFO - 1 change detected
2026-03-15 03:43:07 - watchfiles.main - INFO - 1 change detected
2026-03-15 03:43:07 - watchfiles.main - INFO - 1 change detected
2026-03-15 03:43:08 - watchfiles.main - INFO - 1 change detected
2026-03-15 03:43:08 - watchfiles.main - INFO - 1 change detected
2026-03-15 03:43:08 - watchfiles.main - INFO - 1 change detected
2026-03-15 03:43:09 - watchfiles.main - INFO - 1 change detected
2026-03-15 03:43:09 - watchfiles.main - INFO - 1 change detected
2026-03-15 03:43:10 - watchfiles.main - INFO - 1 change detected
2026-03-15 03:43:10 - watchfiles.main - INFO - 1 change detected
2026-03-15 03:43:10 - watchfiles.main - INFO - 1 change detected
2026-03-15 03:43:11 - watchfiles.main - INFO - 1 change detected
2026-03-15 03:43:11 - watchfiles.main - INFO - 1 change detected
2026-03-15 03:43:11 - watchfiles.main - INFO - 1 change detected
2026-03-15 03:43:12 - watchfiles.main - INFO - 1 change detected
2026-03-15 03:43:12 - watchfiles.main - INFO - 1 change detected
2026-03-15 03:43:12 - watchfiles.main - INFO - 1 change detected
2026-03-15 03:43:13 - watchfiles.main - INFO - 1 change detected
2026-03-15 03:43:13 - watchfiles.main - INFO - 1 change detected
2026-03-15 03:43:14 - watchfiles.main - INFO - 1 change detected
2026-03-15 03:43:14 - watchfiles.main - INFO - 1 change detected
2026-03-15 03:43:14 - watchfiles.main - INFO - 1 change detected
2026-03-15 03:43:15 - watchfiles.main - INFO - 1 change detected
2026-03-15 03:43:15 - watchfiles.main - INFO - 1 change detected
2026-03-15 03:43:15 - watchfiles.main - INFO - 1 change detected
2026-03-15 03:43:16 - watchfiles.main - INFO - 1 change detected
2026-03-15 03:43:16 - watchfiles.main - INFO - 1 change detected
2026-03-15 03:43:17 - watchfiles.main - INFO - 1 change detected
2026-03-15 03:43:17 - watchfiles.main - INFO - 1 change detected
2026-03-15 03:43:17 - watchfiles.main - INFO - 1 change detected
2026-03-15 03:43:18 - watchfiles.main - INFO - 1 change detected
2026-03-15 03:43:18 - watchfiles.main - INFO - 1 change detected
2026-03-15 03:43:18 - watchfiles.main - INFO - 1 change detected
2026-03-15 03:43:19 - watchfiles.main - INFO - 1 change detected
2026-03-15 03:43:19 - watchfiles.main - INFO - 1 change detected
2026-03-15 03:43:20 - watchfiles.main - INFO - 1 change detected
2026-03-15 03:43:20 - watchfiles.main - INFO - 1 change detected
2026-03-15 03:43:20 - watchfiles.main - INFO - 1 change detected
2026-03-15 03:43:21 - watchfiles.main - INFO - 1 change detected
2026-03-15 03:43:21 - watchfiles.main - INFO - 1 change detected
2026-03-15 03:43:21 - watchfiles.main - INFO - 1 change detected
2026-03-15 03:43:22 - watchfiles.main - INFO - 1 change detected
2026-03-15 03:43:22 - watchfiles.main - INFO - 1 change detected
2026-03-15 03:43:22 - watchfiles.main - INFO - 1 change detected
2026-03-15 03:43:23 - watchfiles.main - INFO - 1 change detected
2026-03-15 03:43:23 - watchfiles.main - INFO - 1 change detected
2026-03-15 03:43:24 - watchfiles.main - INFO - 1 change detected
2026-03-15 03:43:24 - watchfiles.main - INFO - 1 change detected
2026-03-15 03:43:24 - watchfiles.main - INFO - 1 change detected
2026-03-15 03:43:25 - watchfiles.main - INFO - 1 change detected
2026-03-15 03:43:25 - watchfiles.main - INFO - 1 change detected
2026-03-15 03:43:25 - watchfiles.main - INFO - 1 change detected
2026-03-15 03:43:26 - watchfiles.main - INFO - 1 change detected
2026-03-15 03:43:26 - watchfiles.main - INFO - 1 change detected
2026-03-15 03:43:27 - watchfiles.main - INFO - 1 change detected
2026-03-15 03:43:27 - watchfiles.main - INFO - 1 change detected
2026-03-15 03:43:27 - watchfiles.main - INFO - 1 change detected
2026-03-15 03:43:28 - watchfiles.main - INFO - 1 change detected
2026-03-15 03:43:28 - watchfiles.main - INFO - 1 change detected
2026-03-15 03:43:28 - watchfiles.main - INFO - 1 change detected
2026-03-15 03:43:29 - watchfiles.main - INFO - 1 change detected
2026-03-15 03:43:29 - watchfiles.main - INFO - 1 change detected
2026-03-15 03:43:30 - watchfiles.main - INFO - 1 change detected
2026-03-15 03:43:30 - watchfiles.main - INFO - 1 change detected
2026-03-15 03:43:30 - watchfiles.main - INFO - 1 change detected
2026-03-15 03:43:31 - watchfiles.main - INFO - 1 change detected
2026-03-15 03:43:31 - watchfiles.main - INFO - 1 change detected
2026-03-15 03:43:31 - watchfiles.main - INFO - 1 change detected
2026-03-15 03:43:32 - watchfiles.main - INFO - 1 change detected
2026-03-15 03:43:32 - watchfiles.main - INFO - 1 change detected
2026-03-15 03:43:33 - watchfiles.main - INFO - 1 change detected
2026-03-15 03:43:33 - watchfiles.main - INFO - 1 change detected
2026-03-15 03:43:33 - watchfiles.main - INFO - 1 change detected
2026-03-15 03:43:34 - watchfiles.main - INFO - 1 change detected
2026-03-15 03:43:34 - watchfiles.main - INFO - 1 change detected
2026-03-15 03:43:35 - watchfiles.main - INFO - 1 change detected
2026-03-15 03:43:35 - watchfiles.main - INFO - 1 change detected
2026-03-15 03:43:35 - watchfiles.main - INFO - 1 change detected
2026-03-15 03:43:36 - watchfiles.main - INFO - 1 change detected
2026-03-15 03:43:36 - watchfiles.main - INFO - 1 change detected
2026-03-15 03:43:36 - watchfiles.main - INFO - 1 change detected
2026-03-15 03:43:37 - watchfiles.main - INFO - 1 change detected
2026-03-15 03:43:37 - watchfiles.main - INFO - 1 change detected
2026-03-15 03:43:37 - watchfiles.main - INFO - 1 change detected
2026-03-15 03:43:38 - watchfiles.main - INFO - 1 change detected
2026-03-15 03:43:38 - watchfiles.main - INFO - 1 change detected
2026-03-15 03:43:39 - watchfiles.main - INFO - 1 change detected
2026-03-15 03:43:39 - watchfiles.main - INFO - 1 change detected
2026-03-15 03:43:39 - watchfiles.main - INFO - 1 change detected
2026-03-15 03:43:40 - watchfiles.main - INFO - 1 change detected
2026-03-15 03:43:40 - watchfiles.main - INFO - 1 change detected
2026-03-15 03:43:40 - watchfiles.main - INFO - 1 change detected
2026-03-15 03:43:41 - watchfiles.main - INFO - 1 change detected
2026-03-15 03:43:41 - watchfiles.main - INFO - 1 change detected
2026-03-15 03:43:42 - watchfiles.main - INFO - 1 change detected
2026-03-15 03:43:42 - watchfiles.main - INFO - 1 change detected
2026-03-15 03:43:42 - watchfiles.main - INFO - 1 change detected
2026-03-15 03:43:43 - watchfiles.main - INFO - 1 change detected
2026-03-15 03:43:43 - watchfiles.main - INFO - 1 change detected
2026-03-15 03:43:44 - watchfiles.main - INFO - 1 change detected
2026-03-15 03:43:44 - watchfiles.main - INFO - 1 change detected
2026-03-15 03:43:44 - watchfiles.main - INFO - 1 change detected
2026-03-15 03:43:45 - watchfiles.main - INFO - 1 change detected
2026-03-15 03:43:45 - watchfiles.main - INFO - 1 change detected
2026-03-15 03:43:45 - watchfiles.main - INFO - 1 change detected
2026-03-15 03:43:46 - watchfiles.main - INFO - 1 change detected
2026-03-15 03:43:46 - watchfiles.main - INFO - 1 change detected
2026-03-15 03:43:47 - watchfiles.main - INFO - 1 change detected
2026-03-15 03:43:47 - watchfiles.main - INFO - 1 change detected
2026-03-15 03:43:47 - watchfiles.main - INFO - 1 change detected
2026-03-15 03:43:48 - watchfiles.main - INFO - 1 change detected
2026-03-15 03:43:48 - watchfiles.main - INFO - 1 change detected
2026-03-15 03:43:48 - watchfiles.main - INFO - 1 change detected
2026-03-15 03:43:49 - watchfiles.main - INFO - 1 change detected
2026-03-15 03:43:49 - watchfiles.main - INFO - 1 change detected
2026-03-15 03:43:50 - watchfiles.main - INFO - 1 change detected
2026-03-15 03:43:50 - watchfiles.main - INFO - 1 change detected
2026-03-15 03:43:50 - watchfiles.main - INFO - 1 change detected
2026-03-15 03:43:51 - watchfiles.main - INFO - 1 change detected
2026-03-15 03:43:51 - watchfiles.main - INFO - 1 change detected
2026-03-15 03:43:51 - watchfiles.main - INFO - 1 change detected
2026-03-15 03:43:52 - watchfiles.main - INFO - 1 change detected
2026-03-15 03:43:52 - watchfiles.main - INFO - 1 change detected
2026-03-15 03:43:53 - watchfiles.main - INFO - 1 change detected
2026-03-15 03:43:53 - watchfiles.main - INFO - 1 change detected
2026-03-15 03:43:53 - watchfiles.main - INFO - 1 change detected
2026-03-15 03:43:54 - watchfiles.main - INFO - 1 change detected
2026-03-15 03:43:54 - watchfiles.main - INFO - 1 change detected
2026-03-15 03:43:54 - watchfiles.main - INFO - 1 change detected
2026-03-15 03:43:55 - watchfiles.main - INFO - 1 change detected
2026-03-15 03:43:55 - watchfiles.main - INFO - 1 change detected
2026-03-15 03:43:56 - watchfiles.main - INFO - 1 change detected
2026-03-15 03:43:56 - watchfiles.main - INFO - 1 change detected
2026-03-15 03:43:56 - watchfiles.main - INFO - 1 change detected
2026-03-15 03:43:57 - watchfiles.main - INFO - 1 change detected
2026-03-15 03:43:57 - watchfiles.main - INFO - 1 change detected
2026-03-15 03:43:57 - watchfiles.main - INFO - 1 change detected
2026-03-15 03:43:58 - watchfiles.main - INFO - 1 change detected
2026-03-15 03:43:58 - watchfiles.main - INFO - 1 change detected
2026-03-15 03:43:58 - watchfiles.main - INFO - 1 change detected
2026-03-15 03:43:59 - watchfiles.main - INFO - 1 change detected
2026-03-15 03:43:59 - watchfiles.main - INFO - 1 change detected
2026-03-15 03:44:00 - watchfiles.main - INFO - 1 change detected
2026-03-15 03:44:00 - watchfiles.main - INFO - 1 change detected
2026-03-15 03:44:00 - watchfiles.main - INFO - 1 change detected
2026-03-15 03:44:01 - watchfiles.main - INFO - 1 change detected
2026-03-15 03:44:01 - watchfiles.main - INFO - 1 change detected
2026-03-15 03:44:01 - watchfiles.main - INFO - 1 change detected
2026-03-15 03:44:02 - watchfiles.main - INFO - 1 change detected
2026-03-15 03:44:02 - watchfiles.main - INFO - 1 change detected
2026-03-15 03:44:03 - watchfiles.main - INFO - 1 change detected
2026-03-15 03:44:03 - watchfiles.main - INFO - 1 change detected
2026-03-15 03:44:03 - watchfiles.main - INFO - 1 change detected
2026-03-15 03:44:04 - watchfiles.main - INFO - 1 change detected
2026-03-15 03:44:04 - watchfiles.main - INFO - 1 change detected
2026-03-15 03:44:04 - watchfiles.main - INFO - 1 change detected
2026-03-15 03:44:05 - watchfiles.main - INFO - 1 change detected
2026-03-15 03:44:05 - watchfiles.main - INFO - 1 change detected
2026-03-15 03:44:05 - watchfiles.main - INFO - 1 change detected
2026-03-15 03:44:06 - watchfiles.main - INFO - 1 change detected
2026-03-15 03:44:06 - watchfiles.main - INFO - 1 change detected
2026-03-15 03:44:07 - watchfiles.main - INFO - 1 change detected
2026-03-15 03:44:07 - watchfiles.main - INFO - 1 change detected
2026-03-15 03:44:07 - watchfiles.main - INFO - 1 change detected
2026-03-15 03:44:08 - watchfiles.main - INFO - 1 change detected
2026-03-15 03:44:08 - watchfiles.main - INFO - 1 change detected
2026-03-15 03:44:09 - watchfiles.main - INFO - 1 change detected
2026-03-15 03:44:09 - watchfiles.main - INFO - 1 change detected
2026-03-15 03:44:09 - watchfiles.main - INFO - 1 change detected
2026-03-15 03:44:10 - watchfiles.main - INFO - 1 change detected
2026-03-15 03:44:10 - watchfiles.main - INFO - 1 change detected
2026-03-15 03:44:10 - watchfiles.main - INFO - 1 change detected
2026-03-15 03:44:11 - watchfiles.main - INFO - 1 change detected
2026-03-15 03:44:11 - watchfiles.main - INFO - 1 change detected
2026-03-15 03:44:12 - watchfiles.main - INFO - 1 change detected
2026-03-15 03:44:12 - watchfiles.main - INFO - 1 change detected
2026-03-15 03:44:12 - watchfiles.main - INFO - 1 change detected
2026-03-15 03:44:13 - watchfiles.main - INFO - 1 change detected
2026-03-15 03:44:13 - watchfiles.main - INFO - 1 change detected
2026-03-15 03:44:13 - watchfiles.main - INFO - 1 change detected
2026-03-15 03:44:14 - watchfiles.main - INFO - 1 change detected
2026-03-15 03:44:14 - watchfiles.main - INFO - 1 change detected
2026-03-15 03:44:15 - watchfiles.main - INFO - 1 change detected
2026-03-15 03:44:15 - watchfiles.main - INFO - 1 change detected
2026-03-15 03:44:15 - watchfiles.main - INFO - 1 change detected
2026-03-15 03:44:16 - watchfiles.main - INFO - 1 change detected
2026-03-15 03:44:16 - watchfiles.main - INFO - 1 change detected
2026-03-15 03:44:16 - watchfiles.main - INFO - 1 change detected
2026-03-15 03:44:17 - watchfiles.main - INFO - 1 change detected
2026-03-15 03:44:17 - watchfiles.main - INFO - 1 change detected
2026-03-15 03:44:18 - watchfiles.main - INFO - 1 change detected
2026-03-15 03:44:18 - watchfiles.main - INFO - 1 change detected
2026-03-15 03:44:18 - watchfiles.main - INFO - 1 change detected
2026-03-15 03:44:19 - watchfiles.main - INFO - 1 change detected
2026-03-15 03:44:19 - watchfiles.main - INFO - 1 change detected
2026-03-15 03:44:20 - watchfiles.main - INFO - 1 change detected
2026-03-15 03:44:20 - watchfiles.main - INFO - 1 change detected
2026-03-15 03:44:20 - watchfiles.main - INFO - 1 change detected
2026-03-15 03:44:21 - watchfiles.main - INFO - 1 change detected
2026-03-15 03:44:21 - watchfiles.main - INFO - 1 change detected
2026-03-15 03:44:21 - watchfiles.main - INFO - 1 change detected
2026-03-15 03:44:22 - watchfiles.main - INFO - 1 change detected
2026-03-15 03:44:22 - watchfiles.main - INFO - 1 change detected
2026-03-15 03:44:22 - watchfiles.main - INFO - 1 change detected
2026-03-15 03:44:23 - watchfiles.main - INFO - 1 change detected
2026-03-15 03:44:23 - watchfiles.main - INFO - 1 change detected
2026-03-15 03:44:23 - watchfiles.main - INFO - 1 change detected
2026-03-15 03:44:24 - watchfiles.main - INFO - 1 change detected
2026-03-15 03:44:24 - watchfiles.main - INFO - 1 change detected
2026-03-15 03:44:25 - watchfiles.main - INFO - 1 change detected
2026-03-15 03:44:25 - watchfiles.main - INFO - 1 change detected
2026-03-15 03:44:25 - watchfiles.main - INFO - 1 change detected
2026-03-15 03:44:26 - watchfiles.main - INFO - 1 change detected
2026-03-15 03:44:26 - watchfiles.main - INFO - 1 change detected
2026-03-15 03:44:26 - watchfiles.main - INFO - 1 change detected
2026-03-15 03:44:27 - watchfiles.main - INFO - 1 change detected
2026-03-15 03:44:27 - watchfiles.main - INFO - 1 change detected
2026-03-15 03:44:28 - watchfiles.main - INFO - 1 change detected
2026-03-15 03:44:28 - watchfiles.main - INFO - 1 change detected
2026-03-15 03:44:28 - watchfiles.main - INFO - 1 change detected
2026-03-15 03:44:29 - watchfiles.main - INFO - 1 change detected
2026-03-15 03:44:29 - watchfiles.main - INFO - 1 change detected
2026-03-15 03:44:30 - watchfiles.main - INFO - 1 change detected
2026-03-15 03:44:30 - watchfiles.main - INFO - 1 change detected
2026-03-15 03:44:30 - watchfiles.main - INFO - 1 change detected
2026-03-15 03:44:31 - watchfiles.main - INFO - 1 change detected
2026-03-15 03:44:31 - watchfiles.main - INFO - 1 change detected
2026-03-15 03:44:31 - watchfiles.main - INFO - 1 change detected
2026-03-15 03:44:32 - watchfiles.main - INFO - 1 change detected
2026-03-15 03:44:32 - watchfiles.main - INFO - 1 change detected
2026-03-15 03:44:33 - watchfiles.main - INFO - 1 change detected
2026-03-15 03:44:33 - watchfiles.main - INFO - 1 change detected
2026-03-15 03:44:33 - watchfiles.main - INFO - 1 change detected
2026-03-15 03:44:34 - watchfiles.main - INFO - 1 change detected
2026-03-15 03:44:34 - watchfiles.main - INFO - 1 change detected
2026-03-15 03:44:34 - watchfiles.main - INFO - 1 change detected
2026-03-15 03:44:35 - watchfiles.main - INFO - 1 change detected
2026-03-15 03:44:35 - watchfiles.main - INFO - 1 change detected
2026-03-15 03:44:36 - watchfiles.main - INFO - 1 change detected
2026-03-15 03:44:36 - watchfiles.main - INFO - 1 change detected
2026-03-15 03:44:36 - watchfiles.main - INFO - 1 change detected
2026-03-15 03:44:37 - watchfiles.main - INFO - 1 change detected
2026-03-15 03:44:37 - watchfiles.main - INFO - 1 change detected
2026-03-15 03:44:37 - watchfiles.main - INFO - 1 change detected
2026-03-15 03:44:38 - watchfiles.main - INFO - 1 change detected
2026-03-15 03:44:38 - watchfiles.main - INFO - 1 change detected
2026-03-15 03:44:39 - watchfiles.main - INFO - 1 change detected
2026-03-15 03:44:39 - watchfiles.main - INFO - 1 change detected
2026-03-15 03:44:39 - watchfiles.main - INFO - 1 change detected
2026-03-15 03:44:40 - watchfiles.main - INFO - 1 change detected
2026-03-15 03:44:40 - watchfiles.main - INFO - 1 change detected
2026-03-15 03:44:40 - watchfiles.main - INFO - 1 change detected
2026-03-15 03:44:41 - watchfiles.main - INFO - 1 change detected
2026-03-15 03:44:41 - watchfiles.main - INFO - 1 change detected
2026-03-15 03:44:42 - watchfiles.main - INFO - 1 change detected
2026-03-15 03:44:42 - watchfiles.main - INFO - 1 change detected
2026-03-15 03:44:42 - watchfiles.main - INFO - 1 change detected
2026-03-15 03:44:43 - watchfiles.main - INFO - 1 change detected
2026-03-15 03:44:43 - watchfiles.main - INFO - 1 change detected
2026-03-15 03:44:44 - watchfiles.main - INFO - 1 change detected
2026-03-15 03:44:44 - watchfiles.main - INFO - 1 change detected
2026-03-15 03:44:44 - watchfiles.main - INFO - 1 change detected
2026-03-15 03:44:45 - watchfiles.main - INFO - 1 change detected
2026-03-15 03:44:45 - watchfiles.main - INFO - 1 change detected
2026-03-15 03:44:45 - watchfiles.main - INFO - 1 change detected
2026-03-15 03:44:46 - watchfiles.main - INFO - 1 change detected
2026-03-15 03:44:46 - watchfiles.main - INFO - 1 change detected
2026-03-15 03:44:47 - watchfiles.main - INFO - 1 change detected
2026-03-15 03:44:47 - watchfiles.main - INFO - 1 change detected
2026-03-15 03:44:47 - watchfiles.main - INFO - 1 change detected
2026-03-15 03:44:48 - watchfiles.main - INFO - 1 change detected
2026-03-15 03:44:48 - watchfiles.main - INFO - 1 change detected
2026-03-15 03:44:48 - watchfiles.main - INFO - 1 change detected
2026-03-15 03:44:49 - watchfiles.main - INFO - 1 change detected
2026-03-15 03:44:49 - watchfiles.main - INFO - 1 change detected
2026-03-15 03:44:50 - watchfiles.main - INFO - 1 change detected
2026-03-15 03:44:50 - watchfiles.main - INFO - 1 change detected
2026-03-15 03:44:50 - watchfiles.main - INFO - 1 change detected
2026-03-15 03:44:51 - watchfiles.main - INFO - 1 change detected
2026-03-15 03:44:51 - watchfiles.main - INFO - 1 change detected
2026-03-15 03:44:51 - watchfiles.main - INFO - 1 change detected
2026-03-15 03:44:52 - watchfiles.main - INFO - 1 change detected
2026-03-15 03:44:52 - watchfiles.main - INFO - 1 change detected
2026-03-15 03:44:52 - watchfiles.main - INFO - 1 change detected
2026-03-15 03:44:53 - watchfiles.main - INFO - 1 change detected
2026-03-15 03:44:53 - watchfiles.main - INFO - 1 change detected
2026-03-15 03:44:54 - watchfiles.main - INFO - 1 change detected
2026-03-15 03:44:54 - watchfiles.main - INFO - 1 change detected
2026-03-15 03:44:54 - watchfiles.main - INFO - 1 change detected
2026-03-15 03:44:55 - watchfiles.main - INFO - 1 change detected
2026-03-15 03:44:55 - watchfiles.main - INFO - 1 change detected
2026-03-15 03:44:55 - watchfiles.main - INFO - 1 change detected
2026-03-15 03:44:56 - watchfiles.main - INFO - 1 change detected
2026-03-15 03:44:56 - watchfiles.main - INFO - 1 change detected
2026-03-15 03:44:57 - watchfiles.main - INFO - 1 change detected
2026-03-15 03:44:57 - watchfiles.main - INFO - 1 change detected
2026-03-15 03:44:57 - watchfiles.main - INFO - 1 change detected
2026-03-15 03:44:58 - watchfiles.main - INFO - 1 change detected
2026-03-15 03:44:58 - watchfiles.main - INFO - 1 change detected
2026-03-15 03:44:58 - watchfiles.main - INFO - 1 change detected
2026-03-15 03:44:59 - watchfiles.main - INFO - 1 change detected
2026-03-15 03:44:59 - watchfiles.main - INFO - 1 change detected
2026-03-15 03:45:00 - watchfiles.main - INFO - 1 change detected
2026-03-15 03:45:00 - watchfiles.main - INFO - 1 change detected
2026-03-15 03:45:00 - watchfiles.main - INFO - 1 change detected
2026-03-15 03:45:01 - watchfiles.main - INFO - 1 change detected
2026-03-15 03:45:01 - watchfiles.main - INFO - 1 change detected
2026-03-15 03:45:01 - watchfiles.main - INFO - 1 change detected
2026-03-15 03:45:02 - watchfiles.main - INFO - 1 change detected
2026-03-15 03:45:02 - watchfiles.main - INFO - 1 change detected
2026-03-15 03:45:03 - watchfiles.main - INFO - 1 change detected
2026-03-15 03:45:03 - watchfiles.main - INFO - 1 change detected
2026-03-15 03:45:03 - watchfiles.main - INFO - 1 change detected
2026-03-15 03:45:04 - watchfiles.main - INFO - 1 change detected
2026-03-15 03:45:04 - watchfiles.main - INFO - 1 change detected
2026-03-15 03:45:04 - watchfiles.main - INFO - 1 change detected
2026-03-15 03:45:05 - watchfiles.main - INFO - 1 change detected
2026-03-15 03:45:05 - watchfiles.main - INFO - 1 change detected
2026-03-15 03:45:06 - watchfiles.main - INFO - 1 change detected
2026-03-15 03:45:06 - watchfiles.main - INFO - 1 change detected
2026-03-15 03:45:06 - watchfiles.main - INFO - 1 change detected
2026-03-15 03:45:07 - watchfiles.main - INFO - 1 change detected
2026-03-15 03:45:07 - watchfiles.main - INFO - 1 change detected
2026-03-15 03:45:07 - watchfiles.main - INFO - 1 change detected
2026-03-15 03:45:08 - watchfiles.main - INFO - 1 change detected
2026-03-15 03:45:08 - watchfiles.main - INFO - 1 change detected
2026-03-15 03:45:09 - watchfiles.main - INFO - 1 change detected
2026-03-15 03:45:09 - watchfiles.main - INFO - 1 change detected
2026-03-15 03:45:09 - watchfiles.main - INFO - 1 change detected
2026-03-15 03:45:10 - watchfiles.main - INFO - 1 change detected
2026-03-15 03:45:10 - watchfiles.main - INFO - 1 change detected
2026-03-15 03:45:11 - watchfiles.main - INFO - 1 change detected
2026-03-15 03:45:11 - watchfiles.main - INFO - 1 change detected
2026-03-15 03:45:11 - watchfiles.main - INFO - 1 change detected
2026-03-15 03:45:12 - watchfiles.main - INFO - 1 change detected
2026-03-15 03:45:12 - watchfiles.main - INFO - 1 change detected
2026-03-15 03:45:12 - watchfiles.main - INFO - 1 change detected
2026-03-15 03:45:13 - watchfiles.main - INFO - 1 change detected
2026-03-15 03:45:13 - watchfiles.main - INFO - 1 change detected
2026-03-15 03:45:14 - watchfiles.main - INFO - 1 change detected
2026-03-15 03:45:14 - watchfiles.main - INFO - 1 change detected
2026-03-15 03:45:14 - watchfiles.main - INFO - 1 change detected
2026-03-15 03:45:15 - watchfiles.main - INFO - 1 change detected
2026-03-15 03:45:15 - watchfiles.main - INFO - 1 change detected
2026-03-15 03:45:15 - watchfiles.main - INFO - 1 change detected
2026-03-15 03:45:16 - watchfiles.main - INFO - 1 change detected
2026-03-15 03:45:16 - watchfiles.main - INFO - 1 change detected
2026-03-15 03:45:17 - watchfiles.main - INFO - 1 change detected
2026-03-15 03:45:17 - watchfiles.main - INFO - 1 change detected
2026-03-15 03:45:17 - watchfiles.main - INFO - 1 change detected
2026-03-15 03:45:18 - watchfiles.main - INFO - 1 change detected
2026-03-15 03:45:18 - watchfiles.main - INFO - 1 change detected
2026-03-15 03:45:18 - watchfiles.main - INFO - 1 change detected
2026-03-15 03:45:19 - watchfiles.main - INFO - 1 change detected
2026-03-15 03:45:19 - watchfiles.main - INFO - 1 change detected
2026-03-15 03:45:20 - watchfiles.main - INFO - 1 change detected
2026-03-15 03:45:20 - watchfiles.main - INFO - 1 change detected
2026-03-15 03:45:20 - watchfiles.main - INFO - 1 change detected
2026-03-15 03:45:21 - watchfiles.main - INFO - 1 change detected
2026-03-15 03:45:21 - watchfiles.main - INFO - 1 change detected
2026-03-15 03:45:21 - watchfiles.main - INFO - 1 change detected
2026-03-15 03:45:22 - watchfiles.main - INFO - 1 change detected
2026-03-15 03:45:22 - watchfiles.main - INFO - 1 change detected
2026-03-15 03:45:23 - watchfiles.main - INFO - 1 change detected
2026-03-15 03:45:23 - watchfiles.main - INFO - 1 change detected
2026-03-15 03:45:23 - watchfiles.main - INFO - 1 change detected
2026-03-15 03:45:24 - watchfiles.main - INFO - 1 change detected
2026-03-15 03:45:24 - watchfiles.main - INFO - 1 change detected
2026-03-15 03:45:24 - watchfiles.main - INFO - 1 change detected
2026-03-15 03:45:25 - watchfiles.main - INFO - 1 change detected
2026-03-15 03:45:25 - watchfiles.main - INFO - 1 change detected
2026-03-15 03:45:26 - watchfiles.main - INFO - 1 change detected
2026-03-15 03:45:26 - watchfiles.main - INFO - 1 change detected
2026-03-15 03:45:26 - watchfiles.main - INFO - 1 change detected
2026-03-15 03:45:27 - watchfiles.main - INFO - 1 change detected
2026-03-15 03:45:27 - watchfiles.main - INFO - 1 change detected
2026-03-15 03:45:27 - watchfiles.main - INFO - 1 change detected
2026-03-15 03:45:28 - watchfiles.main - INFO - 1 change detected
2026-03-15 03:45:28 - watchfiles.main - INFO - 1 change detected
2026-03-15 03:45:28 - watchfiles.main - INFO - 1 change detected
2026-03-15 03:45:29 - watchfiles.main - INFO - 1 change detected
2026-03-15 03:45:29 - watchfiles.main - INFO - 1 change detected
2026-03-15 03:45:30 - watchfiles.main - INFO - 1 change detected
2026-03-15 03:45:30 - watchfiles.main - INFO - 1 change detected
2026-03-15 03:45:30 - watchfiles.main - INFO - 1 change detected
2026-03-15 03:45:31 - watchfiles.main - INFO - 1 change detected
2026-03-15 03:45:31 - watchfiles.main - INFO - 1 change detected
2026-03-15 03:45:31 - watchfiles.main - INFO - 1 change detected
2026-03-15 03:45:32 - watchfiles.main - INFO - 1 change detected
2026-03-15 03:45:32 - watchfiles.main - INFO - 1 change detected
2026-03-15 03:45:33 - watchfiles.main - INFO - 1 change detected
2026-03-15 03:45:33 - watchfiles.main - INFO - 1 change detected
2026-03-15 03:45:33 - watchfiles.main - INFO - 1 change detected
2026-03-15 03:45:34 - watchfiles.main - INFO - 1 change detected
2026-03-15 03:45:34 - watchfiles.main - INFO - 1 change detected
2026-03-15 03:45:35 - watchfiles.main - INFO - 1 change detected
2026-03-15 03:45:35 - watchfiles.main - INFO - 1 change detected
2026-03-15 03:45:35 - watchfiles.main - INFO - 1 change detected
2026-03-15 03:45:36 - watchfiles.main - INFO - 1 change detected
2026-03-15 03:45:36 - watchfiles.main - INFO - 1 change detected
2026-03-15 03:45:36 - watchfiles.main - INFO - 1 change detected
2026-03-15 03:45:37 - watchfiles.main - INFO - 1 change detected
2026-03-15 03:45:37 - watchfiles.main - INFO - 1 change detected
2026-03-15 03:45:37 - watchfiles.main - INFO - 1 change detected
2026-03-15 03:45:38 - watchfiles.main - INFO - 1 change detected
2026-03-15 03:45:38 - watchfiles.main - INFO - 1 change detected
2026-03-15 03:45:39 - watchfiles.main - INFO - 1 change detected
2026-03-15 03:45:39 - watchfiles.main - INFO - 1 change detected
2026-03-15 03:45:39 - watchfiles.main - INFO - 1 change detected
2026-03-15 03:45:40 - watchfiles.main - INFO - 1 change detected
2026-03-15 03:45:40 - watchfiles.main - INFO - 1 change detected
2026-03-15 03:45:40 - watchfiles.main - INFO - 1 change detected
2026-03-15 03:45:41 - watchfiles.main - INFO - 1 change detected
2026-03-15 03:45:41 - watchfiles.main - INFO - 1 change detected
2026-03-15 03:45:42 - watchfiles.main - INFO - 1 change detected
2026-03-15 03:45:42 - watchfiles.main - INFO - 1 change detected
2026-03-15 03:45:42 - watchfiles.main - INFO - 1 change detected
2026-03-15 03:45:43 - watchfiles.main - INFO - 1 change detected
2026-03-15 03:45:43 - watchfiles.main - INFO - 1 change detected
2026-03-15 03:45:43 - watchfiles.main - INFO - 1 change detected
2026-03-15 03:45:44 - watchfiles.main - INFO - 1 change detected
2026-03-15 03:45:44 - watchfiles.main - INFO - 1 change detected
2026-03-15 03:45:45 - watchfiles.main - INFO - 1 change detected
2026-03-15 03:45:45 - watchfiles.main - INFO - 1 change detected
2026-03-15 03:45:45 - watchfiles.main - INFO - 1 change detected
2026-03-15 03:45:46 - watchfiles.main - INFO - 1 change detected
2026-03-15 03:45:46 - watchfiles.main - INFO - 1 change detected
2026-03-15 03:45:47 - watchfiles.main - INFO - 1 change detected
2026-03-15 03:45:47 - watchfiles.main - INFO - 1 change detected
2026-03-15 03:45:47 - watchfiles.main - INFO - 1 change detected
2026-03-15 03:45:48 - watchfiles.main - INFO - 1 change detected
2026-03-15 03:45:48 - watchfiles.main - INFO - 1 change detected
2026-03-15 03:45:48 - watchfiles.main - INFO - 1 change detected
2026-03-15 03:45:49 - watchfiles.main - INFO - 1 change detected
2026-03-15 03:45:49 - watchfiles.main - INFO - 1 change detected
2026-03-15 03:45:50 - watchfiles.main - INFO - 1 change detected
2026-03-15 03:45:50 - watchfiles.main - INFO - 1 change detected
2026-03-15 03:45:50 - watchfiles.main - INFO - 1 change detected
2026-03-15 03:45:51 - watchfiles.main - INFO - 1 change detected
2026-03-15 03:45:51 - watchfiles.main - INFO - 1 change detected
2026-03-15 03:45:51 - watchfiles.main - INFO - 1 change detected
2026-03-15 03:45:52 - watchfiles.main - INFO - 1 change detected
2026-03-15 03:45:52 - watchfiles.main - INFO - 1 change detected
2026-03-15 03:45:53 - watchfiles.main - INFO - 1 change detected
2026-03-15 03:45:53 - watchfiles.main - INFO - 1 change detected
2026-03-15 03:45:53 - watchfiles.main - INFO - 1 change detected
2026-03-15 03:45:54 - watchfiles.main - INFO - 1 change detected
2026-03-15 03:45:54 - watchfiles.main - INFO - 1 change detected
2026-03-15 03:45:54 - watchfiles.main - INFO - 1 change detected
2026-03-15 03:45:55 - watchfiles.main - INFO - 1 change detected
2026-03-15 03:45:55 - watchfiles.main - INFO - 1 change detected
2026-03-15 03:45:56 - watchfiles.main - INFO - 1 change detected
2026-03-15 03:45:56 - watchfiles.main - INFO - 1 change detected
2026-03-15 03:45:56 - watchfiles.main - INFO - 1 change detected
2026-03-15 03:45:57 - watchfiles.main - INFO - 1 change detected
2026-03-15 03:45:57 - watchfiles.main - INFO - 1 change detected
2026-03-15 03:45:57 - watchfiles.main - INFO - 1 change detected
2026-03-15 03:45:58 - watchfiles.main - INFO - 1 change detected
2026-03-15 03:45:58 - watchfiles.main - INFO - 1 change detected
2026-03-15 03:45:59 - watchfiles.main - INFO - 1 change detected
2026-03-15 03:45:59 - watchfiles.main - INFO - 1 change detected
2026-03-15 03:45:59 - watchfiles.main - INFO - 1 change detected
2026-03-15 03:46:00 - watchfiles.main - INFO - 1 change detected
2026-03-15 03:46:00 - watchfiles.main - INFO - 1 change detected
2026-03-15 03:46:00 - watchfiles.main - INFO - 1 change detected
2026-03-15 03:46:01 - watchfiles.main - INFO - 1 change detected
2026-03-15 03:46:01 - watchfiles.main - INFO - 1 change detected
2026-03-15 03:46:02 - watchfiles.main - INFO - 1 change detected
2026-03-15 03:46:02 - watchfiles.main - INFO - 1 change detected
2026-03-15 03:46:02 - watchfiles.main - INFO - 1 change detected
2026-03-15 03:46:03 - watchfiles.main - INFO - 1 change detected
2026-03-15 03:46:03 - watchfiles.main - INFO - 1 change detected
2026-03-15 03:46:03 - watchfiles.main - INFO - 1 change detected
2026-03-15 03:46:04 - watchfiles.main - INFO - 1 change detected
2026-03-15 03:46:04 - watchfiles.main - INFO - 1 change detected
2026-03-15 03:46:05 - watchfiles.main - INFO - 1 change detected
2026-03-15 03:46:05 - watchfiles.main - INFO - 1 change detected
2026-03-15 03:46:05 - watchfiles.main - INFO - 1 change detected
2026-03-15 03:46:06 - watchfiles.main - INFO - 1 change detected
2026-03-15 03:46:06 - watchfiles.main - INFO - 1 change detected
2026-03-15 03:46:06 - watchfiles.main - INFO - 1 change detected
2026-03-15 03:46:07 - watchfiles.main - INFO - 1 change detected
2026-03-15 03:46:07 - watchfiles.main - INFO - 1 change detected
2026-03-15 03:46:08 - watchfiles.main - INFO - 1 change detected
2026-03-15 03:46:08 - watchfiles.main - INFO - 1 change detected
2026-03-15 03:46:08 - watchfiles.main - INFO - 1 change detected
2026-03-15 03:46:09 - watchfiles.main - INFO - 1 change detected
2026-03-15 03:46:09 - watchfiles.main - INFO - 1 change detected
2026-03-15 03:46:09 - watchfiles.main - INFO - 1 change detected
2026-03-15 03:46:10 - watchfiles.main - INFO - 1 change detected
2026-03-15 03:46:10 - watchfiles.main - INFO - 1 change detected
2026-03-15 03:46:11 - watchfiles.main - INFO - 1 change detected
2026-03-15 03:46:11 - watchfiles.main - INFO - 1 change detected
2026-03-15 03:46:11 - watchfiles.main - INFO - 1 change detected
2026-03-15 03:46:12 - watchfiles.main - INFO - 1 change detected
2026-03-15 03:46:12 - watchfiles.main - INFO - 1 change detected
2026-03-15 03:46:12 - watchfiles.main - INFO - 1 change detected
2026-03-15 03:46:13 - watchfiles.main - INFO - 1 change detected
2026-03-15 03:46:13 - watchfiles.main - INFO - 1 change detected
2026-03-15 03:46:14 - watchfiles.main - INFO - 1 change detected
2026-03-15 03:46:14 - watchfiles.main - INFO - 1 change detected
2026-03-15 03:46:14 - watchfiles.main - INFO - 1 change detected
2026-03-15 03:46:15 - watchfiles.main - INFO - 1 change detected
2026-03-15 03:46:15 - watchfiles.main - INFO - 1 change detected
2026-03-15 03:46:16 - watchfiles.main - INFO - 1 change detected
2026-03-15 03:46:16 - watchfiles.main - INFO - 1 change detected
2026-03-15 03:46:17 - watchfiles.main - INFO - 1 change detected
2026-03-15 03:46:17 - watchfiles.main - INFO - 1 change detected
2026-03-15 03:46:17 - watchfiles.main - INFO - 1 change detected
2026-03-15 03:46:18 - watchfiles.main - INFO - 1 change detected
2026-03-15 03:46:18 - watchfiles.main - INFO - 1 change detected
2026-03-15 03:46:19 - watchfiles.main - INFO - 1 change detected
2026-03-15 03:46:19 - watchfiles.main - INFO - 1 change detected
2026-03-15 03:46:19 - watchfiles.main - INFO - 1 change detected
2026-03-15 03:46:20 - watchfiles.main - INFO - 1 change detected
2026-03-15 03:46:20 - watchfiles.main - INFO - 1 change detected
2026-03-15 03:46:20 - watchfiles.main - INFO - 1 change detected
2026-03-15 03:46:21 - watchfiles.main - INFO - 1 change detected
2026-03-15 03:46:21 - watchfiles.main - INFO - 1 change detected
2026-03-15 03:46:22 - watchfiles.main - INFO - 1 change detected
2026-03-15 03:46:22 - watchfiles.main - INFO - 1 change detected
2026-03-15 03:46:22 - watchfiles.main - INFO - 1 change detected
2026-03-15 03:46:23 - watchfiles.main - INFO - 1 change detected
2026-03-15 03:46:23 - watchfiles.main - INFO - 1 change detected
2026-03-15 03:46:24 - watchfiles.main - INFO - 1 change detected
2026-03-15 03:46:24 - watchfiles.main - INFO - 1 change detected
2026-03-15 03:46:24 - watchfiles.main - INFO - 1 change detected
2026-03-15 03:46:25 - watchfiles.main - INFO - 1 change detected
2026-03-15 03:46:25 - watchfiles.main - INFO - 1 change detected
2026-03-15 03:46:25 - watchfiles.main - INFO - 1 change detected
2026-03-15 03:46:26 - watchfiles.main - INFO - 1 change detected
2026-03-15 03:46:26 - watchfiles.main - INFO - 1 change detected
2026-03-15 03:46:26 - watchfiles.main - INFO - 1 change detected
2026-03-15 03:46:27 - watchfiles.main - INFO - 1 change detected
2026-03-15 03:46:27 - watchfiles.main - INFO - 1 change detected
2026-03-15 03:46:28 - watchfiles.main - INFO - 1 change detected
2026-03-15 03:46:28 - watchfiles.main - INFO - 1 change detected
2026-03-15 03:46:28 - watchfiles.main - INFO - 1 change detected
2026-03-15 03:46:29 - watchfiles.main - INFO - 1 change detected
2026-03-15 03:46:29 - watchfiles.main - INFO - 1 change detected
2026-03-15 03:46:29 - watchfiles.main - INFO - 1 change detected
2026-03-15 03:46:30 - watchfiles.main - INFO - 1 change detected
2026-03-15 03:46:30 - watchfiles.main - INFO - 1 change detected
2026-03-15 03:46:31 - watchfiles.main - INFO - 1 change detected
2026-03-15 03:46:31 - watchfiles.main - INFO - 1 change detected
2026-03-15 03:46:31 - watchfiles.main - INFO - 1 change detected
2026-03-15 03:46:32 - watchfiles.main - INFO - 1 change detected
2026-03-15 03:46:32 - watchfiles.main - INFO - 1 change detected
2026-03-15 03:46:32 - watchfiles.main - INFO - 1 change detected
2026-03-15 03:46:33 - watchfiles.main - INFO - 1 change detected
2026-03-15 03:46:33 - watchfiles.main - INFO - 1 change detected
2026-03-15 03:46:34 - watchfiles.main - INFO - 1 change detected
2026-03-15 03:46:34 - watchfiles.main - INFO - 1 change detected
2026-03-15 03:46:34 - watchfiles.main - INFO - 1 change detected
2026-03-15 03:46:35 - watchfiles.main - INFO - 1 change detected
2026-03-15 03:46:35 - watchfiles.main - INFO - 1 change detected
2026-03-15 03:46:35 - watchfiles.main - INFO - 1 change detected
2026-03-15 03:46:36 - watchfiles.main - INFO - 1 change detected
2026-03-15 03:46:36 - watchfiles.main - INFO - 1 change detected
2026-03-15 03:46:37 - watchfiles.main - INFO - 1 change detected
2026-03-15 03:46:37 - watchfiles.main - INFO - 1 change detected
2026-03-15 03:46:37 - watchfiles.main - INFO - 1 change detected
2026-03-15 03:46:38 - watchfiles.main - INFO - 1 change detected
2026-03-15 03:46:38 - watchfiles.main - INFO - 1 change detected
2026-03-15 03:46:39 - watchfiles.main - INFO - 1 change detected
2026-03-15 03:46:39 - watchfiles.main - INFO - 1 change detected
2026-03-15 03:46:39 - watchfiles.main - INFO - 1 change detected
2026-03-15 03:46:40 - watchfiles.main - INFO - 1 change detected
2026-03-15 03:46:40 - watchfiles.main - INFO - 1 change detected
2026-03-15 03:46:40 - watchfiles.main - INFO - 1 change detected
2026-03-15 03:46:41 - watchfiles.main - INFO - 1 change detected
2026-03-15 03:46:41 - watchfiles.main - INFO - 1 change detected
2026-03-15 03:46:42 - watchfiles.main - INFO - 1 change detected
2026-03-15 03:46:42 - watchfiles.main - INFO - 1 change detected
2026-03-15 03:46:42 - watchfiles.main - INFO - 1 change detected
2026-03-15 03:46:43 - watchfiles.main - INFO - 1 change detected
2026-03-15 03:46:43 - watchfiles.main - INFO - 1 change detected
2026-03-15 03:46:43 - watchfiles.main - INFO - 1 change detected
2026-03-15 03:46:44 - watchfiles.main - INFO - 1 change detected
2026-03-15 03:46:44 - watchfiles.main - INFO - 1 change detected
2026-03-15 03:46:45 - watchfiles.main - INFO - 1 change detected
2026-03-15 03:46:45 - watchfiles.main - INFO - 1 change detected
2026-03-15 03:46:45 - watchfiles.main - INFO - 1 change detected
2026-03-15 03:46:46 - watchfiles.main - INFO - 1 change detected
2026-03-15 03:46:46 - watchfiles.main - INFO - 1 change detected
2026-03-15 03:46:46 - watchfiles.main - INFO - 1 change detected
2026-03-15 03:46:47 - watchfiles.main - INFO - 1 change detected
2026-03-15 03:46:47 - watchfiles.main - INFO - 1 change detected
2026-03-15 03:46:48 - watchfiles.main - INFO - 1 change detected
2026-03-15 03:46:48 - watchfiles.main - INFO - 1 change detected
2026-03-15 03:46:48 - watchfiles.main - INFO - 1 change detected
2026-03-15 03:46:49 - watchfiles.main - INFO - 1 change detected
2026-03-15 03:46:49 - watchfiles.main - INFO - 1 change detected
2026-03-15 03:46:50 - watchfiles.main - INFO - 1 change detected
2026-03-15 03:46:50 - watchfiles.main - INFO - 1 change detected
2026-03-15 03:46:50 - watchfiles.main - INFO - 1 change detected
2026-03-15 03:46:51 - watchfiles.main - INFO - 1 change detected
2026-03-15 03:46:51 - watchfiles.main - INFO - 1 change detected
2026-03-15 03:46:51 - watchfiles.main - INFO - 1 change detected
2026-03-15 03:46:52 - watchfiles.main - INFO - 1 change detected
2026-03-15 03:46:52 - watchfiles.main - INFO - 1 change detected
2026-03-15 03:46:52 - watchfiles.main - INFO - 1 change detected
2026-03-15 03:46:53 - watchfiles.main - INFO - 1 change detected
2026-03-15 03:46:53 - watchfiles.main - INFO - 1 change detected
2026-03-15 03:46:54 - watchfiles.main - INFO - 1 change detected
2026-03-15 03:46:54 - watchfiles.main - INFO - 1 change detected
2026-03-15 03:46:54 - watchfiles.main - INFO - 1 change detected
2026-03-15 03:46:55 - watchfiles.main - INFO - 1 change detected
2026-03-15 03:46:55 - watchfiles.main - INFO - 1 change detected
2026-03-15 03:46:55 - watchfiles.main - INFO - 1 change detected
2026-03-15 03:46:56 - watchfiles.main - INFO - 1 change detected
2026-03-15 03:46:56 - watchfiles.main - INFO - 1 change detected
2026-03-15 03:46:57 - watchfiles.main - INFO - 1 change detected
2026-03-15 03:46:57 - watchfiles.main - INFO - 1 change detected
2026-03-15 03:46:57 - watchfiles.main - INFO - 1 change detected
2026-03-15 03:46:58 - watchfiles.main - INFO - 1 change detected
2026-03-15 03:46:58 - watchfiles.main - INFO - 1 change detected
2026-03-15 03:46:58 - watchfiles.main - INFO - 1 change detected
2026-03-15 03:46:59 - watchfiles.main - INFO - 1 change detected
2026-03-15 03:46:59 - watchfiles.main - INFO - 1 change detected
2026-03-15 03:47:00 - watchfiles.main - INFO - 1 change detected
2026-03-15 03:47:00 - watchfiles.main - INFO - 1 change detected
2026-03-15 03:47:00 - watchfiles.main - INFO - 1 change detected
2026-03-15 03:47:01 - watchfiles.main - INFO - 1 change detected
2026-03-15 03:47:01 - watchfiles.main - INFO - 1 change detected
2026-03-15 03:47:01 - watchfiles.main - INFO - 1 change detected
2026-03-15 03:47:02 - watchfiles.main - INFO - 1 change detected
2026-03-15 03:47:02 - watchfiles.main - INFO - 1 change detected
2026-03-15 03:47:03 - watchfiles.main - INFO - 1 change detected
2026-03-15 03:47:03 - watchfiles.main - INFO - 1 change detected
2026-03-15 03:47:03 - watchfiles.main - INFO - 1 change detected
2026-03-15 03:47:04 - watchfiles.main - INFO - 1 change detected
2026-03-15 03:47:04 - watchfiles.main - INFO - 1 change detected
2026-03-15 03:47:04 - watchfiles.main - INFO - 1 change detected
2026-03-15 03:47:05 - watchfiles.main - INFO - 1 change detected
2026-03-15 03:47:05 - watchfiles.main - INFO - 1 change detected
2026-03-15 03:47:06 - watchfiles.main - INFO - 1 change detected
2026-03-15 03:47:06 - watchfiles.main - INFO - 1 change detected
2026-03-15 03:47:06 - watchfiles.main - INFO - 1 change detected
2026-03-15 03:47:07 - watchfiles.main - INFO - 1 change detected
2026-03-15 03:47:07 - watchfiles.main - INFO - 1 change detected
2026-03-15 03:47:07 - watchfiles.main - INFO - 1 change detected
2026-03-15 03:47:08 - watchfiles.main - INFO - 1 change detected
2026-03-15 03:47:08 - watchfiles.main - INFO - 1 change detected
2026-03-15 03:47:09 - watchfiles.main - INFO - 1 change detected
2026-03-15 03:47:09 - watchfiles.main - INFO - 1 change detected
2026-03-15 03:47:09 - watchfiles.main - INFO - 1 change detected
2026-03-15 03:47:10 - watchfiles.main - INFO - 1 change detected
2026-03-15 03:47:10 - watchfiles.main - INFO - 1 change detected
2026-03-15 03:47:10 - watchfiles.main - INFO - 1 change detected
2026-03-15 03:47:11 - watchfiles.main - INFO - 1 change detected
2026-03-15 03:47:11 - watchfiles.main - INFO - 1 change detected
2026-03-15 03:47:12 - watchfiles.main - INFO - 1 change detected
2026-03-15 03:47:12 - watchfiles.main - INFO - 1 change detected
2026-03-15 03:47:12 - watchfiles.main - INFO - 1 change detected
2026-03-15 03:47:13 - watchfiles.main - INFO - 1 change detected
2026-03-15 03:47:13 - watchfiles.main - INFO - 1 change detected
2026-03-15 03:47:13 - watchfiles.main - INFO - 1 change detected
2026-03-15 03:47:14 - watchfiles.main - INFO - 1 change detected
2026-03-15 03:47:14 - watchfiles.main - INFO - 1 change detected
2026-03-15 03:47:15 - watchfiles.main - INFO - 1 change detected
2026-03-15 03:47:15 - watchfiles.main - INFO - 1 change detected
2026-03-15 03:47:15 - watchfiles.main - INFO - 1 change detected
2026-03-15 03:47:16 - watchfiles.main - INFO - 1 change detected
2026-03-15 03:47:16 - watchfiles.main - INFO - 1 change detected
2026-03-15 03:47:16 - watchfiles.main - INFO - 1 change detected
2026-03-15 03:47:17 - watchfiles.main - INFO - 1 change detected
2026-03-15 03:47:17 - watchfiles.main - INFO - 1 change detected
2026-03-15 03:47:18 - watchfiles.main - INFO - 1 change detected
2026-03-15 03:47:18 - watchfiles.main - INFO - 1 change detected
2026-03-15 03:47:18 - watchfiles.main - INFO - 1 change detected
2026-03-15 03:47:19 - watchfiles.main - INFO - 1 change detected
2026-03-15 03:47:19 - watchfiles.main - INFO - 1 change detected
2026-03-15 03:47:19 - watchfiles.main - INFO - 1 change detected
2026-03-15 03:47:20 - watchfiles.main - INFO - 1 change detected
2026-03-15 03:47:20 - watchfiles.main - INFO - 1 change detected
2026-03-15 03:47:21 - watchfiles.main - INFO - 1 change detected
2026-03-15 03:47:21 - watchfiles.main - INFO - 1 change detected
2026-03-15 03:47:21 - watchfiles.main - INFO - 1 change detected
2026-03-15 03:47:22 - watchfiles.main - INFO - 1 change detected
2026-03-15 03:47:22 - watchfiles.main - INFO - 1 change detected
2026-03-15 03:47:22 - watchfiles.main - INFO - 1 change detected
2026-03-15 03:47:23 - watchfiles.main - INFO - 1 change detected
2026-03-15 03:47:23 - watchfiles.main - INFO - 1 change detected
2026-03-15 03:47:23 - watchfiles.main - INFO - 1 change detected
2026-03-15 03:47:24 - watchfiles.main - INFO - 1 change detected
2026-03-15 03:47:24 - watchfiles.main - INFO - 1 change detected
2026-03-15 03:47:25 - watchfiles.main - INFO - 1 change detected
2026-03-15 03:47:25 - watchfiles.main - INFO - 1 change detected
2026-03-15 03:47:25 - watchfiles.main - INFO - 1 change detected
2026-03-15 03:47:26 - watchfiles.main - INFO - 1 change detected
2026-03-15 03:47:26 - watchfiles.main - INFO - 1 change detected
2026-03-15 03:47:27 - watchfiles.main - INFO - 1 change detected
2026-03-15 03:47:27 - watchfiles.main - INFO - 1 change detected
2026-03-15 03:47:27 - watchfiles.main - INFO - 1 change detected
2026-03-15 03:47:28 - watchfiles.main - INFO - 1 change detected
2026-03-15 03:47:28 - watchfiles.main - INFO - 1 change detected
2026-03-15 03:47:28 - watchfiles.main - INFO - 1 change detected
2026-03-15 03:47:29 - watchfiles.main - INFO - 1 change detected
2026-03-15 03:47:29 - watchfiles.main - INFO - 1 change detected
2026-03-15 03:47:29 - watchfiles.main - INFO - 1 change detected
2026-03-15 03:47:30 - watchfiles.main - INFO - 1 change detected
2026-03-15 03:47:30 - watchfiles.main - INFO - 1 change detected
2026-03-15 03:47:31 - watchfiles.main - INFO - 1 change detected
2026-03-15 03:47:31 - watchfiles.main - INFO - 1 change detected
2026-03-15 03:47:31 - watchfiles.main - INFO - 1 change detected
2026-03-15 03:47:32 - watchfiles.main - INFO - 1 change detected
2026-03-15 03:47:32 - watchfiles.main - INFO - 1 change detected
2026-03-15 03:47:32 - watchfiles.main - INFO - 1 change detected
2026-03-15 03:47:33 - watchfiles.main - INFO - 1 change detected
2026-03-15 03:47:33 - watchfiles.main - INFO - 1 change detected
2026-03-15 03:47:34 - watchfiles.main - INFO - 1 change detected
2026-03-15 03:47:34 - watchfiles.main - INFO - 1 change detected
2026-03-15 03:47:34 - watchfiles.main - INFO - 1 change detected
2026-03-15 03:47:35 - watchfiles.main - INFO - 1 change detected
2026-03-15 03:47:35 - watchfiles.main - INFO - 1 change detected
2026-03-15 03:47:35 - watchfiles.main - INFO - 1 change detected
2026-03-15 03:47:36 - watchfiles.main - INFO - 1 change detected
2026-03-15 03:47:36 - watchfiles.main - INFO - 1 change detected
2026-03-15 03:47:37 - watchfiles.main - INFO - 1 change detected
2026-03-15 03:47:37 - watchfiles.main - INFO - 1 change detected
2026-03-15 03:47:37 - watchfiles.main - INFO - 1 change detected
2026-03-15 03:47:38 - watchfiles.main - INFO - 1 change detected
2026-03-15 03:47:38 - watchfiles.main - INFO - 1 change detected
2026-03-15 03:47:39 - watchfiles.main - INFO - 1 change detected
2026-03-15 03:47:39 - watchfiles.main - INFO - 1 change detected
2026-03-15 03:47:39 - watchfiles.main - INFO - 1 change detected
2026-03-15 03:47:40 - watchfiles.main - INFO - 1 change detected
2026-03-15 03:47:40 - watchfiles.main - INFO - 1 change detected
2026-03-15 03:47:40 - watchfiles.main - INFO - 1 change detected
2026-03-15 03:47:41 - watchfiles.main - INFO - 1 change detected
2026-03-15 03:47:41 - watchfiles.main - INFO - 1 change detected
2026-03-15 03:47:42 - watchfiles.main - INFO - 1 change detected
2026-03-15 03:47:42 - watchfiles.main - INFO - 1 change detected
2026-03-15 03:47:42 - watchfiles.main - INFO - 1 change detected
2026-03-15 03:47:43 - watchfiles.main - INFO - 1 change detected
2026-03-15 03:47:43 - watchfiles.main - INFO - 1 change detected
2026-03-15 03:47:43 - watchfiles.main - INFO - 1 change detected
2026-03-15 03:47:44 - watchfiles.main - INFO - 1 change detected
2026-03-15 03:47:44 - watchfiles.main - INFO - 1 change detected
2026-03-15 03:47:45 - watchfiles.main - INFO - 1 change detected
2026-03-15 03:47:45 - watchfiles.main - INFO - 1 change detected
2026-03-15 03:47:45 - watchfiles.main - INFO - 1 change detected
2026-03-15 03:47:46 - watchfiles.main - INFO - 1 change detected
2026-03-15 03:47:46 - watchfiles.main - INFO - 1 change detected
2026-03-15 03:47:46 - watchfiles.main - INFO - 1 change detected
2026-03-15 03:47:47 - watchfiles.main - INFO - 1 change detected
2026-03-15 03:47:47 - watchfiles.main - INFO - 1 change detected
2026-03-15 03:47:48 - watchfiles.main - INFO - 1 change detected
2026-03-15 03:47:48 - watchfiles.main - INFO - 1 change detected
2026-03-15 03:47:48 - watchfiles.main - INFO - 1 change detected
2026-03-15 03:47:49 - watchfiles.main - INFO - 1 change detected
2026-03-15 03:47:49 - watchfiles.main - INFO - 1 change detected
2026-03-15 03:47:50 - watchfiles.main - INFO - 1 change detected
2026-03-15 03:47:50 - watchfiles.main - INFO - 1 change detected
2026-03-15 03:47:50 - watchfiles.main - INFO - 1 change detected
2026-03-15 03:47:51 - watchfiles.main - INFO - 1 change detected
2026-03-15 03:47:51 - watchfiles.main - INFO - 1 change detected
2026-03-15 03:47:51 - watchfiles.main - INFO - 1 change detected
2026-03-15 03:47:52 - watchfiles.main - INFO - 1 change detected
2026-03-15 03:47:52 - watchfiles.main - INFO - 1 change detected
2026-03-15 03:47:52 - watchfiles.main - INFO - 1 change detected
2026-03-15 03:47:53 - watchfiles.main - INFO - 1 change detected
2026-03-15 03:47:53 - watchfiles.main - INFO - 1 change detected
2026-03-15 03:47:54 - watchfiles.main - INFO - 1 change detected
2026-03-15 03:47:54 - watchfiles.main - INFO - 1 change detected
2026-03-15 03:47:54 - watchfiles.main - INFO - 1 change detected
2026-03-15 03:47:55 - watchfiles.main - INFO - 1 change detected
2026-03-15 03:47:55 - watchfiles.main - INFO - 1 change detected
2026-03-15 03:47:55 - watchfiles.main - INFO - 1 change detected
2026-03-15 03:47:56 - watchfiles.main - INFO - 1 change detected
2026-03-15 03:47:56 - watchfiles.main - INFO - 1 change detected
2026-03-15 03:47:57 - watchfiles.main - INFO - 1 change detected
2026-03-15 03:47:57 - watchfiles.main - INFO - 1 change detected
2026-03-15 03:47:57 - watchfiles.main - INFO - 1 change detected
2026-03-15 03:47:58 - watchfiles.main - INFO - 1 change detected
2026-03-15 03:47:58 - watchfiles.main - INFO - 1 change detected
2026-03-15 03:47:58 - watchfiles.main - INFO - 1 change detected
2026-03-15 03:47:59 - watchfiles.main - INFO - 1 change detected
2026-03-15 03:47:59 - watchfiles.main - INFO - 1 change detected
2026-03-15 03:48:00 - watchfiles.main - INFO - 1 change detected
2026-03-15 03:48:00 - watchfiles.main - INFO - 1 change detected
2026-03-15 03:48:00 - watchfiles.main - INFO - 1 change detected
2026-03-15 03:48:01 - watchfiles.main - INFO - 1 change detected
2026-03-15 03:48:01 - watchfiles.main - INFO - 1 change detected
2026-03-15 03:48:01 - watchfiles.main - INFO - 1 change detected
2026-03-15 03:48:02 - watchfiles.main - INFO - 1 change detected
2026-03-15 03:48:02 - watchfiles.main - INFO - 1 change detected
2026-03-15 03:48:03 - watchfiles.main - INFO - 1 change detected
2026-03-15 03:48:03 - watchfiles.main - INFO - 1 change detected
2026-03-15 03:48:03 - watchfiles.main - INFO - 1 change detected
2026-03-15 03:48:04 - watchfiles.main - INFO - 1 change detected
2026-03-15 03:48:04 - watchfiles.main - INFO - 1 change detected
2026-03-15 03:48:05 - watchfiles.main - INFO - 1 change detected
2026-03-15 03:48:05 - watchfiles.main - INFO - 1 change detected
2026-03-15 03:48:05 - watchfiles.main - INFO - 1 change detected
2026-03-15 03:48:06 - watchfiles.main - INFO - 1 change detected
2026-03-15 03:48:06 - watchfiles.main - INFO - 1 change detected
2026-03-15 03:48:06 - watchfiles.main - INFO - 1 change detected
2026-03-15 03:48:07 - watchfiles.main - INFO - 1 change detected
2026-03-15 03:48:07 - watchfiles.main - INFO - 1 change detected
2026-03-15 03:48:08 - watchfiles.main - INFO - 1 change detected
2026-03-15 03:48:08 - watchfiles.main - INFO - 1 change detected
2026-03-15 03:48:08 - watchfiles.main - INFO - 1 change detected
2026-03-15 03:48:09 - watchfiles.main - INFO - 1 change detected
2026-03-15 03:48:09 - watchfiles.main - INFO - 1 change detected
2026-03-15 03:48:09 - watchfiles.main - INFO - 1 change detected
2026-03-15 03:48:10 - watchfiles.main - INFO - 1 change detected
2026-03-15 03:48:10 - watchfiles.main - INFO - 1 change detected
2026-03-15 03:48:10 - watchfiles.main - INFO - 1 change detected
2026-03-15 03:48:11 - watchfiles.main - INFO - 1 change detected
2026-03-15 03:48:11 - watchfiles.main - INFO - 1 change detected
2026-03-15 03:48:12 - watchfiles.main - INFO - 1 change detected
2026-03-15 03:48:12 - watchfiles.main - INFO - 1 change detected
2026-03-15 03:48:12 - watchfiles.main - INFO - 1 change detected
2026-03-15 03:48:13 - watchfiles.main - INFO - 1 change detected
2026-03-15 03:48:13 - watchfiles.main - INFO - 1 change detected
2026-03-15 03:48:13 - watchfiles.main - INFO - 1 change detected
2026-03-15 03:48:14 - watchfiles.main - INFO - 1 change detected
2026-03-15 03:48:14 - watchfiles.main - INFO - 1 change detected
2026-03-15 03:48:15 - watchfiles.main - INFO - 1 change detected
2026-03-15 03:48:15 - watchfiles.main - INFO - 1 change detected
2026-03-15 03:48:15 - watchfiles.main - INFO - 1 change detected
2026-03-15 03:48:16 - watchfiles.main - INFO - 1 change detected
2026-03-15 03:48:16 - watchfiles.main - INFO - 1 change detected
2026-03-15 03:48:17 - watchfiles.main - INFO - 1 change detected
2026-03-15 03:48:17 - watchfiles.main - INFO - 1 change detected
2026-03-15 03:48:17 - watchfiles.main - INFO - 1 change detected
2026-03-15 03:48:18 - watchfiles.main - INFO - 1 change detected
2026-03-15 03:48:18 - watchfiles.main - INFO - 1 change detected
2026-03-15 03:48:18 - watchfiles.main - INFO - 1 change detected
2026-03-15 03:48:19 - watchfiles.main - INFO - 1 change detected
2026-03-15 03:48:19 - watchfiles.main - INFO - 1 change detected
2026-03-15 03:48:19 - watchfiles.main - INFO - 1 change detected
2026-03-15 03:48:20 - watchfiles.main - INFO - 1 change detected
2026-03-15 03:48:20 - watchfiles.main - INFO - 1 change detected
2026-03-15 03:48:21 - watchfiles.main - INFO - 1 change detected
2026-03-15 03:48:21 - watchfiles.main - INFO - 1 change detected
2026-03-15 03:48:21 - watchfiles.main - INFO - 1 change detected
2026-03-15 03:48:22 - watchfiles.main - INFO - 1 change detected
2026-03-15 03:48:22 - watchfiles.main - INFO - 1 change detected
2026-03-15 03:48:22 - watchfiles.main - INFO - 1 change detected
2026-03-15 03:48:23 - watchfiles.main - INFO - 1 change detected
2026-03-15 03:48:23 - watchfiles.main - INFO - 1 change detected
2026-03-15 03:48:23 - watchfiles.main - INFO - 1 change detected
2026-03-15 03:48:24 - watchfiles.main - INFO - 1 change detected
2026-03-15 03:48:24 - watchfiles.main - INFO - 1 change detected
2026-03-15 03:48:25 - watchfiles.main - INFO - 1 change detected
2026-03-15 03:48:25 - watchfiles.main - INFO - 1 change detected
2026-03-15 03:48:25 - watchfiles.main - INFO - 1 change detected
2026-03-15 03:48:26 - watchfiles.main - INFO - 1 change detected
2026-03-15 03:48:26 - watchfiles.main - INFO - 1 change detected
2026-03-15 03:48:26 - watchfiles.main - INFO - 1 change detected
2026-03-15 03:48:27 - watchfiles.main - INFO - 1 change detected
2026-03-15 03:48:27 - watchfiles.main - INFO - 1 change detected
2026-03-15 03:48:28 - watchfiles.main - INFO - 1 change detected
2026-03-15 03:48:28 - watchfiles.main - INFO - 1 change detected
2026-03-15 03:48:28 - watchfiles.main - INFO - 1 change detected
2026-03-15 03:48:29 - watchfiles.main - INFO - 1 change detected
2026-03-15 03:48:29 - watchfiles.main - INFO - 1 change detected
2026-03-15 03:48:29 - watchfiles.main - INFO - 1 change detected
2026-03-15 03:48:30 - watchfiles.main - INFO - 1 change detected
2026-03-15 03:48:30 - watchfiles.main - INFO - 1 change detected
2026-03-15 03:48:31 - watchfiles.main - INFO - 1 change detected
2026-03-15 03:48:31 - watchfiles.main - INFO - 1 change detected
2026-03-15 03:48:31 - watchfiles.main - INFO - 1 change detected
2026-03-15 03:48:32 - watchfiles.main - INFO - 1 change detected
2026-03-15 03:48:32 - watchfiles.main - INFO - 1 change detected
2026-03-15 03:48:32 - watchfiles.main - INFO - 1 change detected
2026-03-15 03:48:33 - watchfiles.main - INFO - 1 change detected
2026-03-15 03:48:33 - watchfiles.main - INFO - 1 change detected
2026-03-15 03:48:33 - watchfiles.main - INFO - 1 change detected
2026-03-15 03:48:34 - watchfiles.main - INFO - 1 change detected
2026-03-15 03:48:34 - watchfiles.main - INFO - 1 change detected
2026-03-15 03:48:35 - watchfiles.main - INFO - 1 change detected
2026-03-15 03:48:35 - watchfiles.main - INFO - 1 change detected
2026-03-15 03:48:35 - watchfiles.main - INFO - 1 change detected
2026-03-15 03:48:36 - watchfiles.main - INFO - 1 change detected
2026-03-15 03:48:36 - watchfiles.main - INFO - 1 change detected
2026-03-15 03:48:36 - watchfiles.main - INFO - 1 change detected
2026-03-15 03:48:37 - watchfiles.main - INFO - 1 change detected
2026-03-15 03:48:37 - watchfiles.main - INFO - 1 change detected
2026-03-15 03:48:38 - watchfiles.main - INFO - 1 change detected
2026-03-15 03:48:38 - watchfiles.main - INFO - 1 change detected
2026-03-15 03:48:38 - watchfiles.main - INFO - 1 change detected
2026-03-15 03:48:39 - watchfiles.main - INFO - 1 change detected
2026-03-15 03:48:39 - watchfiles.main - INFO - 1 change detected
2026-03-15 03:48:39 - watchfiles.main - INFO - 1 change detected
2026-03-15 03:48:40 - watchfiles.main - INFO - 1 change detected
2026-03-15 03:48:40 - watchfiles.main - INFO - 1 change detected
2026-03-15 03:48:41 - watchfiles.main - INFO - 1 change detected
2026-03-15 03:48:41 - watchfiles.main - INFO - 1 change detected
2026-03-15 03:48:41 - watchfiles.main - INFO - 1 change detected
2026-03-15 03:48:42 - watchfiles.main - INFO - 1 change detected
2026-03-15 03:48:42 - watchfiles.main - INFO - 1 change detected
2026-03-15 03:48:43 - watchfiles.main - INFO - 1 change detected
2026-03-15 03:48:43 - watchfiles.main - INFO - 1 change detected
2026-03-15 03:48:43 - watchfiles.main - INFO - 1 change detected
2026-03-15 03:48:44 - watchfiles.main - INFO - 1 change detected
2026-03-15 03:48:44 - watchfiles.main - INFO - 1 change detected
2026-03-15 03:48:44 - watchfiles.main - INFO - 1 change detected
2026-03-15 03:48:45 - watchfiles.main - INFO - 1 change detected
2026-03-15 03:48:45 - watchfiles.main - INFO - 1 change detected
2026-03-15 03:48:46 - watchfiles.main - INFO - 1 change detected
2026-03-15 03:48:46 - watchfiles.main - INFO - 1 change detected
2026-03-15 03:48:46 - watchfiles.main - INFO - 1 change detected
2026-03-15 03:48:47 - watchfiles.main - INFO - 1 change detected
2026-03-15 03:48:47 - watchfiles.main - INFO - 1 change detected
2026-03-15 03:48:47 - watchfiles.main - INFO - 1 change detected
2026-03-15 03:48:48 - watchfiles.main - INFO - 1 change detected
2026-03-15 03:48:48 - watchfiles.main - INFO - 1 change detected
2026-03-15 03:48:49 - watchfiles.main - INFO - 1 change detected
2026-03-15 03:48:49 - watchfiles.main - INFO - 1 change detected
2026-03-15 03:48:49 - watchfiles.main - INFO - 1 change detected
2026-03-15 03:48:50 - watchfiles.main - INFO - 1 change detected
2026-03-15 03:48:50 - watchfiles.main - INFO - 1 change detected
2026-03-15 03:48:51 - watchfiles.main - INFO - 1 change detected
2026-03-15 03:48:51 - watchfiles.main - INFO - 1 change detected
2026-03-15 03:48:51 - watchfiles.main - INFO - 1 change detected
2026-03-15 03:48:52 - watchfiles.main - INFO - 1 change detected
2026-03-15 03:48:52 - watchfiles.main - INFO - 1 change detected
2026-03-15 03:48:52 - watchfiles.main - INFO - 1 change detected
2026-03-15 03:48:53 - watchfiles.main - INFO - 1 change detected
2026-03-15 03:48:53 - watchfiles.main - INFO - 1 change detected
2026-03-15 03:48:54 - watchfiles.main - INFO - 1 change detected
2026-03-15 03:48:54 - watchfiles.main - INFO - 1 change detected
2026-03-15 03:48:54 - watchfiles.main - INFO - 1 change detected
2026-03-15 03:48:55 - watchfiles.main - INFO - 1 change detected
2026-03-15 03:48:55 - watchfiles.main - INFO - 1 change detected
2026-03-15 03:48:55 - watchfiles.main - INFO - 1 change detected
2026-03-15 03:48:56 - watchfiles.main - INFO - 1 change detected
2026-03-15 03:48:56 - watchfiles.main - INFO - 1 change detected
2026-03-15 03:48:56 - watchfiles.main - INFO - 1 change detected
2026-03-15 03:48:57 - watchfiles.main - INFO - 1 change detected
2026-03-15 03:48:57 - watchfiles.main - INFO - 1 change detected
2026-03-15 03:48:58 - watchfiles.main - INFO - 1 change detected
2026-03-15 03:48:58 - watchfiles.main - INFO - 1 change detected
2026-03-15 03:48:58 - watchfiles.main - INFO - 1 change detected
2026-03-15 03:48:59 - watchfiles.main - INFO - 1 change detected
2026-03-15 03:48:59 - watchfiles.main - INFO - 1 change detected
2026-03-15 03:48:59 - watchfiles.main - INFO - 1 change detected
2026-03-15 03:49:00 - watchfiles.main - INFO - 1 change detected
2026-03-15 03:49:00 - watchfiles.main - INFO - 1 change detected
2026-03-15 03:49:01 - watchfiles.main - INFO - 1 change detected
2026-03-15 03:49:01 - watchfiles.main - INFO - 1 change detected
2026-03-15 03:49:01 - watchfiles.main - INFO - 1 change detected
2026-03-15 03:49:02 - watchfiles.main - INFO - 1 change detected
2026-03-15 03:49:02 - watchfiles.main - INFO - 1 change detected
2026-03-15 03:49:02 - watchfiles.main - INFO - 1 change detected
2026-03-15 03:49:03 - watchfiles.main - INFO - 1 change detected
2026-03-15 03:49:03 - watchfiles.main - INFO - 1 change detected
2026-03-15 03:49:04 - watchfiles.main - INFO - 1 change detected
2026-03-15 03:49:04 - watchfiles.main - INFO - 1 change detected
2026-03-15 03:49:04 - watchfiles.main - INFO - 1 change detected
2026-03-15 03:49:05 - watchfiles.main - INFO - 1 change detected
2026-03-15 03:49:05 - watchfiles.main - INFO - 1 change detected
2026-03-15 03:49:05 - watchfiles.main - INFO - 1 change detected
2026-03-15 03:49:06 - watchfiles.main - INFO - 1 change detected
2026-03-15 03:49:06 - watchfiles.main - INFO - 1 change detected
2026-03-15 03:49:06 - watchfiles.main - INFO - 1 change detected
2026-03-15 03:49:07 - watchfiles.main - INFO - 1 change detected
2026-03-15 03:49:07 - watchfiles.main - INFO - 1 change detected
2026-03-15 03:49:08 - watchfiles.main - INFO - 1 change detected
2026-03-15 03:49:08 - watchfiles.main - INFO - 1 change detected
2026-03-15 03:49:08 - watchfiles.main - INFO - 1 change detected
2026-03-15 03:49:09 - watchfiles.main - INFO - 1 change detected
2026-03-15 03:49:09 - watchfiles.main - INFO - 1 change detected
2026-03-15 03:49:09 - watchfiles.main - INFO - 1 change detected
2026-03-15 03:49:10 - watchfiles.main - INFO - 1 change detected
2026-03-15 03:49:10 - watchfiles.main - INFO - 1 change detected
2026-03-15 03:49:11 - watchfiles.main - INFO - 1 change detected
2026-03-15 03:49:11 - watchfiles.main - INFO - 1 change detected
2026-03-15 03:49:11 - watchfiles.main - INFO - 1 change detected
2026-03-15 03:49:12 - watchfiles.main - INFO - 1 change detected
2026-03-15 03:49:12 - watchfiles.main - INFO - 1 change detected
2026-03-15 03:49:13 - watchfiles.main - INFO - 1 change detected
2026-03-15 03:49:13 - watchfiles.main - INFO - 1 change detected
2026-03-15 03:49:13 - watchfiles.main - INFO - 1 change detected
2026-03-15 03:49:14 - watchfiles.main - INFO - 1 change detected
2026-03-15 03:49:14 - watchfiles.main - INFO - 1 change detected
2026-03-15 03:49:14 - watchfiles.main - INFO - 1 change detected
2026-03-15 03:49:15 - watchfiles.main - INFO - 1 change detected
2026-03-15 03:49:15 - watchfiles.main - INFO - 1 change detected
2026-03-15 03:49:16 - watchfiles.main - INFO - 1 change detected
2026-03-15 03:49:16 - watchfiles.main - INFO - 1 change detected
2026-03-15 03:49:16 - watchfiles.main - INFO - 1 change detected
2026-03-15 03:49:17 - watchfiles.main - INFO - 1 change detected
2026-03-15 03:49:17 - watchfiles.main - INFO - 1 change detected
2026-03-15 03:49:17 - watchfiles.main - INFO - 1 change detected
2026-03-15 03:49:18 - watchfiles.main - INFO - 1 change detected
2026-03-15 03:49:18 - watchfiles.main - INFO - 1 change detected
2026-03-15 03:49:19 - watchfiles.main - INFO - 1 change detected
2026-03-15 03:49:19 - watchfiles.main - INFO - 1 change detected
2026-03-15 03:49:19 - watchfiles.main - INFO - 1 change detected
2026-03-15 03:49:20 - watchfiles.main - INFO - 1 change detected
2026-03-15 03:49:20 - watchfiles.main - INFO - 1 change detected
2026-03-15 03:49:20 - watchfiles.main - INFO - 1 change detected
2026-03-15 03:49:21 - watchfiles.main - INFO - 1 change detected
2026-03-15 03:49:21 - watchfiles.main - INFO - 1 change detected
2026-03-15 03:49:22 - watchfiles.main - INFO - 1 change detected
2026-03-15 03:49:22 - watchfiles.main - INFO - 1 change detected
2026-03-15 03:49:22 - watchfiles.main - INFO - 1 change detected
2026-03-15 03:49:23 - watchfiles.main - INFO - 1 change detected
2026-03-15 03:49:23 - watchfiles.main - INFO - 1 change detected
2026-03-15 03:49:24 - watchfiles.main - INFO - 1 change detected
2026-03-15 03:49:24 - watchfiles.main - INFO - 1 change detected
2026-03-15 03:49:25 - watchfiles.main - INFO - 1 change detected
2026-03-15 03:49:25 - watchfiles.main - INFO - 1 change detected
2026-03-15 03:49:26 - watchfiles.main - INFO - 1 change detected
2026-03-15 03:49:26 - watchfiles.main - INFO - 1 change detected
2026-03-15 03:49:26 - watchfiles.main - INFO - 1 change detected
2026-03-15 03:49:27 - watchfiles.main - INFO - 1 change detected
2026-03-15 03:49:27 - watchfiles.main - INFO - 1 change detected
2026-03-15 03:49:27 - watchfiles.main - INFO - 1 change detected
2026-03-15 03:49:28 - watchfiles.main - INFO - 1 change detected
2026-03-15 03:49:28 - watchfiles.main - INFO - 1 change detected
2026-03-15 03:49:29 - watchfiles.main - INFO - 1 change detected
2026-03-15 03:49:29 - watchfiles.main - INFO - 1 change detected
2026-03-15 03:49:30 - watchfiles.main - INFO - 1 change detected
2026-03-15 03:49:30 - watchfiles.main - INFO - 1 change detected
2026-03-15 03:49:30 - watchfiles.main - INFO - 1 change detected
2026-03-15 03:49:31 - watchfiles.main - INFO - 1 change detected
2026-03-15 03:49:31 - watchfiles.main - INFO - 1 change detected
2026-03-15 03:49:31 - watchfiles.main - INFO - 1 change detected
2026-03-15 03:49:32 - watchfiles.main - INFO - 1 change detected
2026-03-15 03:49:32 - watchfiles.main - INFO - 1 change detected
2026-03-15 03:49:32 - watchfiles.main - INFO - 1 change detected
2026-03-15 03:49:33 - watchfiles.main - INFO - 1 change detected
2026-03-15 03:49:33 - watchfiles.main - INFO - 1 change detected
2026-03-15 03:49:34 - watchfiles.main - INFO - 1 change detected
2026-03-15 03:49:34 - watchfiles.main - INFO - 1 change detected
2026-03-15 03:49:34 - watchfiles.main - INFO - 1 change detected
2026-03-15 03:49:35 - watchfiles.main - INFO - 1 change detected
2026-03-15 03:49:35 - watchfiles.main - INFO - 1 change detected
2026-03-15 03:49:36 - watchfiles.main - INFO - 1 change detected
2026-03-15 03:49:36 - watchfiles.main - INFO - 1 change detected
2026-03-15 03:49:36 - watchfiles.main - INFO - 1 change detected
2026-03-15 03:49:37 - watchfiles.main - INFO - 1 change detected
2026-03-15 03:49:37 - watchfiles.main - INFO - 1 change detected
2026-03-15 03:49:37 - watchfiles.main - INFO - 1 change detected
2026-03-15 03:49:38 - watchfiles.main - INFO - 1 change detected
2026-03-15 03:49:38 - watchfiles.main - INFO - 1 change detected
2026-03-15 03:49:38 - watchfiles.main - INFO - 1 change detected
2026-03-15 03:49:39 - watchfiles.main - INFO - 1 change detected
2026-03-15 03:49:39 - watchfiles.main - INFO - 1 change detected
2026-03-15 03:49:40 - watchfiles.main - INFO - 1 change detected
2026-03-15 03:49:40 - watchfiles.main - INFO - 1 change detected
2026-03-15 03:49:40 - watchfiles.main - INFO - 1 change detected
2026-03-15 03:49:41 - watchfiles.main - INFO - 1 change detected
2026-03-15 03:49:41 - watchfiles.main - INFO - 1 change detected
2026-03-15 03:49:41 - watchfiles.main - INFO - 1 change detected
2026-03-15 03:49:42 - watchfiles.main - INFO - 1 change detected
2026-03-15 03:49:42 - watchfiles.main - INFO - 1 change detected
2026-03-15 03:49:43 - watchfiles.main - INFO - 1 change detected
2026-03-15 03:49:43 - watchfiles.main - INFO - 1 change detected
2026-03-15 03:49:43 - watchfiles.main - INFO - 1 change detected
2026-03-15 03:49:44 - watchfiles.main - INFO - 1 change detected
2026-03-15 03:49:44 - watchfiles.main - INFO - 1 change detected
2026-03-15 03:49:44 - watchfiles.main - INFO - 1 change detected
2026-03-15 03:49:45 - watchfiles.main - INFO - 1 change detected
2026-03-15 03:49:45 - watchfiles.main - INFO - 1 change detected
2026-03-15 03:49:45 - watchfiles.main - INFO - 1 change detected
2026-03-15 03:49:46 - watchfiles.main - INFO - 1 change detected
2026-03-15 03:49:46 - watchfiles.main - INFO - 1 change detected
2026-03-15 03:49:47 - watchfiles.main - INFO - 1 change detected
2026-03-15 03:49:47 - watchfiles.main - INFO - 1 change detected
2026-03-15 03:49:47 - watchfiles.main - INFO - 1 change detected
2026-03-15 03:49:48 - watchfiles.main - INFO - 1 change detected
2026-03-15 03:49:48 - watchfiles.main - INFO - 1 change detected
2026-03-15 03:49:49 - watchfiles.main - INFO - 1 change detected
2026-03-15 03:49:49 - watchfiles.main - INFO - 1 change detected
2026-03-15 03:49:49 - watchfiles.main - INFO - 1 change detected
2026-03-15 03:49:50 - watchfiles.main - INFO - 1 change detected
2026-03-15 03:49:50 - watchfiles.main - INFO - 1 change detected
2026-03-15 03:49:50 - watchfiles.main - INFO - 1 change detected
2026-03-15 03:49:51 - watchfiles.main - INFO - 1 change detected
2026-03-15 03:49:51 - watchfiles.main - INFO - 1 change detected
2026-03-15 03:49:51 - watchfiles.main - INFO - 1 change detected
2026-03-15 03:49:52 - watchfiles.main - INFO - 1 change detected
2026-03-15 03:49:52 - watchfiles.main - INFO - 1 change detected
2026-03-15 03:49:53 - watchfiles.main - INFO - 1 change detected
2026-03-15 03:49:53 - watchfiles.main - INFO - 1 change detected
2026-03-15 03:49:53 - watchfiles.main - INFO - 1 change detected
2026-03-15 03:49:54 - watchfiles.main - INFO - 1 change detected
2026-03-15 03:49:54 - watchfiles.main - INFO - 1 change detected
2026-03-15 03:49:54 - watchfiles.main - INFO - 1 change detected
2026-03-15 03:49:55 - watchfiles.main - INFO - 1 change detected
2026-03-15 03:49:55 - watchfiles.main - INFO - 1 change detected
2026-03-15 03:49:56 - watchfiles.main - INFO - 1 change detected
2026-03-15 03:49:56 - watchfiles.main - INFO - 1 change detected
2026-03-15 03:49:56 - watchfiles.main - INFO - 1 change detected
2026-03-15 03:49:57 - watchfiles.main - INFO - 1 change detected
2026-03-15 03:49:57 - watchfiles.main - INFO - 1 change detected
2026-03-15 03:49:57 - watchfiles.main - INFO - 1 change detected
2026-03-15 03:49:58 - watchfiles.main - INFO - 1 change detected
2026-03-15 03:49:58 - watchfiles.main - INFO - 1 change detected
2026-03-15 03:49:58 - watchfiles.main - INFO - 1 change detected
2026-03-15 03:49:59 - watchfiles.main - INFO - 1 change detected
2026-03-15 03:49:59 - watchfiles.main - INFO - 1 change detected
2026-03-15 03:50:00 - watchfiles.main - INFO - 1 change detected
2026-03-15 03:50:00 - watchfiles.main - INFO - 1 change detected
2026-03-15 03:50:00 - watchfiles.main - INFO - 1 change detected
2026-03-15 03:50:01 - watchfiles.main - INFO - 1 change detected
2026-03-15 03:50:01 - watchfiles.main - INFO - 1 change detected
2026-03-15 03:50:02 - watchfiles.main - INFO - 1 change detected
2026-03-15 03:50:02 - watchfiles.main - INFO - 1 change detected
2026-03-15 03:50:02 - watchfiles.main - INFO - 1 change detected
2026-03-15 03:50:03 - watchfiles.main - INFO - 1 change detected
2026-03-15 03:50:03 - watchfiles.main - INFO - 1 change detected
2026-03-15 03:50:03 - watchfiles.main - INFO - 1 change detected
2026-03-15 03:50:04 - watchfiles.main - INFO - 1 change detected
2026-03-15 03:50:04 - watchfiles.main - INFO - 1 change detected
2026-03-15 03:50:04 - watchfiles.main - INFO - 1 change detected
2026-03-15 03:50:05 - watchfiles.main - INFO - 1 change detected
2026-03-15 03:50:05 - watchfiles.main - INFO - 1 change detected
2026-03-15 03:50:06 - watchfiles.main - INFO - 1 change detected
2026-03-15 03:50:06 - watchfiles.main - INFO - 1 change detected
2026-03-15 03:50:06 - watchfiles.main - INFO - 1 change detected
2026-03-15 03:50:07 - watchfiles.main - INFO - 1 change detected
2026-03-15 03:50:07 - watchfiles.main - INFO - 1 change detected
2026-03-15 03:50:07 - watchfiles.main - INFO - 1 change detected
2026-03-15 03:50:08 - watchfiles.main - INFO - 1 change detected
2026-03-15 03:50:08 - watchfiles.main - INFO - 1 change detected
2026-03-15 03:50:09 - watchfiles.main - INFO - 1 change detected
2026-03-15 03:50:09 - watchfiles.main - INFO - 1 change detected
2026-03-15 03:50:09 - watchfiles.main - INFO - 1 change detected
2026-03-15 03:50:10 - watchfiles.main - INFO - 1 change detected
2026-03-15 03:50:10 - watchfiles.main - INFO - 1 change detected
2026-03-15 03:50:10 - watchfiles.main - INFO - 1 change detected
2026-03-15 03:50:11 - watchfiles.main - INFO - 1 change detected
2026-03-15 03:50:11 - watchfiles.main - INFO - 1 change detected
2026-03-15 03:50:12 - watchfiles.main - INFO - 1 change detected
2026-03-15 03:50:12 - watchfiles.main - INFO - 1 change detected
2026-03-15 03:50:12 - watchfiles.main - INFO - 1 change detected
2026-03-15 03:50:13 - watchfiles.main - INFO - 1 change detected
2026-03-15 03:50:13 - watchfiles.main - INFO - 1 change detected
2026-03-15 03:50:13 - watchfiles.main - INFO - 1 change detected
2026-03-15 03:50:14 - watchfiles.main - INFO - 1 change detected
2026-03-15 03:50:14 - watchfiles.main - INFO - 1 change detected
2026-03-15 03:50:15 - watchfiles.main - INFO - 1 change detected
2026-03-15 03:50:15 - watchfiles.main - INFO - 1 change detected
2026-03-15 03:50:15 - watchfiles.main - INFO - 1 change detected
2026-03-15 03:50:16 - watchfiles.main - INFO - 1 change detected
2026-03-15 03:50:16 - watchfiles.main - INFO - 1 change detected
2026-03-15 03:50:16 - watchfiles.main - INFO - 1 change detected
2026-03-15 03:50:17 - watchfiles.main - INFO - 1 change detected
2026-03-15 03:50:17 - watchfiles.main - INFO - 1 change detected
2026-03-15 03:50:18 - watchfiles.main - INFO - 1 change detected
2026-03-15 03:50:18 - watchfiles.main - INFO - 1 change detected
2026-03-15 03:50:18 - watchfiles.main - INFO - 1 change detected
2026-03-15 03:50:19 - watchfiles.main - INFO - 1 change detected
2026-03-15 03:50:19 - watchfiles.main - INFO - 1 change detected
2026-03-15 03:50:19 - watchfiles.main - INFO - 1 change detected
2026-03-15 03:50:20 - watchfiles.main - INFO - 1 change detected
2026-03-15 03:50:20 - watchfiles.main - INFO - 1 change detected
2026-03-15 03:50:20 - watchfiles.main - INFO - 1 change detected
2026-03-15 03:50:21 - watchfiles.main - INFO - 1 change detected
2026-03-15 03:50:21 - watchfiles.main - INFO - 1 change detected
2026-03-15 03:50:22 - watchfiles.main - INFO - 1 change detected
2026-03-15 03:50:22 - watchfiles.main - INFO - 1 change detected
2026-03-15 03:50:22 - watchfiles.main - INFO - 1 change detected
2026-03-15 03:50:23 - watchfiles.main - INFO - 1 change detected
2026-03-15 03:50:23 - watchfiles.main - INFO - 1 change detected
2026-03-15 03:50:23 - watchfiles.main - INFO - 1 change detected
2026-03-15 03:50:24 - watchfiles.main - INFO - 1 change detected
2026-03-15 03:50:24 - watchfiles.main - INFO - 1 change detected
2026-03-15 03:50:25 - watchfiles.main - INFO - 1 change detected
2026-03-15 03:50:25 - watchfiles.main - INFO - 1 change detected
2026-03-15 03:50:25 - watchfiles.main - INFO - 1 change detected
2026-03-15 03:50:26 - watchfiles.main - INFO - 1 change detected
2026-03-15 03:50:26 - watchfiles.main - INFO - 1 change detected
2026-03-15 03:50:26 - watchfiles.main - INFO - 1 change detected
2026-03-15 03:50:27 - watchfiles.main - INFO - 1 change detected
2026-03-15 03:50:27 - watchfiles.main - INFO - 1 change detected
2026-03-15 03:50:28 - watchfiles.main - INFO - 1 change detected
2026-03-15 03:50:28 - watchfiles.main - INFO - 1 change detected
2026-03-15 03:50:28 - watchfiles.main - INFO - 1 change detected
2026-03-15 03:50:29 - watchfiles.main - INFO - 1 change detected
2026-03-15 03:50:29 - watchfiles.main - INFO - 1 change detected
2026-03-15 03:50:29 - watchfiles.main - INFO - 1 change detected
2026-03-15 03:50:30 - watchfiles.main - INFO - 1 change detected
2026-03-15 03:50:30 - watchfiles.main - INFO - 1 change detected
2026-03-15 03:50:31 - watchfiles.main - INFO - 1 change detected
2026-03-15 03:50:31 - watchfiles.main - INFO - 1 change detected
2026-03-15 03:50:31 - watchfiles.main - INFO - 1 change detected
2026-03-15 03:50:32 - watchfiles.main - INFO - 1 change detected
2026-03-15 03:50:32 - watchfiles.main - INFO - 1 change detected
2026-03-15 03:50:32 - watchfiles.main - INFO - 1 change detected
2026-03-15 03:50:33 - watchfiles.main - INFO - 1 change detected
2026-03-15 03:50:33 - watchfiles.main - INFO - 1 change detected
2026-03-15 03:50:34 - watchfiles.main - INFO - 1 change detected
2026-03-15 03:50:34 - watchfiles.main - INFO - 1 change detected
2026-03-15 03:50:34 - watchfiles.main - INFO - 1 change detected
2026-03-15 03:50:35 - watchfiles.main - INFO - 1 change detected
2026-03-15 03:50:35 - watchfiles.main - INFO - 1 change detected
2026-03-15 03:50:35 - watchfiles.main - INFO - 1 change detected
2026-03-15 03:50:36 - watchfiles.main - INFO - 1 change detected
2026-03-15 03:50:36 - watchfiles.main - INFO - 1 change detected
2026-03-15 03:50:37 - watchfiles.main - INFO - 1 change detected
2026-03-15 03:50:37 - watchfiles.main - INFO - 1 change detected
2026-03-15 03:50:37 - watchfiles.main - INFO - 1 change detected
2026-03-15 03:50:38 - watchfiles.main - INFO - 1 change detected
2026-03-15 03:50:38 - watchfiles.main - INFO - 1 change detected
2026-03-15 03:50:38 - watchfiles.main - INFO - 1 change detected
2026-03-15 03:50:39 - watchfiles.main - INFO - 1 change detected
2026-03-15 03:50:39 - watchfiles.main - INFO - 1 change detected
2026-03-15 03:50:40 - watchfiles.main - INFO - 1 change detected
2026-03-15 03:50:40 - watchfiles.main - INFO - 1 change detected
2026-03-15 03:50:40 - watchfiles.main - INFO - 1 change detected
2026-03-15 03:50:41 - watchfiles.main - INFO - 1 change detected
2026-03-15 03:50:41 - watchfiles.main - INFO - 1 change detected
2026-03-15 03:50:41 - watchfiles.main - INFO - 1 change detected
2026-03-15 03:50:42 - watchfiles.main - INFO - 1 change detected
2026-03-15 03:50:42 - watchfiles.main - INFO - 1 change detected
2026-03-15 03:50:43 - watchfiles.main - INFO - 1 change detected
2026-03-15 03:50:43 - watchfiles.main - INFO - 1 change detected
2026-03-15 03:50:43 - watchfiles.main - INFO - 1 change detected
2026-03-15 03:50:44 - watchfiles.main - INFO - 1 change detected
2026-03-15 03:50:44 - watchfiles.main - INFO - 1 change detected
2026-03-15 03:50:45 - watchfiles.main - INFO - 1 change detected
2026-03-15 03:50:45 - watchfiles.main - INFO - 1 change detected
2026-03-15 03:50:45 - watchfiles.main - INFO - 1 change detected
2026-03-15 03:50:46 - watchfiles.main - INFO - 1 change detected
2026-03-15 03:50:46 - watchfiles.main - INFO - 1 change detected
2026-03-15 03:50:46 - watchfiles.main - INFO - 1 change detected
2026-03-15 03:50:47 - watchfiles.main - INFO - 1 change detected
2026-03-15 03:50:47 - watchfiles.main - INFO - 1 change detected
2026-03-15 03:50:48 - watchfiles.main - INFO - 1 change detected
2026-03-15 03:50:48 - watchfiles.main - INFO - 1 change detected
2026-03-15 03:50:48 - watchfiles.main - INFO - 1 change detected
2026-03-15 03:50:49 - watchfiles.main - INFO - 1 change detected
2026-03-15 03:50:49 - watchfiles.main - INFO - 1 change detected
2026-03-15 03:50:49 - watchfiles.main - INFO - 1 change detected
2026-03-15 03:50:50 - watchfiles.main - INFO - 1 change detected
2026-03-15 03:50:50 - watchfiles.main - INFO - 1 change detected
2026-03-15 03:50:51 - watchfiles.main - INFO - 1 change detected
2026-03-15 03:50:51 - watchfiles.main - INFO - 1 change detected
2026-03-15 03:50:51 - watchfiles.main - INFO - 1 change detected
2026-03-15 03:50:52 - watchfiles.main - INFO - 1 change detected
2026-03-15 03:50:52 - watchfiles.main - INFO - 1 change detected
2026-03-15 03:50:52 - watchfiles.main - INFO - 1 change detected
2026-03-15 03:50:53 - watchfiles.main - INFO - 1 change detected
2026-03-15 03:50:53 - watchfiles.main - INFO - 1 change detected
2026-03-15 03:50:54 - watchfiles.main - INFO - 1 change detected
2026-03-15 03:50:54 - watchfiles.main - INFO - 1 change detected
2026-03-15 03:50:54 - watchfiles.main - INFO - 1 change detected
2026-03-15 03:50:55 - watchfiles.main - INFO - 1 change detected
2026-03-15 03:50:55 - watchfiles.main - INFO - 1 change detected
2026-03-15 03:50:55 - watchfiles.main - INFO - 1 change detected
2026-03-15 03:50:56 - watchfiles.main - INFO - 1 change detected
2026-03-15 03:50:56 - watchfiles.main - INFO - 1 change detected
2026-03-15 03:50:57 - watchfiles.main - INFO - 1 change detected
2026-03-15 03:50:57 - watchfiles.main - INFO - 1 change detected
2026-03-15 03:50:57 - watchfiles.main - INFO - 1 change detected
2026-03-15 03:50:58 - watchfiles.main - INFO - 1 change detected
2026-03-15 03:50:58 - watchfiles.main - INFO - 1 change detected
2026-03-15 03:50:58 - watchfiles.main - INFO - 1 change detected
2026-03-15 03:50:59 - watchfiles.main - INFO - 1 change detected
2026-03-15 03:50:59 - watchfiles.main - INFO - 1 change detected
2026-03-15 03:51:00 - watchfiles.main - INFO - 1 change detected
2026-03-15 03:51:00 - watchfiles.main - INFO - 1 change detected
2026-03-15 03:51:00 - watchfiles.main - INFO - 1 change detected
2026-03-15 03:51:01 - watchfiles.main - INFO - 1 change detected
2026-03-15 03:51:01 - watchfiles.main - INFO - 1 change detected
2026-03-15 03:51:01 - watchfiles.main - INFO - 1 change detected
2026-03-15 03:51:02 - watchfiles.main - INFO - 1 change detected
2026-03-15 03:51:02 - watchfiles.main - INFO - 1 change detected
2026-03-15 03:51:03 - watchfiles.main - INFO - 1 change detected
2026-03-15 03:51:03 - watchfiles.main - INFO - 1 change detected
2026-03-15 03:51:03 - watchfiles.main - INFO - 1 change detected
2026-03-15 03:51:04 - watchfiles.main - INFO - 1 change detected
2026-03-15 03:51:04 - watchfiles.main - INFO - 1 change detected
2026-03-15 03:51:04 - watchfiles.main - INFO - 1 change detected
2026-03-15 03:51:05 - watchfiles.main - INFO - 1 change detected
2026-03-15 03:51:05 - watchfiles.main - INFO - 1 change detected
2026-03-15 03:51:06 - watchfiles.main - INFO - 1 change detected
2026-03-15 03:51:06 - watchfiles.main - INFO - 1 change detected
2026-03-15 03:51:06 - watchfiles.main - INFO - 1 change detected
2026-03-15 03:51:07 - watchfiles.main - INFO - 1 change detected
2026-03-15 03:51:07 - watchfiles.main - INFO - 1 change detected
2026-03-15 03:51:08 - watchfiles.main - INFO - 1 change detected
2026-03-15 03:51:08 - watchfiles.main - INFO - 1 change detected
2026-03-15 03:51:08 - watchfiles.main - INFO - 1 change detected
2026-03-15 03:51:09 - watchfiles.main - INFO - 1 change detected
2026-03-15 03:51:09 - watchfiles.main - INFO - 1 change detected
2026-03-15 03:51:09 - watchfiles.main - INFO - 1 change detected
2026-03-15 03:51:10 - watchfiles.main - INFO - 1 change detected
2026-03-15 03:51:10 - watchfiles.main - INFO - 1 change detected
2026-03-15 03:51:10 - watchfiles.main - INFO - 1 change detected
2026-03-15 03:51:11 - watchfiles.main - INFO - 1 change detected
2026-03-15 03:51:11 - watchfiles.main - INFO - 1 change detected
2026-03-15 03:51:12 - watchfiles.main - INFO - 1 change detected
2026-03-15 03:51:12 - watchfiles.main - INFO - 1 change detected
2026-03-15 03:51:12 - watchfiles.main - INFO - 1 change detected
2026-03-15 03:51:13 - watchfiles.main - INFO - 1 change detected
2026-03-15 03:51:13 - watchfiles.main - INFO - 1 change detected
2026-03-15 03:51:13 - watchfiles.main - INFO - 1 change detected
2026-03-15 03:51:14 - watchfiles.main - INFO - 1 change detected
2026-03-15 03:51:14 - watchfiles.main - INFO - 1 change detected
2026-03-15 03:51:15 - watchfiles.main - INFO - 1 change detected
2026-03-15 03:51:15 - watchfiles.main - INFO - 1 change detected
2026-03-15 03:51:15 - watchfiles.main - INFO - 1 change detected
2026-03-15 03:51:16 - watchfiles.main - INFO - 1 change detected
2026-03-15 03:51:16 - watchfiles.main - INFO - 1 change detected
2026-03-15 03:51:16 - watchfiles.main - INFO - 1 change detected
2026-03-15 03:51:17 - watchfiles.main - INFO - 1 change detected
2026-03-15 03:51:17 - watchfiles.main - INFO - 1 change detected
2026-03-15 03:51:18 - watchfiles.main - INFO - 1 change detected
2026-03-15 03:51:18 - watchfiles.main - INFO - 1 change detected
2026-03-15 03:51:18 - watchfiles.main - INFO - 1 change detected
2026-03-15 03:51:19 - watchfiles.main - INFO - 1 change detected
2026-03-15 03:51:19 - watchfiles.main - INFO - 1 change detected
2026-03-15 03:51:20 - watchfiles.main - INFO - 1 change detected
2026-03-15 03:51:20 - watchfiles.main - INFO - 1 change detected
2026-03-15 03:51:20 - watchfiles.main - INFO - 1 change detected
2026-03-15 03:51:21 - watchfiles.main - INFO - 1 change detected
2026-03-15 03:51:21 - watchfiles.main - INFO - 1 change detected
2026-03-15 03:51:21 - watchfiles.main - INFO - 1 change detected
2026-03-15 03:51:22 - watchfiles.main - INFO - 1 change detected
2026-03-15 03:51:22 - watchfiles.main - INFO - 1 change detected
2026-03-15 03:51:23 - watchfiles.main - INFO - 1 change detected
2026-03-15 03:51:23 - watchfiles.main - INFO - 1 change detected
2026-03-15 03:51:23 - watchfiles.main - INFO - 1 change detected
2026-03-15 03:51:24 - watchfiles.main - INFO - 1 change detected
2026-03-15 03:51:24 - watchfiles.main - INFO - 1 change detected
2026-03-15 03:51:24 - watchfiles.main - INFO - 1 change detected
2026-03-15 03:51:25 - watchfiles.main - INFO - 1 change detected
2026-03-15 03:51:25 - watchfiles.main - INFO - 1 change detected
2026-03-15 03:51:25 - watchfiles.main - INFO - 1 change detected
2026-03-15 03:51:26 - watchfiles.main - INFO - 1 change detected
2026-03-15 03:51:26 - watchfiles.main - INFO - 1 change detected
2026-03-15 03:51:27 - watchfiles.main - INFO - 1 change detected
2026-03-15 03:51:27 - watchfiles.main - INFO - 1 change detected
2026-03-15 03:51:27 - watchfiles.main - INFO - 1 change detected
2026-03-15 03:51:28 - watchfiles.main - INFO - 1 change detected
2026-03-15 03:51:28 - watchfiles.main - INFO - 1 change detected
2026-03-15 03:51:28 - watchfiles.main - INFO - 1 change detected
2026-03-15 03:51:29 - watchfiles.main - INFO - 1 change detected
2026-03-15 03:51:29 - watchfiles.main - INFO - 1 change detected
2026-03-15 03:51:30 - watchfiles.main - INFO - 1 change detected
2026-03-15 03:51:30 - watchfiles.main - INFO - 1 change detected
2026-03-15 03:51:30 - watchfiles.main - INFO - 1 change detected
2026-03-15 03:51:31 - watchfiles.main - INFO - 1 change detected
2026-03-15 03:51:31 - watchfiles.main - INFO - 1 change detected
2026-03-15 03:51:31 - watchfiles.main - INFO - 1 change detected
2026-03-15 03:51:32 - watchfiles.main - INFO - 1 change detected
2026-03-15 03:51:32 - watchfiles.main - INFO - 1 change detected
2026-03-15 03:51:32 - watchfiles.main - INFO - 1 change detected
2026-03-15 03:51:33 - watchfiles.main - INFO - 1 change detected
2026-03-15 03:51:33 - watchfiles.main - INFO - 1 change detected
2026-03-15 03:51:34 - watchfiles.main - INFO - 1 change detected
2026-03-15 03:51:34 - watchfiles.main - INFO - 1 change detected
2026-03-15 03:51:34 - watchfiles.main - INFO - 1 change detected
2026-03-15 03:51:35 - watchfiles.main - INFO - 1 change detected
2026-03-15 03:51:35 - watchfiles.main - INFO - 1 change detected
2026-03-15 03:51:36 - watchfiles.main - INFO - 1 change detected
2026-03-15 03:51:36 - watchfiles.main - INFO - 1 change detected
2026-03-15 03:51:36 - watchfiles.main - INFO - 1 change detected
2026-03-15 03:51:37 - watchfiles.main - INFO - 1 change detected
2026-03-15 03:51:37 - watchfiles.main - INFO - 1 change detected
2026-03-15 03:51:37 - watchfiles.main - INFO - 1 change detected
2026-03-15 03:51:38 - watchfiles.main - INFO - 1 change detected
2026-03-15 03:51:38 - watchfiles.main - INFO - 1 change detected
2026-03-15 03:51:38 - watchfiles.main - INFO - 1 change detected
2026-03-15 03:51:39 - watchfiles.main - INFO - 1 change detected
2026-03-15 03:51:39 - watchfiles.main - INFO - 1 change detected
2026-03-15 03:51:39 - watchfiles.main - INFO - 1 change detected
2026-03-15 03:51:40 - watchfiles.main - INFO - 1 change detected
2026-03-15 03:51:40 - watchfiles.main - INFO - 1 change detected
2026-03-15 03:51:41 - watchfiles.main - INFO - 1 change detected
2026-03-15 03:51:41 - watchfiles.main - INFO - 1 change detected
2026-03-15 03:51:41 - watchfiles.main - INFO - 1 change detected
2026-03-15 03:51:42 - watchfiles.main - INFO - 1 change detected
2026-03-15 03:51:42 - watchfiles.main - INFO - 1 change detected
2026-03-15 03:51:43 - watchfiles.main - INFO - 1 change detected
2026-03-15 03:51:43 - watchfiles.main - INFO - 1 change detected
2026-03-15 03:51:43 - watchfiles.main - INFO - 1 change detected
2026-03-15 03:51:44 - watchfiles.main - INFO - 1 change detected
2026-03-15 03:51:44 - watchfiles.main - INFO - 1 change detected
2026-03-15 03:51:44 - watchfiles.main - INFO - 1 change detected
2026-03-15 03:51:45 - watchfiles.main - INFO - 1 change detected
2026-03-15 03:51:45 - watchfiles.main - INFO - 1 change detected
2026-03-15 03:51:46 - watchfiles.main - INFO - 1 change detected
2026-03-15 03:51:46 - watchfiles.main - INFO - 1 change detected
2026-03-15 03:51:46 - watchfiles.main - INFO - 1 change detected
2026-03-15 03:51:47 - watchfiles.main - INFO - 1 change detected
2026-03-15 03:51:47 - watchfiles.main - INFO - 1 change detected
2026-03-15 03:51:47 - watchfiles.main - INFO - 1 change detected
2026-03-15 03:51:48 - watchfiles.main - INFO - 1 change detected
2026-03-15 03:51:48 - watchfiles.main - INFO - 1 change detected
2026-03-15 03:51:49 - watchfiles.main - INFO - 1 change detected
2026-03-15 03:51:49 - watchfiles.main - INFO - 1 change detected
2026-03-15 03:51:49 - watchfiles.main - INFO - 1 change detected
2026-03-15 03:51:50 - watchfiles.main - INFO - 1 change detected
2026-03-15 03:51:50 - watchfiles.main - INFO - 1 change detected
2026-03-15 03:51:50 - watchfiles.main - INFO - 1 change detected
2026-03-15 03:51:51 - watchfiles.main - INFO - 1 change detected
2026-03-15 03:51:51 - watchfiles.main - INFO - 1 change detected
2026-03-15 03:51:51 - watchfiles.main - INFO - 1 change detected
2026-03-15 03:51:52 - watchfiles.main - INFO - 1 change detected
2026-03-15 03:51:52 - watchfiles.main - INFO - 1 change detected
2026-03-15 03:51:53 - watchfiles.main - INFO - 1 change detected
2026-03-15 03:51:53 - watchfiles.main - INFO - 1 change detected
2026-03-15 03:51:53 - watchfiles.main - INFO - 1 change detected
2026-03-15 03:51:54 - watchfiles.main - INFO - 1 change detected
2026-03-15 03:51:54 - watchfiles.main - INFO - 1 change detected
2026-03-15 03:51:54 - watchfiles.main - INFO - 1 change detected
2026-03-15 03:51:55 - watchfiles.main - INFO - 1 change detected
2026-03-15 03:51:55 - watchfiles.main - INFO - 1 change detected
2026-03-15 03:51:56 - watchfiles.main - INFO - 1 change detected
2026-03-15 03:51:56 - watchfiles.main - INFO - 1 change detected
2026-03-15 03:51:56 - watchfiles.main - INFO - 1 change detected
2026-03-15 03:51:57 - watchfiles.main - INFO - 1 change detected
2026-03-15 03:51:57 - watchfiles.main - INFO - 1 change detected
2026-03-15 03:51:57 - watchfiles.main - INFO - 1 change detected
2026-03-15 03:51:58 - watchfiles.main - INFO - 1 change detected
2026-03-15 03:51:58 - watchfiles.main - INFO - 1 change detected
2026-03-15 03:51:59 - watchfiles.main - INFO - 1 change detected
2026-03-15 03:51:59 - watchfiles.main - INFO - 1 change detected
2026-03-15 03:51:59 - watchfiles.main - INFO - 1 change detected
2026-03-15 03:52:00 - watchfiles.main - INFO - 1 change detected
2026-03-15 03:52:00 - watchfiles.main - INFO - 1 change detected
2026-03-15 03:52:00 - watchfiles.main - INFO - 1 change detected
2026-03-15 03:52:01 - watchfiles.main - INFO - 1 change detected
2026-03-15 03:52:01 - watchfiles.main - INFO - 1 change detected
2026-03-15 03:52:02 - watchfiles.main - INFO - 1 change detected
2026-03-15 03:52:02 - watchfiles.main - INFO - 1 change detected
2026-03-15 03:52:02 - watchfiles.main - INFO - 1 change detected
2026-03-15 03:52:03 - watchfiles.main - INFO - 1 change detected
2026-03-15 03:52:03 - watchfiles.main - INFO - 1 change detected
2026-03-15 03:52:03 - watchfiles.main - INFO - 1 change detected
2026-03-15 03:52:04 - watchfiles.main - INFO - 1 change detected
2026-03-15 03:52:04 - watchfiles.main - INFO - 1 change detected
2026-03-15 03:52:05 - watchfiles.main - INFO - 1 change detected
2026-03-15 03:52:05 - watchfiles.main - INFO - 1 change detected
2026-03-15 03:52:05 - watchfiles.main - INFO - 1 change detected
2026-03-15 03:52:06 - watchfiles.main - INFO - 1 change detected
2026-03-15 03:52:06 - watchfiles.main - INFO - 1 change detected
2026-03-15 03:52:06 - watchfiles.main - INFO - 1 change detected
2026-03-15 03:52:07 - watchfiles.main - INFO - 1 change detected
2026-03-15 03:52:07 - watchfiles.main - INFO - 1 change detected
2026-03-15 03:52:08 - watchfiles.main - INFO - 1 change detected
2026-03-15 03:52:08 - watchfiles.main - INFO - 1 change detected
2026-03-15 03:52:08 - watchfiles.main - INFO - 1 change detected
2026-03-15 03:52:09 - watchfiles.main - INFO - 1 change detected
2026-03-15 03:52:09 - watchfiles.main - INFO - 1 change detected
2026-03-15 03:52:09 - watchfiles.main - INFO - 1 change detected
2026-03-15 03:52:10 - watchfiles.main - INFO - 1 change detected
2026-03-15 03:52:10 - watchfiles.main - INFO - 1 change detected
2026-03-15 03:52:11 - watchfiles.main - INFO - 1 change detected
2026-03-15 03:52:11 - watchfiles.main - INFO - 1 change detected
2026-03-15 03:52:11 - watchfiles.main - INFO - 1 change detected
2026-03-15 03:52:12 - watchfiles.main - INFO - 1 change detected
2026-03-15 03:52:12 - watchfiles.main - INFO - 1 change detected
2026-03-15 03:52:12 - watchfiles.main - INFO - 1 change detected
2026-03-15 03:52:13 - watchfiles.main - INFO - 1 change detected
2026-03-15 03:52:13 - watchfiles.main - INFO - 1 change detected
2026-03-15 03:52:13 - watchfiles.main - INFO - 1 change detected
2026-03-15 03:52:14 - watchfiles.main - INFO - 1 change detected
2026-03-15 03:52:14 - watchfiles.main - INFO - 1 change detected
2026-03-15 03:52:15 - watchfiles.main - INFO - 1 change detected
2026-03-15 03:52:15 - watchfiles.main - INFO - 1 change detected
2026-03-15 03:52:15 - watchfiles.main - INFO - 1 change detected
2026-03-15 03:52:16 - watchfiles.main - INFO - 1 change detected
2026-03-15 03:52:16 - watchfiles.main - INFO - 1 change detected
2026-03-15 03:52:16 - watchfiles.main - INFO - 1 change detected
2026-03-15 03:52:17 - watchfiles.main - INFO - 1 change detected
2026-03-15 03:52:17 - watchfiles.main - INFO - 1 change detected
2026-03-15 03:52:18 - watchfiles.main - INFO - 1 change detected
2026-03-15 03:52:18 - watchfiles.main - INFO - 1 change detected
2026-03-15 03:52:18 - watchfiles.main - INFO - 1 change detected
2026-03-15 03:52:19 - watchfiles.main - INFO - 1 change detected
2026-03-15 03:52:19 - watchfiles.main - INFO - 1 change detected
2026-03-15 03:52:19 - watchfiles.main - INFO - 1 change detected
2026-03-15 03:52:20 - watchfiles.main - INFO - 1 change detected
2026-03-15 03:52:20 - watchfiles.main - INFO - 1 change detected
2026-03-15 03:52:21 - watchfiles.main - INFO - 1 change detected
2026-03-15 03:52:21 - watchfiles.main - INFO - 1 change detected
2026-03-15 03:52:21 - watchfiles.main - INFO - 1 change detected
2026-03-15 03:52:22 - watchfiles.main - INFO - 1 change detected
2026-03-15 03:52:22 - watchfiles.main - INFO - 1 change detected
2026-03-15 03:52:22 - watchfiles.main - INFO - 1 change detected
2026-03-15 03:52:23 - watchfiles.main - INFO - 1 change detected
2026-03-15 03:52:23 - watchfiles.main - INFO - 1 change detected
2026-03-15 03:52:24 - watchfiles.main - INFO - 1 change detected
2026-03-15 03:52:24 - watchfiles.main - INFO - 1 change detected
2026-03-15 03:52:24 - watchfiles.main - INFO - 1 change detected
2026-03-15 03:52:25 - watchfiles.main - INFO - 1 change detected
2026-03-15 03:52:25 - watchfiles.main - INFO - 1 change detected
2026-03-15 03:52:25 - watchfiles.main - INFO - 1 change detected
2026-03-15 03:52:26 - watchfiles.main - INFO - 1 change detected
2026-03-15 03:52:26 - watchfiles.main - INFO - 1 change detected
2026-03-15 03:52:27 - watchfiles.main - INFO - 1 change detected
2026-03-15 03:52:27 - watchfiles.main - INFO - 1 change detected
2026-03-15 03:52:27 - watchfiles.main - INFO - 1 change detected
2026-03-15 03:52:28 - watchfiles.main - INFO - 1 change detected
2026-03-15 03:52:28 - watchfiles.main - INFO - 1 change detected
2026-03-15 03:52:28 - watchfiles.main - INFO - 1 change detected
2026-03-15 03:52:29 - watchfiles.main - INFO - 1 change detected
2026-03-15 03:52:29 - watchfiles.main - INFO - 1 change detected
2026-03-15 03:52:30 - watchfiles.main - INFO - 1 change detected
2026-03-15 03:52:30 - watchfiles.main - INFO - 1 change detected
2026-03-15 03:52:30 - watchfiles.main - INFO - 1 change detected
2026-03-15 03:52:31 - watchfiles.main - INFO - 1 change detected
2026-03-15 03:52:31 - watchfiles.main - INFO - 1 change detected
2026-03-15 03:52:31 - watchfiles.main - INFO - 1 change detected
2026-03-15 03:52:32 - watchfiles.main - INFO - 1 change detected
2026-03-15 03:52:32 - watchfiles.main - INFO - 1 change detected
2026-03-15 03:52:32 - watchfiles.main - INFO - 1 change detected
2026-03-15 03:52:33 - watchfiles.main - INFO - 1 change detected
2026-03-15 03:52:33 - watchfiles.main - INFO - 1 change detected
2026-03-15 03:52:34 - watchfiles.main - INFO - 1 change detected
2026-03-15 03:52:34 - watchfiles.main - INFO - 1 change detected
2026-03-15 03:52:34 - watchfiles.main - INFO - 1 change detected
2026-03-15 03:52:35 - watchfiles.main - INFO - 1 change detected
2026-03-15 03:52:35 - watchfiles.main - INFO - 1 change detected
2026-03-15 03:52:36 - watchfiles.main - INFO - 1 change detected
2026-03-15 03:52:36 - watchfiles.main - INFO - 1 change detected
2026-03-15 03:52:36 - watchfiles.main - INFO - 1 change detected
2026-03-15 03:52:37 - watchfiles.main - INFO - 1 change detected
2026-03-15 03:52:37 - watchfiles.main - INFO - 1 change detected
2026-03-15 03:52:37 - watchfiles.main - INFO - 1 change detected
2026-03-15 03:52:38 - watchfiles.main - INFO - 1 change detected
2026-03-15 03:52:38 - watchfiles.main - INFO - 1 change detected
2026-03-15 03:52:39 - watchfiles.main - INFO - 1 change detected
2026-03-15 03:52:39 - watchfiles.main - INFO - 1 change detected
2026-03-15 03:52:39 - watchfiles.main - INFO - 1 change detected
2026-03-15 03:52:40 - watchfiles.main - INFO - 1 change detected
2026-03-15 03:52:40 - watchfiles.main - INFO - 1 change detected
2026-03-15 03:52:41 - watchfiles.main - INFO - 1 change detected
2026-03-15 03:52:41 - watchfiles.main - INFO - 1 change detected
2026-03-15 03:52:41 - watchfiles.main - INFO - 1 change detected
2026-03-15 03:52:42 - watchfiles.main - INFO - 1 change detected
2026-03-15 03:52:42 - watchfiles.main - INFO - 1 change detected
2026-03-15 03:52:42 - watchfiles.main - INFO - 1 change detected
2026-03-15 03:52:43 - watchfiles.main - INFO - 1 change detected
2026-03-15 03:52:43 - watchfiles.main - INFO - 1 change detected
2026-03-15 03:52:44 - watchfiles.main - INFO - 1 change detected
2026-03-15 03:52:44 - watchfiles.main - INFO - 1 change detected
2026-03-15 03:52:44 - watchfiles.main - INFO - 1 change detected
2026-03-15 03:52:45 - watchfiles.main - INFO - 1 change detected
2026-03-15 03:52:45 - watchfiles.main - INFO - 1 change detected
2026-03-15 03:52:46 - watchfiles.main - INFO - 1 change detected
2026-03-15 03:52:46 - watchfiles.main - INFO - 1 change detected
2026-03-15 03:52:46 - watchfiles.main - INFO - 1 change detected
2026-03-15 03:52:47 - watchfiles.main - INFO - 1 change detected
2026-03-15 03:52:47 - watchfiles.main - INFO - 1 change detected
2026-03-15 03:52:48 - watchfiles.main - INFO - 1 change detected
2026-03-15 03:52:48 - watchfiles.main - INFO - 1 change detected
2026-03-15 03:52:48 - watchfiles.main - INFO - 1 change detected
2026-03-15 03:52:49 - watchfiles.main - INFO - 1 change detected
2026-03-15 03:52:49 - watchfiles.main - INFO - 1 change detected
2026-03-15 03:52:49 - watchfiles.main - INFO - 1 change detected
2026-03-15 03:52:50 - watchfiles.main - INFO - 1 change detected
2026-03-15 03:52:50 - watchfiles.main - INFO - 1 change detected
2026-03-15 03:52:51 - watchfiles.main - INFO - 1 change detected
2026-03-15 03:52:51 - watchfiles.main - INFO - 1 change detected
2026-03-15 03:52:51 - watchfiles.main - INFO - 1 change detected
2026-03-15 03:52:52 - watchfiles.main - INFO - 1 change detected
2026-03-15 03:52:52 - watchfiles.main - INFO - 1 change detected
2026-03-15 03:52:52 - watchfiles.main - INFO - 1 change detected
2026-03-15 03:52:53 - watchfiles.main - INFO - 1 change detected
2026-03-15 03:52:53 - watchfiles.main - INFO - 1 change detected
2026-03-15 03:52:53 - watchfiles.main - INFO - 1 change detected
2026-03-15 03:52:54 - watchfiles.main - INFO - 1 change detected
2026-03-15 03:52:54 - watchfiles.main - INFO - 1 change detected
2026-03-15 03:52:55 - watchfiles.main - INFO - 1 change detected
2026-03-15 03:52:55 - watchfiles.main - INFO - 1 change detected
2026-03-15 03:52:55 - watchfiles.main - INFO - 1 change detected
2026-03-15 03:52:56 - watchfiles.main - INFO - 1 change detected
2026-03-15 03:52:56 - watchfiles.main - INFO - 1 change detected
2026-03-15 03:52:56 - watchfiles.main - INFO - 1 change detected
2026-03-15 03:52:57 - watchfiles.main - INFO - 1 change detected
2026-03-15 03:52:57 - watchfiles.main - INFO - 1 change detected
2026-03-15 03:52:58 - watchfiles.main - INFO - 1 change detected
2026-03-15 03:52:58 - watchfiles.main - INFO - 1 change detected
2026-03-15 03:52:58 - watchfiles.main - INFO - 1 change detected
2026-03-15 03:52:59 - watchfiles.main - INFO - 1 change detected
2026-03-15 03:52:59 - watchfiles.main - INFO - 1 change detected
2026-03-15 03:52:59 - watchfiles.main - INFO - 1 change detected
2026-03-15 03:53:00 - watchfiles.main - INFO - 1 change detected
2026-03-15 03:53:00 - watchfiles.main - INFO - 1 change detected
2026-03-15 03:53:01 - watchfiles.main - INFO - 1 change detected
2026-03-15 03:53:01 - watchfiles.main - INFO - 1 change detected
2026-03-15 03:53:01 - watchfiles.main - INFO - 1 change detected
2026-03-15 03:53:02 - watchfiles.main - INFO - 1 change detected
2026-03-15 03:53:02 - watchfiles.main - INFO - 1 change detected
2026-03-15 03:53:03 - watchfiles.main - INFO - 1 change detected
2026-03-15 03:53:03 - watchfiles.main - INFO - 1 change detected
2026-03-15 03:53:03 - watchfiles.main - INFO - 1 change detected
2026-03-15 03:53:04 - watchfiles.main - INFO - 1 change detected
2026-03-15 03:53:04 - watchfiles.main - INFO - 1 change detected
2026-03-15 03:53:05 - watchfiles.main - INFO - 1 change detected
2026-03-15 03:53:05 - watchfiles.main - INFO - 1 change detected
2026-03-15 03:53:05 - watchfiles.main - INFO - 1 change detected
2026-03-15 03:53:06 - watchfiles.main - INFO - 1 change detected
2026-03-15 03:53:06 - watchfiles.main - INFO - 1 change detected
2026-03-15 03:53:06 - watchfiles.main - INFO - 1 change detected
2026-03-15 03:53:07 - watchfiles.main - INFO - 1 change detected
2026-03-15 03:53:07 - watchfiles.main - INFO - 1 change detected
2026-03-15 03:53:07 - watchfiles.main - INFO - 1 change detected
2026-03-15 03:53:08 - watchfiles.main - INFO - 1 change detected
2026-03-15 03:53:08 - watchfiles.main - INFO - 1 change detected
2026-03-15 03:53:09 - watchfiles.main - INFO - 1 change detected
2026-03-15 03:53:09 - watchfiles.main - INFO - 1 change detected
2026-03-15 03:53:09 - watchfiles.main - INFO - 1 change detected
2026-03-15 03:53:10 - watchfiles.main - INFO - 1 change detected
2026-03-15 03:53:10 - watchfiles.main - INFO - 1 change detected
2026-03-15 03:53:10 - watchfiles.main - INFO - 1 change detected
2026-03-15 03:53:11 - watchfiles.main - INFO - 1 change detected
2026-03-15 03:53:11 - watchfiles.main - INFO - 1 change detected
2026-03-15 03:53:12 - watchfiles.main - INFO - 1 change detected
2026-03-15 03:53:12 - watchfiles.main - INFO - 1 change detected
2026-03-15 03:53:13 - watchfiles.main - INFO - 1 change detected
2026-03-15 03:53:13 - watchfiles.main - INFO - 1 change detected
2026-03-15 03:53:13 - watchfiles.main - INFO - 1 change detected
2026-03-15 03:53:14 - watchfiles.main - INFO - 1 change detected
2026-03-15 03:53:14 - watchfiles.main - INFO - 1 change detected
2026-03-15 03:53:15 - watchfiles.main - INFO - 1 change detected
2026-03-15 03:53:15 - watchfiles.main - INFO - 1 change detected
2026-03-15 03:53:15 - watchfiles.main - INFO - 1 change detected
2026-03-15 03:53:16 - watchfiles.main - INFO - 1 change detected
2026-03-15 03:53:16 - watchfiles.main - INFO - 1 change detected
2026-03-15 03:53:17 - watchfiles.main - INFO - 1 change detected
2026-03-15 03:53:17 - watchfiles.main - INFO - 1 change detected
2026-03-15 03:53:17 - watchfiles.main - INFO - 1 change detected
2026-03-15 03:53:18 - watchfiles.main - INFO - 1 change detected
2026-03-15 03:53:18 - watchfiles.main - INFO - 1 change detected
2026-03-15 03:53:18 - watchfiles.main - INFO - 1 change detected
2026-03-15 03:53:19 - watchfiles.main - INFO - 1 change detected
2026-03-15 03:53:19 - watchfiles.main - INFO - 1 change detected
2026-03-15 03:53:20 - watchfiles.main - INFO - 1 change detected
2026-03-15 03:53:20 - watchfiles.main - INFO - 1 change detected
2026-03-15 03:53:20 - watchfiles.main - INFO - 1 change detected
2026-03-15 03:53:21 - watchfiles.main - INFO - 1 change detected
2026-03-15 03:53:21 - watchfiles.main - INFO - 1 change detected
2026-03-15 03:53:21 - watchfiles.main - INFO - 1 change detected
2026-03-15 03:53:22 - watchfiles.main - INFO - 1 change detected
2026-03-15 03:53:22 - watchfiles.main - INFO - 1 change detected
2026-03-15 03:53:23 - watchfiles.main - INFO - 1 change detected
2026-03-15 03:53:23 - watchfiles.main - INFO - 1 change detected
2026-03-15 03:53:23 - watchfiles.main - INFO - 1 change detected
2026-03-15 03:53:24 - watchfiles.main - INFO - 1 change detected
2026-03-15 03:53:24 - watchfiles.main - INFO - 1 change detected
2026-03-15 03:53:24 - watchfiles.main - INFO - 1 change detected
2026-03-15 03:53:25 - watchfiles.main - INFO - 1 change detected
2026-03-15 03:53:25 - watchfiles.main - INFO - 1 change detected
2026-03-15 03:53:26 - watchfiles.main - INFO - 1 change detected
2026-03-15 03:53:26 - watchfiles.main - INFO - 1 change detected
2026-03-15 03:53:26 - watchfiles.main - INFO - 1 change detected
2026-03-15 03:53:27 - watchfiles.main - INFO - 1 change detected
2026-03-15 03:53:27 - watchfiles.main - INFO - 1 change detected
2026-03-15 03:53:27 - watchfiles.main - INFO - 1 change detected
2026-03-15 03:53:28 - watchfiles.main - INFO - 1 change detected
2026-03-15 03:53:28 - watchfiles.main - INFO - 1 change detected
2026-03-15 03:53:28 - watchfiles.main - INFO - 1 change detected
2026-03-15 03:53:29 - watchfiles.main - INFO - 1 change detected
2026-03-15 03:53:29 - watchfiles.main - INFO - 1 change detected
2026-03-15 03:53:30 - watchfiles.main - INFO - 1 change detected
2026-03-15 03:53:30 - watchfiles.main - INFO - 1 change detected
2026-03-15 03:53:31 - watchfiles.main - INFO - 1 change detected
2026-03-15 03:53:31 - watchfiles.main - INFO - 1 change detected
2026-03-15 03:53:31 - watchfiles.main - INFO - 1 change detected
2026-03-15 03:53:32 - watchfiles.main - INFO - 1 change detected
2026-03-15 03:53:32 - watchfiles.main - INFO - 1 change detected
2026-03-15 03:53:32 - watchfiles.main - INFO - 1 change detected
2026-03-15 03:53:33 - watchfiles.main - INFO - 1 change detected
2026-03-15 03:53:33 - watchfiles.main - INFO - 1 change detected
2026-03-15 03:53:34 - watchfiles.main - INFO - 1 change detected
2026-03-15 03:53:34 - watchfiles.main - INFO - 1 change detected
2026-03-15 03:53:34 - watchfiles.main - INFO - 1 change detected
2026-03-15 03:53:35 - watchfiles.main - INFO - 1 change detected
2026-03-15 03:53:35 - watchfiles.main - INFO - 1 change detected
2026-03-15 03:53:35 - watchfiles.main - INFO - 1 change detected
2026-03-15 03:53:36 - watchfiles.main - INFO - 1 change detected
2026-03-15 03:53:36 - watchfiles.main - INFO - 1 change detected
2026-03-15 03:53:37 - watchfiles.main - INFO - 1 change detected
2026-03-15 03:53:37 - watchfiles.main - INFO - 1 change detected
2026-03-15 03:53:37 - watchfiles.main - INFO - 1 change detected
2026-03-15 03:53:38 - watchfiles.main - INFO - 1 change detected
2026-03-15 03:53:38 - watchfiles.main - INFO - 1 change detected
2026-03-15 03:53:38 - watchfiles.main - INFO - 1 change detected
2026-03-15 03:53:39 - watchfiles.main - INFO - 1 change detected
2026-03-15 03:53:39 - watchfiles.main - INFO - 1 change detected
2026-03-15 03:53:40 - watchfiles.main - INFO - 1 change detected
2026-03-15 03:53:40 - watchfiles.main - INFO - 1 change detected
2026-03-15 03:53:40 - watchfiles.main - INFO - 1 change detected
2026-03-15 03:53:41 - watchfiles.main - INFO - 1 change detected
2026-03-15 03:53:41 - watchfiles.main - INFO - 1 change detected
2026-03-15 03:53:41 - watchfiles.main - INFO - 1 change detected
2026-03-15 03:53:42 - watchfiles.main - INFO - 1 change detected
2026-03-15 03:53:42 - watchfiles.main - INFO - 1 change detected
2026-03-15 03:53:43 - watchfiles.main - INFO - 1 change detected
2026-03-15 03:53:43 - watchfiles.main - INFO - 1 change detected
2026-03-15 03:53:43 - watchfiles.main - INFO - 1 change detected
2026-03-15 03:53:44 - watchfiles.main - INFO - 1 change detected
2026-03-15 03:53:44 - watchfiles.main - INFO - 1 change detected
2026-03-15 03:53:44 - watchfiles.main - INFO - 1 change detected
2026-03-15 03:53:45 - watchfiles.main - INFO - 1 change detected
2026-03-15 03:53:45 - watchfiles.main - INFO - 1 change detected
2026-03-15 03:53:46 - watchfiles.main - INFO - 1 change detected
2026-03-15 03:53:46 - watchfiles.main - INFO - 1 change detected
2026-03-15 03:53:46 - watchfiles.main - INFO - 1 change detected
2026-03-15 03:53:47 - watchfiles.main - INFO - 1 change detected
2026-03-15 03:53:47 - watchfiles.main - INFO - 1 change detected
2026-03-15 03:53:47 - watchfiles.main - INFO - 1 change detected
2026-03-15 03:53:48 - watchfiles.main - INFO - 1 change detected
2026-03-15 03:53:48 - watchfiles.main - INFO - 1 change detected
2026-03-15 03:53:48 - watchfiles.main - INFO - 1 change detected
2026-03-15 03:53:49 - watchfiles.main - INFO - 1 change detected
2026-03-15 03:53:49 - watchfiles.main - INFO - 1 change detected
2026-03-15 03:53:50 - watchfiles.main - INFO - 1 change detected
2026-03-15 03:53:50 - watchfiles.main - INFO - 1 change detected
2026-03-15 03:53:50 - watchfiles.main - INFO - 1 change detected
2026-03-15 03:53:51 - watchfiles.main - INFO - 1 change detected
2026-03-15 03:53:51 - watchfiles.main - INFO - 1 change detected
2026-03-15 03:53:51 - watchfiles.main - INFO - 1 change detected
2026-03-15 03:53:52 - watchfiles.main - INFO - 1 change detected
2026-03-15 03:53:52 - watchfiles.main - INFO - 1 change detected
2026-03-15 03:53:53 - watchfiles.main - INFO - 1 change detected
2026-03-15 03:53:53 - watchfiles.main - INFO - 1 change detected
2026-03-15 03:53:53 - watchfiles.main - INFO - 1 change detected
2026-03-15 03:53:54 - watchfiles.main - INFO - 1 change detected
2026-03-15 03:53:54 - watchfiles.main - INFO - 1 change detected
2026-03-15 03:53:54 - watchfiles.main - INFO - 1 change detected
2026-03-15 03:53:55 - watchfiles.main - INFO - 1 change detected
2026-03-15 03:53:55 - watchfiles.main - INFO - 1 change detected
2026-03-15 03:53:56 - watchfiles.main - INFO - 1 change detected
2026-03-15 03:53:56 - watchfiles.main - INFO - 1 change detected
2026-03-15 03:53:56 - watchfiles.main - INFO - 1 change detected
2026-03-15 03:53:57 - watchfiles.main - INFO - 1 change detected
2026-03-15 03:53:57 - watchfiles.main - INFO - 1 change detected
2026-03-15 03:53:58 - watchfiles.main - INFO - 1 change detected
2026-03-15 03:53:58 - watchfiles.main - INFO - 1 change detected
2026-03-15 03:53:58 - watchfiles.main - INFO - 1 change detected
2026-03-15 03:53:59 - watchfiles.main - INFO - 1 change detected
2026-03-15 03:53:59 - watchfiles.main - INFO - 1 change detected
2026-03-15 03:53:59 - watchfiles.main - INFO - 1 change detected
2026-03-15 03:54:00 - watchfiles.main - INFO - 1 change detected
2026-03-15 03:54:00 - watchfiles.main - INFO - 1 change detected
2026-03-15 03:54:01 - watchfiles.main - INFO - 1 change detected
2026-03-15 03:54:01 - watchfiles.main - INFO - 1 change detected
2026-03-15 03:54:01 - watchfiles.main - INFO - 1 change detected
2026-03-15 03:54:02 - watchfiles.main - INFO - 1 change detected
2026-03-15 03:54:02 - watchfiles.main - INFO - 1 change detected
2026-03-15 03:54:02 - watchfiles.main - INFO - 1 change detected
2026-03-15 03:54:03 - watchfiles.main - INFO - 1 change detected
2026-03-15 03:54:03 - watchfiles.main - INFO - 1 change detected
2026-03-15 03:54:04 - watchfiles.main - INFO - 1 change detected
2026-03-15 03:54:04 - watchfiles.main - INFO - 1 change detected
2026-03-15 03:54:04 - watchfiles.main - INFO - 1 change detected
2026-03-15 03:54:05 - watchfiles.main - INFO - 1 change detected
2026-03-15 03:54:05 - watchfiles.main - INFO - 1 change detected
2026-03-15 03:54:05 - watchfiles.main - INFO - 1 change detected
2026-03-15 03:54:06 - watchfiles.main - INFO - 1 change detected
2026-03-15 03:54:06 - watchfiles.main - INFO - 1 change detected
2026-03-15 03:54:07 - watchfiles.main - INFO - 1 change detected
2026-03-15 03:54:07 - watchfiles.main - INFO - 1 change detected
2026-03-15 03:54:07 - watchfiles.main - INFO - 1 change detected
2026-03-15 03:54:08 - watchfiles.main - INFO - 1 change detected
2026-03-15 03:54:08 - watchfiles.main - INFO - 1 change detected
2026-03-15 03:54:09 - watchfiles.main - INFO - 1 change detected
2026-03-15 03:54:09 - watchfiles.main - INFO - 1 change detected
2026-03-15 03:54:09 - watchfiles.main - INFO - 1 change detected
2026-03-15 03:54:10 - watchfiles.main - INFO - 1 change detected
2026-03-15 03:54:10 - watchfiles.main - INFO - 1 change detected
2026-03-15 03:54:10 - watchfiles.main - INFO - 1 change detected
2026-03-15 03:54:11 - watchfiles.main - INFO - 1 change detected
2026-03-15 03:54:11 - watchfiles.main - INFO - 1 change detected
2026-03-15 03:54:11 - watchfiles.main - INFO - 1 change detected
2026-03-15 03:54:12 - watchfiles.main - INFO - 1 change detected
2026-03-15 03:54:12 - watchfiles.main - INFO - 1 change detected
2026-03-15 03:54:13 - watchfiles.main - INFO - 1 change detected
2026-03-15 03:54:13 - watchfiles.main - INFO - 1 change detected
2026-03-15 03:54:13 - watchfiles.main - INFO - 1 change detected
2026-03-15 03:54:14 - watchfiles.main - INFO - 1 change detected
2026-03-15 03:54:14 - watchfiles.main - INFO - 1 change detected
2026-03-15 03:54:14 - watchfiles.main - INFO - 1 change detected
2026-03-15 03:54:15 - watchfiles.main - INFO - 1 change detected
2026-03-15 03:54:15 - watchfiles.main - INFO - 1 change detected
2026-03-15 03:54:15 - watchfiles.main - INFO - 1 change detected
2026-03-15 03:54:16 - watchfiles.main - INFO - 1 change detected
2026-03-15 03:54:16 - watchfiles.main - INFO - 1 change detected
2026-03-15 03:54:17 - watchfiles.main - INFO - 1 change detected
2026-03-15 03:54:17 - watchfiles.main - INFO - 1 change detected
2026-03-15 03:54:17 - watchfiles.main - INFO - 1 change detected
2026-03-15 03:54:18 - watchfiles.main - INFO - 1 change detected
2026-03-15 03:54:18 - watchfiles.main - INFO - 1 change detected
2026-03-15 03:54:19 - watchfiles.main - INFO - 1 change detected
2026-03-15 03:54:19 - watchfiles.main - INFO - 1 change detected
2026-03-15 03:54:19 - watchfiles.main - INFO - 1 change detected
2026-03-15 03:54:20 - watchfiles.main - INFO - 1 change detected
2026-03-15 03:54:20 - watchfiles.main - INFO - 1 change detected
2026-03-15 03:54:20 - watchfiles.main - INFO - 1 change detected
2026-03-15 03:54:21 - watchfiles.main - INFO - 1 change detected
2026-03-15 03:54:21 - watchfiles.main - INFO - 1 change detected
2026-03-15 03:54:21 - watchfiles.main - INFO - 1 change detected
2026-03-15 03:54:22 - watchfiles.main - INFO - 1 change detected
2026-03-15 03:54:22 - watchfiles.main - INFO - 1 change detected
2026-03-15 03:54:23 - watchfiles.main - INFO - 1 change detected
2026-03-15 03:54:23 - watchfiles.main - INFO - 1 change detected
2026-03-15 03:54:23 - watchfiles.main - INFO - 1 change detected
2026-03-15 03:54:24 - watchfiles.main - INFO - 1 change detected
2026-03-15 03:54:24 - watchfiles.main - INFO - 1 change detected
2026-03-15 03:54:24 - watchfiles.main - INFO - 1 change detected
2026-03-15 03:54:25 - watchfiles.main - INFO - 1 change detected
2026-03-15 03:54:25 - watchfiles.main - INFO - 1 change detected
2026-03-15 03:54:26 - watchfiles.main - INFO - 1 change detected
2026-03-15 03:54:26 - watchfiles.main - INFO - 1 change detected
2026-03-15 03:54:26 - watchfiles.main - INFO - 1 change detected
2026-03-15 03:54:27 - watchfiles.main - INFO - 1 change detected
2026-03-15 03:54:27 - watchfiles.main - INFO - 1 change detected
2026-03-15 03:54:28 - watchfiles.main - INFO - 1 change detected
2026-03-15 03:54:28 - watchfiles.main - INFO - 1 change detected
2026-03-15 03:54:28 - watchfiles.main - INFO - 1 change detected
2026-03-15 03:54:29 - watchfiles.main - INFO - 1 change detected
2026-03-15 03:54:29 - watchfiles.main - INFO - 1 change detected
2026-03-15 03:54:29 - watchfiles.main - INFO - 1 change detected
2026-03-15 03:54:30 - watchfiles.main - INFO - 1 change detected
2026-03-15 03:54:30 - watchfiles.main - INFO - 1 change detected
2026-03-15 03:54:30 - watchfiles.main - INFO - 1 change detected
2026-03-15 03:54:31 - watchfiles.main - INFO - 1 change detected
2026-03-15 03:54:31 - watchfiles.main - INFO - 1 change detected
2026-03-15 03:54:32 - watchfiles.main - INFO - 1 change detected
2026-03-15 03:54:32 - watchfiles.main - INFO - 1 change detected
2026-03-15 03:54:32 - watchfiles.main - INFO - 1 change detected
2026-03-15 03:54:33 - watchfiles.main - INFO - 1 change detected
2026-03-15 03:54:33 - watchfiles.main - INFO - 1 change detected
2026-03-15 03:54:33 - watchfiles.main - INFO - 1 change detected
2026-03-15 03:54:34 - watchfiles.main - INFO - 1 change detected
2026-03-15 03:54:34 - watchfiles.main - INFO - 1 change detected
2026-03-15 03:54:35 - watchfiles.main - INFO - 1 change detected
2026-03-15 03:54:35 - watchfiles.main - INFO - 1 change detected
2026-03-15 03:54:35 - watchfiles.main - INFO - 1 change detected
2026-03-15 03:54:36 - watchfiles.main - INFO - 1 change detected
2026-03-15 03:54:36 - watchfiles.main - INFO - 1 change detected
2026-03-15 03:54:36 - watchfiles.main - INFO - 1 change detected
2026-03-15 03:54:37 - watchfiles.main - INFO - 1 change detected
2026-03-15 03:54:37 - watchfiles.main - INFO - 1 change detected
2026-03-15 03:54:37 - watchfiles.main - INFO - 1 change detected
2026-03-15 03:54:38 - watchfiles.main - INFO - 1 change detected
2026-03-15 03:54:38 - watchfiles.main - INFO - 1 change detected
2026-03-15 03:54:39 - watchfiles.main - INFO - 1 change detected
2026-03-15 03:54:39 - watchfiles.main - INFO - 1 change detected
2026-03-15 03:54:39 - watchfiles.main - INFO - 1 change detected
2026-03-15 03:54:40 - watchfiles.main - INFO - 1 change detected
2026-03-15 03:54:40 - watchfiles.main - INFO - 1 change detected
2026-03-15 03:54:40 - watchfiles.main - INFO - 1 change detected
2026-03-15 03:54:41 - watchfiles.main - INFO - 1 change detected
2026-03-15 03:54:41 - watchfiles.main - INFO - 1 change detected
2026-03-15 03:54:42 - watchfiles.main - INFO - 1 change detected
2026-03-15 03:54:42 - watchfiles.main - INFO - 1 change detected
2026-03-15 03:54:42 - watchfiles.main - INFO - 1 change detected
2026-03-15 03:54:43 - watchfiles.main - INFO - 1 change detected
2026-03-15 03:54:43 - watchfiles.main - INFO - 1 change detected
2026-03-15 03:54:43 - watchfiles.main - INFO - 1 change detected
2026-03-15 03:54:44 - watchfiles.main - INFO - 1 change detected
2026-03-15 03:54:44 - watchfiles.main - INFO - 1 change detected
2026-03-15 03:54:45 - watchfiles.main - INFO - 1 change detected
2026-03-15 03:54:45 - watchfiles.main - INFO - 1 change detected
2026-03-15 03:54:45 - watchfiles.main - INFO - 1 change detected
2026-03-15 03:54:46 - watchfiles.main - INFO - 1 change detected
2026-03-15 03:54:46 - watchfiles.main - INFO - 1 change detected
2026-03-15 03:54:46 - watchfiles.main - INFO - 1 change detected
2026-03-15 03:54:47 - watchfiles.main - INFO - 1 change detected
2026-03-15 03:54:47 - watchfiles.main - INFO - 1 change detected
2026-03-15 03:54:48 - watchfiles.main - INFO - 1 change detected
2026-03-15 03:54:48 - watchfiles.main - INFO - 1 change detected
2026-03-15 03:54:48 - watchfiles.main - INFO - 1 change detected
2026-03-15 03:54:49 - watchfiles.main - INFO - 1 change detected
2026-03-15 03:54:49 - watchfiles.main - INFO - 1 change detected
2026-03-15 03:54:50 - watchfiles.main - INFO - 1 change detected
2026-03-15 03:54:50 - watchfiles.main - INFO - 1 change detected
2026-03-15 03:54:50 - watchfiles.main - INFO - 1 change detected
2026-03-15 03:54:51 - watchfiles.main - INFO - 1 change detected
2026-03-15 03:54:51 - watchfiles.main - INFO - 1 change detected
2026-03-15 03:54:51 - watchfiles.main - INFO - 1 change detected
2026-03-15 03:54:52 - watchfiles.main - INFO - 1 change detected
2026-03-15 03:54:52 - watchfiles.main - INFO - 1 change detected
2026-03-15 03:54:53 - watchfiles.main - INFO - 1 change detected
2026-03-15 03:54:53 - watchfiles.main - INFO - 1 change detected
2026-03-15 03:54:53 - watchfiles.main - INFO - 1 change detected
2026-03-15 03:54:54 - watchfiles.main - INFO - 1 change detected
2026-03-15 03:54:54 - watchfiles.main - INFO - 1 change detected
2026-03-15 03:54:54 - watchfiles.main - INFO - 1 change detected
2026-03-15 03:54:55 - watchfiles.main - INFO - 1 change detected
2026-03-15 03:54:55 - watchfiles.main - INFO - 1 change detected
2026-03-15 03:54:56 - watchfiles.main - INFO - 1 change detected
2026-03-15 03:54:56 - watchfiles.main - INFO - 1 change detected
2026-03-15 03:54:56 - watchfiles.main - INFO - 1 change detected
2026-03-15 03:54:57 - watchfiles.main - INFO - 1 change detected
2026-03-15 03:54:57 - watchfiles.main - INFO - 1 change detected
2026-03-15 03:54:57 - watchfiles.main - INFO - 1 change detected
2026-03-15 03:54:58 - watchfiles.main - INFO - 1 change detected
2026-03-15 03:54:58 - watchfiles.main - INFO - 1 change detected
2026-03-15 03:54:59 - watchfiles.main - INFO - 1 change detected
2026-03-15 03:54:59 - watchfiles.main - INFO - 1 change detected
2026-03-15 03:54:59 - watchfiles.main - INFO - 1 change detected
2026-03-15 03:55:00 - watchfiles.main - INFO - 1 change detected
2026-03-15 03:55:00 - watchfiles.main - INFO - 1 change detected
2026-03-15 03:55:00 - watchfiles.main - INFO - 1 change detected
2026-03-15 03:55:01 - watchfiles.main - INFO - 1 change detected
2026-03-15 03:55:01 - watchfiles.main - INFO - 1 change detected
2026-03-15 03:55:02 - watchfiles.main - INFO - 1 change detected
2026-03-15 03:55:02 - watchfiles.main - INFO - 1 change detected
2026-03-15 03:55:02 - watchfiles.main - INFO - 1 change detected
2026-03-15 03:55:03 - watchfiles.main - INFO - 1 change detected
2026-03-15 03:55:03 - watchfiles.main - INFO - 1 change detected
2026-03-15 03:55:03 - watchfiles.main - INFO - 1 change detected
2026-03-15 03:55:04 - watchfiles.main - INFO - 1 change detected
2026-03-15 03:55:04 - watchfiles.main - INFO - 1 change detected
2026-03-15 03:55:04 - watchfiles.main - INFO - 1 change detected
2026-03-15 03:55:05 - watchfiles.main - INFO - 1 change detected
2026-03-15 03:55:05 - watchfiles.main - INFO - 1 change detected
2026-03-15 03:55:06 - watchfiles.main - INFO - 1 change detected
2026-03-15 03:55:06 - watchfiles.main - INFO - 1 change detected
2026-03-15 03:55:07 - watchfiles.main - INFO - 1 change detected
2026-03-15 03:55:07 - watchfiles.main - INFO - 1 change detected
2026-03-15 03:55:07 - watchfiles.main - INFO - 1 change detected
2026-03-15 03:55:08 - watchfiles.main - INFO - 1 change detected
2026-03-15 03:55:08 - watchfiles.main - INFO - 1 change detected
2026-03-15 03:55:08 - watchfiles.main - INFO - 1 change detected
2026-03-15 03:55:09 - watchfiles.main - INFO - 1 change detected
2026-03-15 03:55:09 - watchfiles.main - INFO - 1 change detected
2026-03-15 03:55:10 - watchfiles.main - INFO - 1 change detected
2026-03-15 03:55:10 - watchfiles.main - INFO - 1 change detected
2026-03-15 03:55:10 - watchfiles.main - INFO - 1 change detected
2026-03-15 03:55:11 - watchfiles.main - INFO - 1 change detected
2026-03-15 03:55:11 - watchfiles.main - INFO - 1 change detected
2026-03-15 03:55:11 - watchfiles.main - INFO - 1 change detected
2026-03-15 03:55:12 - watchfiles.main - INFO - 1 change detected
2026-03-15 03:55:12 - watchfiles.main - INFO - 1 change detected
2026-03-15 03:55:13 - watchfiles.main - INFO - 1 change detected
2026-03-15 03:55:13 - watchfiles.main - INFO - 1 change detected
2026-03-15 03:55:13 - watchfiles.main - INFO - 1 change detected
2026-03-15 03:55:14 - watchfiles.main - INFO - 1 change detected
2026-03-15 03:55:14 - watchfiles.main - INFO - 1 change detected
2026-03-15 03:55:14 - watchfiles.main - INFO - 1 change detected
2026-03-15 03:55:15 - watchfiles.main - INFO - 1 change detected
2026-03-15 03:55:15 - watchfiles.main - INFO - 1 change detected
2026-03-15 03:55:16 - watchfiles.main - INFO - 1 change detected
2026-03-15 03:55:16 - watchfiles.main - INFO - 1 change detected
2026-03-15 03:55:16 - watchfiles.main - INFO - 1 change detected
2026-03-15 03:55:17 - watchfiles.main - INFO - 1 change detected
2026-03-15 03:55:17 - watchfiles.main - INFO - 1 change detected
2026-03-15 03:55:17 - watchfiles.main - INFO - 1 change detected
2026-03-15 03:55:18 - watchfiles.main - INFO - 1 change detected
2026-03-15 03:55:18 - watchfiles.main - INFO - 1 change detected
2026-03-15 03:55:19 - watchfiles.main - INFO - 1 change detected
2026-03-15 03:55:19 - watchfiles.main - INFO - 1 change detected
2026-03-15 03:55:19 - watchfiles.main - INFO - 1 change detected
2026-03-15 03:55:20 - watchfiles.main - INFO - 1 change detected
2026-03-15 03:55:20 - watchfiles.main - INFO - 1 change detected
2026-03-15 03:55:20 - watchfiles.main - INFO - 1 change detected
2026-03-15 03:55:21 - watchfiles.main - INFO - 1 change detected
2026-03-15 03:55:21 - watchfiles.main - INFO - 1 change detected
2026-03-15 03:55:22 - watchfiles.main - INFO - 1 change detected
2026-03-15 03:55:22 - watchfiles.main - INFO - 1 change detected
2026-03-15 03:55:22 - watchfiles.main - INFO - 1 change detected
2026-03-15 03:55:23 - watchfiles.main - INFO - 1 change detected
2026-03-15 03:55:23 - watchfiles.main - INFO - 1 change detected
2026-03-15 03:55:23 - watchfiles.main - INFO - 1 change detected
2026-03-15 03:55:24 - watchfiles.main - INFO - 1 change detected
2026-03-15 03:55:24 - watchfiles.main - INFO - 1 change detected
2026-03-15 03:55:25 - watchfiles.main - INFO - 1 change detected
2026-03-15 03:55:25 - watchfiles.main - INFO - 1 change detected
2026-03-15 03:55:25 - watchfiles.main - INFO - 1 change detected
2026-03-15 03:55:26 - watchfiles.main - INFO - 1 change detected
2026-03-15 03:55:26 - watchfiles.main - INFO - 1 change detected
2026-03-15 03:55:26 - watchfiles.main - INFO - 1 change detected
2026-03-15 03:55:27 - watchfiles.main - INFO - 1 change detected
2026-03-15 03:55:27 - watchfiles.main - INFO - 1 change detected
2026-03-15 03:55:28 - watchfiles.main - INFO - 1 change detected
2026-03-15 03:55:28 - watchfiles.main - INFO - 1 change detected
2026-03-15 03:55:28 - watchfiles.main - INFO - 1 change detected
2026-03-15 03:55:29 - watchfiles.main - INFO - 1 change detected
2026-03-15 03:55:30 - watchfiles.main - INFO - 1 change detected
2026-03-15 03:55:30 - watchfiles.main - INFO - 1 change detected
2026-03-15 03:55:31 - watchfiles.main - INFO - 1 change detected
2026-03-15 03:55:31 - watchfiles.main - INFO - 1 change detected
2026-03-15 03:55:31 - watchfiles.main - INFO - 1 change detected
2026-03-15 03:55:32 - watchfiles.main - INFO - 1 change detected
2026-03-15 03:55:32 - watchfiles.main - INFO - 1 change detected
2026-03-15 03:55:32 - watchfiles.main - INFO - 1 change detected
2026-03-15 03:55:33 - watchfiles.main - INFO - 1 change detected
2026-03-15 03:55:33 - watchfiles.main - INFO - 1 change detected
2026-03-15 03:55:34 - watchfiles.main - INFO - 1 change detected
2026-03-15 03:55:34 - watchfiles.main - INFO - 1 change detected
2026-03-15 03:55:34 - watchfiles.main - INFO - 1 change detected
2026-03-15 03:55:35 - watchfiles.main - INFO - 1 change detected
2026-03-15 03:55:35 - watchfiles.main - INFO - 1 change detected
2026-03-15 03:55:35 - watchfiles.main - INFO - 1 change detected
2026-03-15 03:55:36 - watchfiles.main - INFO - 1 change detected
2026-03-15 03:55:36 - watchfiles.main - INFO - 1 change detected
2026-03-15 03:55:37 - watchfiles.main - INFO - 1 change detected
2026-03-15 03:55:37 - watchfiles.main - INFO - 1 change detected
2026-03-15 03:55:37 - watchfiles.main - INFO - 1 change detected
2026-03-15 03:55:38 - watchfiles.main - INFO - 1 change detected
2026-03-15 03:55:38 - watchfiles.main - INFO - 1 change detected
2026-03-15 03:55:39 - watchfiles.main - INFO - 1 change detected
2026-03-15 03:55:39 - watchfiles.main - INFO - 1 change detected
2026-03-15 03:55:39 - watchfiles.main - INFO - 1 change detected
2026-03-15 03:55:40 - watchfiles.main - INFO - 1 change detected
2026-03-15 03:55:40 - watchfiles.main - INFO - 1 change detected
2026-03-15 03:55:40 - watchfiles.main - INFO - 1 change detected
2026-03-15 03:55:41 - watchfiles.main - INFO - 1 change detected
2026-03-15 03:55:41 - watchfiles.main - INFO - 1 change detected
2026-03-15 03:55:42 - watchfiles.main - INFO - 1 change detected
2026-03-15 03:55:42 - watchfiles.main - INFO - 1 change detected
2026-03-15 03:55:42 - watchfiles.main - INFO - 1 change detected
2026-03-15 03:55:43 - watchfiles.main - INFO - 1 change detected
2026-03-15 03:55:43 - watchfiles.main - INFO - 1 change detected
2026-03-15 03:55:43 - watchfiles.main - INFO - 1 change detected
2026-03-15 03:55:44 - watchfiles.main - INFO - 1 change detected
2026-03-15 03:55:44 - watchfiles.main - INFO - 1 change detected
2026-03-15 03:55:45 - watchfiles.main - INFO - 1 change detected
2026-03-15 03:55:45 - watchfiles.main - INFO - 1 change detected
2026-03-15 03:55:45 - watchfiles.main - INFO - 1 change detected
2026-03-15 03:55:46 - watchfiles.main - INFO - 1 change detected
2026-03-15 03:55:46 - watchfiles.main - INFO - 1 change detected
2026-03-15 03:55:46 - watchfiles.main - INFO - 1 change detected
2026-03-15 03:55:47 - watchfiles.main - INFO - 1 change detected
2026-03-15 03:55:47 - watchfiles.main - INFO - 1 change detected
2026-03-15 03:55:48 - watchfiles.main - INFO - 1 change detected
2026-03-15 03:55:48 - watchfiles.main - INFO - 1 change detected
2026-03-15 03:55:48 - watchfiles.main - INFO - 1 change detected
2026-03-15 03:55:49 - watchfiles.main - INFO - 1 change detected
2026-03-15 03:55:49 - watchfiles.main - INFO - 1 change detected
2026-03-15 03:55:49 - watchfiles.main - INFO - 1 change detected
2026-03-15 03:55:50 - watchfiles.main - INFO - 1 change detected
2026-03-15 03:55:50 - watchfiles.main - INFO - 1 change detected
2026-03-15 03:55:51 - watchfiles.main - INFO - 1 change detected
2026-03-15 03:55:51 - watchfiles.main - INFO - 1 change detected
2026-03-15 03:55:51 - watchfiles.main - INFO - 1 change detected
2026-03-15 03:55:52 - watchfiles.main - INFO - 1 change detected
2026-03-15 03:55:52 - watchfiles.main - INFO - 1 change detected
2026-03-15 03:55:53 - watchfiles.main - INFO - 1 change detected
2026-03-15 03:55:53 - watchfiles.main - INFO - 1 change detected
2026-03-15 03:55:53 - watchfiles.main - INFO - 1 change detected
2026-03-15 03:55:54 - watchfiles.main - INFO - 1 change detected
2026-03-15 03:55:54 - watchfiles.main - INFO - 1 change detected
2026-03-15 03:55:55 - watchfiles.main - INFO - 1 change detected
2026-03-15 03:55:55 - watchfiles.main - INFO - 1 change detected
2026-03-15 03:55:56 - watchfiles.main - INFO - 1 change detected
2026-03-15 03:55:56 - watchfiles.main - INFO - 1 change detected
2026-03-15 03:55:56 - watchfiles.main - INFO - 1 change detected
2026-03-15 03:55:57 - watchfiles.main - INFO - 1 change detected
2026-03-15 03:55:57 - watchfiles.main - INFO - 1 change detected
2026-03-15 03:55:57 - watchfiles.main - INFO - 1 change detected
2026-03-15 03:55:58 - watchfiles.main - INFO - 1 change detected
2026-03-15 03:55:58 - watchfiles.main - INFO - 1 change detected
2026-03-15 03:55:59 - watchfiles.main - INFO - 1 change detected
2026-03-15 03:55:59 - watchfiles.main - INFO - 1 change detected
2026-03-15 03:55:59 - watchfiles.main - INFO - 1 change detected
2026-03-15 03:56:00 - watchfiles.main - INFO - 1 change detected
2026-03-15 03:56:00 - watchfiles.main - INFO - 1 change detected
2026-03-15 03:56:00 - watchfiles.main - INFO - 1 change detected
2026-03-15 03:56:01 - watchfiles.main - INFO - 1 change detected
2026-03-15 03:56:01 - watchfiles.main - INFO - 1 change detected
2026-03-15 03:56:02 - watchfiles.main - INFO - 1 change detected
2026-03-15 03:56:02 - watchfiles.main - INFO - 1 change detected
2026-03-15 03:56:02 - watchfiles.main - INFO - 1 change detected
2026-03-15 03:56:03 - watchfiles.main - INFO - 1 change detected
2026-03-15 03:56:03 - watchfiles.main - INFO - 1 change detected
2026-03-15 03:56:03 - watchfiles.main - INFO - 1 change detected
2026-03-15 03:56:04 - watchfiles.main - INFO - 1 change detected
2026-03-15 03:56:04 - watchfiles.main - INFO - 1 change detected
2026-03-15 03:56:05 - watchfiles.main - INFO - 1 change detected
2026-03-15 03:56:05 - watchfiles.main - INFO - 1 change detected
2026-03-15 03:56:05 - watchfiles.main - INFO - 1 change detected
2026-03-15 03:56:06 - watchfiles.main - INFO - 1 change detected
2026-03-15 03:56:06 - watchfiles.main - INFO - 1 change detected
2026-03-15 03:56:06 - watchfiles.main - INFO - 1 change detected
2026-03-15 03:56:07 - watchfiles.main - INFO - 1 change detected
2026-03-15 03:56:07 - watchfiles.main - INFO - 1 change detected
2026-03-15 03:56:08 - watchfiles.main - INFO - 1 change detected
2026-03-15 03:56:08 - watchfiles.main - INFO - 1 change detected
2026-03-15 03:56:08 - watchfiles.main - INFO - 1 change detected
2026-03-15 03:56:09 - watchfiles.main - INFO - 1 change detected
2026-03-15 03:56:09 - watchfiles.main - INFO - 1 change detected
2026-03-15 03:56:10 - watchfiles.main - INFO - 1 change detected
2026-03-15 03:56:10 - watchfiles.main - INFO - 1 change detected
2026-03-15 03:56:10 - watchfiles.main - INFO - 1 change detected
2026-03-15 03:56:11 - watchfiles.main - INFO - 1 change detected
2026-03-15 03:56:11 - watchfiles.main - INFO - 1 change detected
2026-03-15 03:56:11 - watchfiles.main - INFO - 1 change detected
2026-03-15 03:56:12 - watchfiles.main - INFO - 1 change detected
2026-03-15 03:56:12 - watchfiles.main - INFO - 1 change detected
2026-03-15 03:56:12 - watchfiles.main - INFO - 1 change detected
2026-03-15 03:56:13 - watchfiles.main - INFO - 1 change detected
2026-03-15 03:56:13 - watchfiles.main - INFO - 1 change detected
2026-03-15 03:56:14 - watchfiles.main - INFO - 1 change detected
2026-03-15 03:56:14 - watchfiles.main - INFO - 1 change detected
2026-03-15 03:56:15 - watchfiles.main - INFO - 1 change detected
2026-03-15 03:56:15 - watchfiles.main - INFO - 1 change detected
2026-03-15 03:56:16 - watchfiles.main - INFO - 1 change detected
2026-03-15 03:56:16 - watchfiles.main - INFO - 1 change detected
2026-03-15 03:56:17 - watchfiles.main - INFO - 1 change detected
2026-03-15 03:56:17 - watchfiles.main - INFO - 1 change detected
2026-03-15 03:56:17 - watchfiles.main - INFO - 1 change detected
2026-03-15 03:56:18 - watchfiles.main - INFO - 1 change detected
2026-03-15 03:56:18 - watchfiles.main - INFO - 1 change detected
2026-03-15 03:56:19 - watchfiles.main - INFO - 1 change detected
2026-03-15 03:56:19 - watchfiles.main - INFO - 1 change detected
2026-03-15 03:56:19 - watchfiles.main - INFO - 1 change detected
2026-03-15 03:56:20 - watchfiles.main - INFO - 1 change detected
2026-03-15 03:56:20 - watchfiles.main - INFO - 1 change detected
2026-03-15 03:56:21 - watchfiles.main - INFO - 1 change detected
2026-03-15 03:56:22 - watchfiles.main - INFO - 1 change detected
2026-03-15 03:56:22 - watchfiles.main - INFO - 1 change detected
2026-03-15 03:56:22 - watchfiles.main - INFO - 1 change detected
2026-03-15 03:56:23 - watchfiles.main - INFO - 1 change detected
2026-03-15 03:56:23 - watchfiles.main - INFO - 1 change detected
2026-03-15 03:56:23 - watchfiles.main - INFO - 1 change detected
2026-03-15 03:56:24 - watchfiles.main - INFO - 1 change detected
2026-03-15 03:56:24 - watchfiles.main - INFO - 1 change detected
2026-03-15 03:56:25 - watchfiles.main - INFO - 1 change detected
2026-03-15 03:56:25 - watchfiles.main - INFO - 1 change detected
2026-03-15 03:56:25 - watchfiles.main - INFO - 1 change detected
2026-03-15 03:56:26 - watchfiles.main - INFO - 1 change detected
2026-03-15 03:56:26 - watchfiles.main - INFO - 1 change detected
2026-03-15 03:56:27 - watchfiles.main - INFO - 1 change detected
2026-03-15 03:56:27 - watchfiles.main - INFO - 1 change detected
2026-03-15 03:56:27 - watchfiles.main - INFO - 1 change detected
2026-03-15 03:56:28 - watchfiles.main - INFO - 1 change detected
2026-03-15 03:56:28 - watchfiles.main - INFO - 1 change detected
2026-03-15 03:56:29 - watchfiles.main - INFO - 1 change detected
2026-03-15 03:56:29 - watchfiles.main - INFO - 1 change detected
2026-03-15 03:56:29 - watchfiles.main - INFO - 1 change detected
2026-03-15 03:56:30 - watchfiles.main - INFO - 1 change detected
2026-03-15 03:56:30 - watchfiles.main - INFO - 1 change detected
2026-03-15 03:56:30 - watchfiles.main - INFO - 1 change detected
2026-03-15 03:56:31 - watchfiles.main - INFO - 1 change detected
2026-03-15 03:56:31 - watchfiles.main - INFO - 1 change detected
2026-03-15 03:56:32 - watchfiles.main - INFO - 1 change detected
2026-03-15 03:56:32 - watchfiles.main - INFO - 1 change detected
2026-03-15 03:56:32 - watchfiles.main - INFO - 1 change detected
2026-03-15 03:56:33 - watchfiles.main - INFO - 1 change detected
2026-03-15 03:56:33 - watchfiles.main - INFO - 1 change detected
2026-03-15 03:56:33 - watchfiles.main - INFO - 1 change detected
2026-03-15 03:56:34 - watchfiles.main - INFO - 1 change detected
2026-03-15 03:56:34 - watchfiles.main - INFO - 1 change detected
2026-03-15 03:56:35 - watchfiles.main - INFO - 1 change detected
2026-03-15 03:56:35 - watchfiles.main - INFO - 1 change detected
2026-03-15 03:56:35 - watchfiles.main - INFO - 1 change detected
2026-03-15 03:56:36 - watchfiles.main - INFO - 1 change detected
2026-03-15 03:56:36 - watchfiles.main - INFO - 1 change detected
2026-03-15 03:56:36 - watchfiles.main - INFO - 1 change detected
2026-03-15 03:56:37 - watchfiles.main - INFO - 1 change detected
2026-03-15 03:56:37 - watchfiles.main - INFO - 1 change detected
2026-03-15 03:56:38 - watchfiles.main - INFO - 1 change detected
2026-03-15 03:56:38 - watchfiles.main - INFO - 1 change detected
2026-03-15 03:56:38 - watchfiles.main - INFO - 1 change detected
2026-03-15 03:56:39 - watchfiles.main - INFO - 1 change detected
2026-03-15 03:56:39 - watchfiles.main - INFO - 1 change detected
2026-03-15 03:56:39 - watchfiles.main - INFO - 1 change detected
2026-03-15 03:56:40 - watchfiles.main - INFO - 1 change detected
2026-03-15 03:56:40 - watchfiles.main - INFO - 1 change detected
2026-03-15 03:56:41 - watchfiles.main - INFO - 1 change detected
2026-03-15 03:56:41 - watchfiles.main - INFO - 1 change detected
2026-03-15 03:56:41 - watchfiles.main - INFO - 1 change detected
2026-03-15 03:56:42 - watchfiles.main - INFO - 1 change detected
2026-03-15 03:56:42 - watchfiles.main - INFO - 1 change detected
2026-03-15 03:56:43 - watchfiles.main - INFO - 1 change detected
2026-03-15 03:56:43 - watchfiles.main - INFO - 1 change detected
2026-03-15 03:56:43 - watchfiles.main - INFO - 1 change detected
2026-03-15 03:56:44 - watchfiles.main - INFO - 1 change detected
2026-03-15 03:56:44 - watchfiles.main - INFO - 1 change detected
2026-03-15 03:56:44 - watchfiles.main - INFO - 1 change detected
2026-03-15 03:56:45 - watchfiles.main - INFO - 1 change detected
2026-03-15 03:56:45 - watchfiles.main - INFO - 1 change detected
2026-03-15 03:56:46 - watchfiles.main - INFO - 1 change detected
2026-03-15 03:56:46 - watchfiles.main - INFO - 1 change detected
2026-03-15 03:56:46 - watchfiles.main - INFO - 1 change detected
2026-03-15 03:56:47 - watchfiles.main - INFO - 1 change detected
2026-03-15 03:56:47 - watchfiles.main - INFO - 1 change detected
2026-03-15 03:56:47 - watchfiles.main - INFO - 1 change detected
2026-03-15 03:56:48 - watchfiles.main - INFO - 1 change detected
2026-03-15 03:56:48 - watchfiles.main - INFO - 1 change detected
2026-03-15 03:56:49 - watchfiles.main - INFO - 1 change detected
2026-03-15 03:56:49 - watchfiles.main - INFO - 1 change detected
2026-03-15 03:56:49 - watchfiles.main - INFO - 1 change detected
2026-03-15 03:56:50 - watchfiles.main - INFO - 1 change detected
2026-03-15 03:56:50 - watchfiles.main - INFO - 1 change detected
2026-03-15 03:56:50 - watchfiles.main - INFO - 1 change detected
2026-03-15 03:56:51 - watchfiles.main - INFO - 1 change detected
2026-03-15 03:56:51 - watchfiles.main - INFO - 1 change detected
2026-03-15 03:56:52 - watchfiles.main - INFO - 1 change detected
2026-03-15 03:56:52 - watchfiles.main - INFO - 1 change detected
2026-03-15 03:56:52 - watchfiles.main - INFO - 1 change detected
2026-03-15 03:56:53 - watchfiles.main - INFO - 1 change detected
2026-03-15 03:56:53 - watchfiles.main - INFO - 1 change detected
2026-03-15 03:56:54 - watchfiles.main - INFO - 1 change detected
2026-03-15 03:56:54 - watchfiles.main - INFO - 1 change detected
2026-03-15 03:56:54 - watchfiles.main - INFO - 1 change detected
2026-03-15 03:56:55 - watchfiles.main - INFO - 1 change detected
2026-03-15 03:56:55 - watchfiles.main - INFO - 1 change detected
2026-03-15 03:56:55 - watchfiles.main - INFO - 1 change detected
2026-03-15 03:56:56 - watchfiles.main - INFO - 1 change detected
2026-03-15 03:56:56 - watchfiles.main - INFO - 1 change detected
2026-03-15 03:56:57 - watchfiles.main - INFO - 1 change detected
2026-03-15 03:56:57 - watchfiles.main - INFO - 1 change detected
2026-03-15 03:56:57 - watchfiles.main - INFO - 1 change detected
2026-03-15 03:56:58 - watchfiles.main - INFO - 1 change detected
2026-03-15 03:56:58 - watchfiles.main - INFO - 1 change detected
2026-03-15 03:56:58 - watchfiles.main - INFO - 1 change detected
2026-03-15 03:56:59 - watchfiles.main - INFO - 1 change detected
2026-03-15 03:56:59 - watchfiles.main - INFO - 1 change detected
2026-03-15 03:57:00 - watchfiles.main - INFO - 1 change detected
2026-03-15 03:57:00 - watchfiles.main - INFO - 1 change detected
2026-03-15 03:57:00 - watchfiles.main - INFO - 1 change detected
2026-03-15 03:57:01 - watchfiles.main - INFO - 1 change detected
2026-03-15 03:57:01 - watchfiles.main - INFO - 1 change detected
2026-03-15 03:57:01 - watchfiles.main - INFO - 1 change detected
2026-03-15 03:57:02 - watchfiles.main - INFO - 1 change detected
2026-03-15 03:57:02 - watchfiles.main - INFO - 1 change detected
2026-03-15 03:57:03 - watchfiles.main - INFO - 1 change detected
2026-03-15 03:57:03 - watchfiles.main - INFO - 1 change detected
2026-03-15 03:57:03 - watchfiles.main - INFO - 1 change detected
2026-03-15 03:57:04 - watchfiles.main - INFO - 1 change detected
2026-03-15 03:57:04 - watchfiles.main - INFO - 1 change detected
2026-03-15 03:57:04 - watchfiles.main - INFO - 1 change detected
2026-03-15 03:57:05 - watchfiles.main - INFO - 1 change detected
2026-03-15 03:57:05 - watchfiles.main - INFO - 1 change detected
2026-03-15 03:57:06 - watchfiles.main - INFO - 1 change detected
2026-03-15 03:57:06 - watchfiles.main - INFO - 1 change detected
2026-03-15 03:57:06 - watchfiles.main - INFO - 1 change detected
2026-03-15 03:57:07 - watchfiles.main - INFO - 1 change detected
2026-03-15 03:57:07 - watchfiles.main - INFO - 1 change detected
2026-03-15 03:57:07 - watchfiles.main - INFO - 1 change detected
2026-03-15 03:57:08 - watchfiles.main - INFO - 1 change detected
2026-03-15 03:57:08 - watchfiles.main - INFO - 1 change detected
2026-03-15 03:57:09 - watchfiles.main - INFO - 1 change detected
2026-03-15 03:57:09 - watchfiles.main - INFO - 1 change detected
2026-03-15 03:57:09 - watchfiles.main - INFO - 1 change detected
2026-03-15 03:57:10 - watchfiles.main - INFO - 1 change detected
2026-03-15 03:57:10 - watchfiles.main - INFO - 1 change detected
2026-03-15 03:57:10 - watchfiles.main - INFO - 1 change detected
2026-03-15 03:57:11 - watchfiles.main - INFO - 1 change detected
2026-03-15 03:57:11 - watchfiles.main - INFO - 1 change detected
2026-03-15 03:57:12 - watchfiles.main - INFO - 1 change detected
2026-03-15 03:57:12 - watchfiles.main - INFO - 1 change detected
2026-03-15 03:57:12 - watchfiles.main - INFO - 1 change detected
2026-03-15 03:57:13 - watchfiles.main - INFO - 1 change detected
2026-03-15 03:57:13 - watchfiles.main - INFO - 1 change detected
2026-03-15 03:57:14 - watchfiles.main - INFO - 1 change detected
2026-03-15 03:57:14 - watchfiles.main - INFO - 1 change detected
2026-03-15 03:57:14 - watchfiles.main - INFO - 1 change detected
2026-03-15 03:57:15 - watchfiles.main - INFO - 1 change detected
2026-03-15 03:57:15 - watchfiles.main - INFO - 1 change detected
2026-03-15 03:57:16 - watchfiles.main - INFO - 1 change detected
2026-03-15 03:57:16 - watchfiles.main - INFO - 1 change detected
2026-03-15 03:57:16 - watchfiles.main - INFO - 1 change detected
2026-03-15 03:57:17 - watchfiles.main - INFO - 1 change detected
2026-03-15 03:57:17 - watchfiles.main - INFO - 1 change detected
2026-03-15 03:57:17 - watchfiles.main - INFO - 1 change detected
2026-03-15 03:57:18 - watchfiles.main - INFO - 1 change detected
2026-03-15 03:57:18 - watchfiles.main - INFO - 1 change detected
2026-03-15 03:57:19 - watchfiles.main - INFO - 1 change detected
2026-03-15 03:57:19 - watchfiles.main - INFO - 1 change detected
2026-03-15 03:57:19 - watchfiles.main - INFO - 1 change detected
2026-03-15 03:57:20 - watchfiles.main - INFO - 1 change detected
2026-03-15 03:57:20 - watchfiles.main - INFO - 1 change detected
2026-03-15 03:57:20 - watchfiles.main - INFO - 1 change detected
2026-03-15 03:57:21 - watchfiles.main - INFO - 1 change detected
2026-03-15 03:57:21 - watchfiles.main - INFO - 1 change detected
2026-03-15 03:57:22 - watchfiles.main - INFO - 1 change detected
2026-03-15 03:57:22 - watchfiles.main - INFO - 1 change detected
2026-03-15 03:57:22 - watchfiles.main - INFO - 1 change detected
2026-03-15 03:57:23 - watchfiles.main - INFO - 1 change detected
2026-03-15 03:57:23 - watchfiles.main - INFO - 1 change detected
2026-03-15 03:57:23 - watchfiles.main - INFO - 1 change detected
2026-03-15 03:57:24 - watchfiles.main - INFO - 1 change detected
2026-03-15 03:57:24 - watchfiles.main - INFO - 1 change detected
2026-03-15 03:57:24 - watchfiles.main - INFO - 1 change detected
2026-03-15 03:57:25 - watchfiles.main - INFO - 1 change detected
2026-03-15 03:57:25 - watchfiles.main - INFO - 1 change detected
2026-03-15 03:57:26 - watchfiles.main - INFO - 1 change detected
2026-03-15 03:57:26 - watchfiles.main - INFO - 1 change detected
2026-03-15 03:57:26 - watchfiles.main - INFO - 1 change detected
2026-03-15 03:57:27 - watchfiles.main - INFO - 1 change detected
2026-03-15 03:57:27 - watchfiles.main - INFO - 1 change detected
2026-03-15 03:57:27 - watchfiles.main - INFO - 1 change detected
2026-03-15 03:57:28 - watchfiles.main - INFO - 1 change detected
2026-03-15 03:57:28 - watchfiles.main - INFO - 1 change detected
2026-03-15 03:57:29 - watchfiles.main - INFO - 1 change detected
2026-03-15 03:57:29 - watchfiles.main - INFO - 1 change detected
2026-03-15 03:57:29 - watchfiles.main - INFO - 1 change detected
2026-03-15 03:57:30 - watchfiles.main - INFO - 1 change detected
2026-03-15 03:57:30 - watchfiles.main - INFO - 1 change detected
2026-03-15 03:57:31 - watchfiles.main - INFO - 1 change detected
2026-03-15 03:57:31 - watchfiles.main - INFO - 1 change detected
2026-03-15 03:57:31 - watchfiles.main - INFO - 1 change detected
2026-03-15 03:57:32 - watchfiles.main - INFO - 1 change detected
2026-03-15 03:57:32 - watchfiles.main - INFO - 1 change detected
2026-03-15 03:57:32 - watchfiles.main - INFO - 1 change detected
2026-03-15 03:57:33 - watchfiles.main - INFO - 1 change detected
2026-03-15 03:57:33 - watchfiles.main - INFO - 1 change detected
2026-03-15 03:57:34 - watchfiles.main - INFO - 1 change detected
2026-03-15 03:57:34 - watchfiles.main - INFO - 1 change detected
2026-03-15 03:57:34 - watchfiles.main - INFO - 1 change detected
